instancia;capacidade;algoritmo;alpha;iteracoes;bloco;semente;tempo;custo;media;melhor_alpha
tc40-1.txt;3;guloso;;1;;1783289133;0.000048;977.000000;;
tc40-1.txt;3;guloso;;1;;1783289134;0.000044;977.000000;;
tc40-1.txt;3;guloso;;1;;1783289135;0.000042;977.000000;;
tc40-1.txt;3;guloso;;1;;1783289136;0.000043;977.000000;;
tc40-1.txt;3;guloso;;1;;1783289137;0.000047;977.000000;;
tc40-1.txt;3;guloso;;1;;1783289138;0.000046;977.000000;;
tc40-1.txt;3;guloso;;1;;1783289139;0.000047;977.000000;;
tc40-1.txt;3;guloso;;1;;1783289140;0.000045;977.000000;;
tc40-1.txt;3;guloso;;1;;1783289141;0.000046;977.000000;;
tc40-1.txt;3;guloso;;1;;1783289142;0.000045;977.000000;;
tc40-1.txt;3;randomizado;0.050000;30;;1783289133;0.002319;1263.000000;1525.066667;
tc40-1.txt;3;randomizado;0.050000;30;;1783289134;0.002223;1135.000000;1523.333333;
tc40-1.txt;3;randomizado;0.050000;30;;1783289135;0.002136;1182.000000;1513.966667;
tc40-1.txt;3;randomizado;0.050000;30;;1783289136;0.002095;1277.000000;1477.700000;
tc40-1.txt;3;randomizado;0.050000;30;;1783289137;0.002064;1161.000000;1511.100000;
tc40-1.txt;3;randomizado;0.050000;30;;1783289138;0.002109;1251.000000;1493.400000;
tc40-1.txt;3;randomizado;0.050000;30;;1783289139;0.002054;1124.000000;1502.833333;
tc40-1.txt;3;randomizado;0.050000;30;;1783289140;0.002172;1297.000000;1484.900000;
tc40-1.txt;3;randomizado;0.050000;30;;1783289141;0.002271;1299.000000;1500.233333;
tc40-1.txt;3;randomizado;0.050000;30;;1783289142;0.002234;1173.000000;1509.166667;
tc40-1.txt;3;randomizado;0.150000;30;;1783289133;0.002264;1645.000000;2000.166667;
tc40-1.txt;3;randomizado;0.150000;30;;1783289134;0.002222;1331.000000;1998.133333;
tc40-1.txt;3;randomizado;0.150000;30;;1783289135;0.002265;1633.000000;1996.200000;
tc40-1.txt;3;randomizado;0.150000;30;;1783289136;0.002160;1731.000000;2034.666667;
tc40-1.txt;3;randomizado;0.150000;30;;1783289137;0.002166;1420.000000;1976.533333;
tc40-1.txt;3;randomizado;0.150000;30;;1783289138;0.002144;1632.000000;2001.000000;
tc40-1.txt;3;randomizado;0.150000;30;;1783289139;0.002148;1540.000000;2002.933333;
tc40-1.txt;3;randomizado;0.150000;30;;1783289140;0.002166;1568.000000;2010.366667;
tc40-1.txt;3;randomizado;0.150000;30;;1783289141;0.002152;1328.000000;1932.766667;
tc40-1.txt;3;randomizado;0.150000;30;;1783289142;0.002187;1684.000000;2078.133333;
tc40-1.txt;3;randomizado;0.300000;30;;1783289133;0.002158;1713.000000;2014.266667;
tc40-1.txt;3;randomizado;0.300000;30;;1783289134;0.002246;1664.000000;2025.700000;
tc40-1.txt;3;randomizado;0.300000;30;;1783289135;0.002208;1561.000000;2018.333333;
tc40-1.txt;3;randomizado;0.300000;30;;1783289136;0.002194;1643.000000;2047.266667;
tc40-1.txt;3;randomizado;0.300000;30;;1783289137;0.002350;1532.000000;2006.233333;
tc40-1.txt;3;randomizado;0.300000;30;;1783289138;0.002302;1663.000000;2048.033333;
tc40-1.txt;3;randomizado;0.300000;30;;1783289139;0.002201;1677.000000;2054.066667;
tc40-1.txt;3;randomizado;0.300000;30;;1783289140;0.002085;1761.000000;2067.766667;
tc40-1.txt;3;randomizado;0.300000;30;;1783289141;0.002136;1545.000000;1981.966667;
tc40-1.txt;3;randomizado;0.300000;30;;1783289142;0.002186;1854.000000;2112.533333;
tc40-1.txt;3;reativo;;300;30;1783289133;0.021969;1193.000000;1854.570000;0.050000
tc40-1.txt;3;reativo;;300;30;1783289134;0.021788;1210.000000;1839.316667;0.050000
tc40-1.txt;3;reativo;;300;30;1783289135;0.022142;1221.000000;1845.310000;0.050000
tc40-1.txt;3;reativo;;300;30;1783289136;0.022268;1215.000000;1815.846667;0.050000
tc40-1.txt;3;reativo;;300;30;1783289137;0.022121;1086.000000;1807.946667;0.050000
tc40-1.txt;3;reativo;;300;30;1783289138;0.021439;1212.000000;1845.853333;0.050000
tc40-1.txt;3;reativo;;300;30;1783289139;0.022507;1248.000000;1841.796667;0.050000
tc40-1.txt;3;reativo;;300;30;1783289140;0.021881;1197.000000;1855.826667;0.050000
tc40-1.txt;3;reativo;;300;30;1783289141;0.021112;1238.000000;1850.993333;0.050000
tc40-1.txt;3;reativo;;300;30;1783289142;0.022087;1204.000000;1826.420000;0.050000
tc40-1.txt;5;guloso;;1;;1783289133;0.000054;706.000000;;
tc40-1.txt;5;guloso;;1;;1783289134;0.000045;706.000000;;
tc40-1.txt;5;guloso;;1;;1783289135;0.000044;706.000000;;
tc40-1.txt;5;guloso;;1;;1783289136;0.000043;706.000000;;
tc40-1.txt;5;guloso;;1;;1783289137;0.000042;706.000000;;
tc40-1.txt;5;guloso;;1;;1783289138;0.000045;706.000000;;
tc40-1.txt;5;guloso;;1;;1783289139;0.000044;706.000000;;
tc40-1.txt;5;guloso;;1;;1783289140;0.000042;706.000000;;
tc40-1.txt;5;guloso;;1;;1783289141;0.000041;706.000000;;
tc40-1.txt;5;guloso;;1;;1783289142;0.000047;706.000000;;
tc40-1.txt;5;randomizado;0.050000;30;;1783289133;0.002373;1114.000000;1439.800000;
tc40-1.txt;5;randomizado;0.050000;30;;1783289134;0.002390;1223.000000;1405.566667;
tc40-1.txt;5;randomizado;0.050000;30;;1783289135;0.002399;1140.000000;1411.466667;
tc40-1.txt;5;randomizado;0.050000;30;;1783289136;0.002438;1211.000000;1395.733333;
tc40-1.txt;5;randomizado;0.050000;30;;1783289137;0.002539;1215.000000;1417.066667;
tc40-1.txt;5;randomizado;0.050000;30;;1783289138;0.002437;1227.000000;1420.233333;
tc40-1.txt;5;randomizado;0.050000;30;;1783289139;0.002407;1182.000000;1419.433333;
tc40-1.txt;5;randomizado;0.050000;30;;1783289140;0.002469;1193.000000;1451.366667;
tc40-1.txt;5;randomizado;0.050000;30;;1783289141;0.002498;1085.000000;1395.233333;
tc40-1.txt;5;randomizado;0.050000;30;;1783289142;0.002355;1159.000000;1387.933333;
tc40-1.txt;5;randomizado;0.150000;30;;1783289133;0.002330;1534.000000;1997.633333;
tc40-1.txt;5;randomizado;0.150000;30;;1783289134;0.002425;1605.000000;2023.166667;
tc40-1.txt;5;randomizado;0.150000;30;;1783289135;0.002512;1554.000000;1992.366667;
tc40-1.txt;5;randomizado;0.150000;30;;1783289136;0.002652;1690.000000;2079.400000;
tc40-1.txt;5;randomizado;0.150000;30;;1783289137;0.002558;1720.000000;2029.166667;
tc40-1.txt;5;randomizado;0.150000;30;;1783289138;0.002822;1508.000000;2022.333333;
tc40-1.txt;5;randomizado;0.150000;30;;1783289139;0.002585;1508.000000;2025.000000;
tc40-1.txt;5;randomizado;0.150000;30;;1783289140;0.002427;1541.000000;1992.433333;
tc40-1.txt;5;randomizado;0.150000;30;;1783289141;0.002632;1657.000000;2058.500000;
tc40-1.txt;5;randomizado;0.150000;30;;1783289142;0.002845;1728.000000;2050.000000;
tc40-1.txt;5;randomizado;0.300000;30;;1783289133;0.002581;1386.000000;2018.966667;
tc40-1.txt;5;randomizado;0.300000;30;;1783289134;0.002580;1605.000000;2057.900000;
tc40-1.txt;5;randomizado;0.300000;30;;1783289135;0.002577;1696.000000;2062.600000;
tc40-1.txt;5;randomizado;0.300000;30;;1783289136;0.002713;1648.000000;2101.000000;
tc40-1.txt;5;randomizado;0.300000;30;;1783289137;0.002620;1690.000000;2062.833333;
tc40-1.txt;5;randomizado;0.300000;30;;1783289138;0.002619;1569.000000;2029.900000;
tc40-1.txt;5;randomizado;0.300000;30;;1783289139;0.002561;1661.000000;2055.700000;
tc40-1.txt;5;randomizado;0.300000;30;;1783289140;0.002411;1763.000000;2036.633333;
tc40-1.txt;5;randomizado;0.300000;30;;1783289141;0.002449;1685.000000;2041.233333;
tc40-1.txt;5;randomizado;0.300000;30;;1783289142;0.002433;1811.000000;2082.733333;
tc40-1.txt;5;reativo;;300;30;1783289133;0.024455;1062.000000;1796.113333;0.050000
tc40-1.txt;5;reativo;;300;30;1783289134;0.025748;1164.000000;1808.413333;0.050000
tc40-1.txt;5;reativo;;300;30;1783289135;0.027290;1154.000000;1776.506667;0.050000
tc40-1.txt;5;reativo;;300;30;1783289136;0.025504;1050.000000;1763.010000;0.050000
tc40-1.txt;5;reativo;;300;30;1783289137;0.024711;1082.000000;1766.080000;0.050000
tc40-1.txt;5;reativo;;300;30;1783289138;0.026389;1128.000000;1766.406667;0.050000
tc40-1.txt;5;reativo;;300;30;1783289139;0.025060;1098.000000;1792.083333;0.050000
tc40-1.txt;5;reativo;;300;30;1783289140;0.024978;1138.000000;1782.763333;0.050000
tc40-1.txt;5;reativo;;300;30;1783289141;0.024601;1154.000000;1796.683333;0.050000
tc40-1.txt;5;reativo;;300;30;1783289142;0.024727;1107.000000;1746.130000;0.050000
tc40-1.txt;10;guloso;;1;;1783289133;0.000048;681.000000;;
tc40-1.txt;10;guloso;;1;;1783289134;0.000047;681.000000;;
tc40-1.txt;10;guloso;;1;;1783289135;0.000047;681.000000;;
tc40-1.txt;10;guloso;;1;;1783289136;0.000046;681.000000;;
tc40-1.txt;10;guloso;;1;;1783289137;0.000050;681.000000;;
tc40-1.txt;10;guloso;;1;;1783289138;0.000048;681.000000;;
tc40-1.txt;10;guloso;;1;;1783289139;0.000051;681.000000;;
tc40-1.txt;10;guloso;;1;;1783289140;0.000051;681.000000;;
tc40-1.txt;10;guloso;;1;;1783289141;0.000049;681.000000;;
tc40-1.txt;10;guloso;;1;;1783289142;0.000055;681.000000;;
tc40-1.txt;10;randomizado;0.050000;30;;1783289133;0.003135;1152.000000;1357.633333;
tc40-1.txt;10;randomizado;0.050000;30;;1783289134;0.002949;1165.000000;1354.833333;
tc40-1.txt;10;randomizado;0.050000;30;;1783289135;0.002868;1171.000000;1403.766667;
tc40-1.txt;10;randomizado;0.050000;30;;1783289136;0.002863;1144.000000;1347.233333;
tc40-1.txt;10;randomizado;0.050000;30;;1783289137;0.002862;1096.000000;1403.133333;
tc40-1.txt;10;randomizado;0.050000;30;;1783289138;0.003183;1135.000000;1344.666667;
tc40-1.txt;10;randomizado;0.050000;30;;1783289139;0.003032;1196.000000;1387.966667;
tc40-1.txt;10;randomizado;0.050000;30;;1783289140;0.002863;1151.000000;1367.500000;
tc40-1.txt;10;randomizado;0.050000;30;;1783289141;0.002921;1059.000000;1380.233333;
tc40-1.txt;10;randomizado;0.050000;30;;1783289142;0.003115;1184.000000;1367.066667;
tc40-1.txt;10;randomizado;0.150000;30;;1783289133;0.002812;1599.000000;2031.233333;
tc40-1.txt;10;randomizado;0.150000;30;;1783289134;0.002873;1712.000000;2104.233333;
tc40-1.txt;10;randomizado;0.150000;30;;1783289135;0.002757;1731.000000;2056.533333;
tc40-1.txt;10;randomizado;0.150000;30;;1783289136;0.002695;1582.000000;2053.033333;
tc40-1.txt;10;randomizado;0.150000;30;;1783289137;0.002786;1824.000000;2060.566667;
tc40-1.txt;10;randomizado;0.150000;30;;1783289138;0.002822;1673.000000;2079.133333;
tc40-1.txt;10;randomizado;0.150000;30;;1783289139;0.002793;1679.000000;2009.266667;
tc40-1.txt;10;randomizado;0.150000;30;;1783289140;0.002615;1486.000000;2051.866667;
tc40-1.txt;10;randomizado;0.150000;30;;1783289141;0.002623;1674.000000;2037.500000;
tc40-1.txt;10;randomizado;0.150000;30;;1783289142;0.002744;1723.000000;2030.400000;
tc40-1.txt;10;randomizado;0.300000;30;;1783289133;0.002843;1702.000000;2047.700000;
tc40-1.txt;10;randomizado;0.300000;30;;1783289134;0.002719;1751.000000;2118.366667;
tc40-1.txt;10;randomizado;0.300000;30;;1783289135;0.002833;1778.000000;2067.766667;
tc40-1.txt;10;randomizado;0.300000;30;;1783289136;0.002868;1805.000000;2078.566667;
tc40-1.txt;10;randomizado;0.300000;30;;1783289137;0.002822;1841.000000;2077.800000;
tc40-1.txt;10;randomizado;0.300000;30;;1783289138;0.002705;1832.000000;2104.900000;
tc40-1.txt;10;randomizado;0.300000;30;;1783289139;0.002954;1769.000000;2044.733333;
tc40-1.txt;10;randomizado;0.300000;30;;1783289140;0.002844;1526.000000;2060.566667;
tc40-1.txt;10;randomizado;0.300000;30;;1783289141;0.002794;1814.000000;2060.566667;
tc40-1.txt;10;randomizado;0.300000;30;;1783289142;0.002872;1732.000000;2044.233333;
tc40-1.txt;10;reativo;;300;30;1783289133;0.028781;1100.000000;1797.840000;0.050000
tc40-1.txt;10;reativo;;300;30;1783289134;0.027877;1104.000000;1802.330000;0.050000
tc40-1.txt;10;reativo;;300;30;1783289135;0.028014;1069.000000;1774.213333;0.050000
tc40-1.txt;10;reativo;;300;30;1783289136;0.028758;1020.000000;1767.293333;0.050000
tc40-1.txt;10;reativo;;300;30;1783289137;0.028233;1073.000000;1779.233333;0.050000
tc40-1.txt;10;reativo;;300;30;1783289138;0.027585;1085.000000;1758.606667;0.050000
tc40-1.txt;10;reativo;;300;30;1783289139;0.027293;981.000000;1778.280000;0.050000
tc40-1.txt;10;reativo;;300;30;1783289140;0.027508;1051.000000;1790.353333;0.050000
tc40-1.txt;10;reativo;;300;30;1783289141;0.028352;1012.000000;1801.133333;0.050000
tc40-1.txt;10;reativo;;300;30;1783289142;0.028276;1113.000000;1758.976667;0.050000
tc40-2.txt;3;guloso;;1;;1783289133;0.000046;1029.000000;;
tc40-2.txt;3;guloso;;1;;1783289134;0.000051;1029.000000;;
tc40-2.txt;3;guloso;;1;;1783289135;0.000044;1029.000000;;
tc40-2.txt;3;guloso;;1;;1783289136;0.000045;1029.000000;;
tc40-2.txt;3;guloso;;1;;1783289137;0.000047;1029.000000;;
tc40-2.txt;3;guloso;;1;;1783289138;0.000045;1029.000000;;
tc40-2.txt;3;guloso;;1;;1783289139;0.000048;1029.000000;;
tc40-2.txt;3;guloso;;1;;1783289140;0.000042;1029.000000;;
tc40-2.txt;3;guloso;;1;;1783289141;0.000041;1029.000000;;
tc40-2.txt;3;guloso;;1;;1783289142;0.000040;1029.000000;;
tc40-2.txt;3;randomizado;0.050000;30;;1783289133;0.002161;1308.000000;1542.533333;
tc40-2.txt;3;randomizado;0.050000;30;;1783289134;0.002025;1253.000000;1511.733333;
tc40-2.txt;3;randomizado;0.050000;30;;1783289135;0.002087;1246.000000;1513.533333;
tc40-2.txt;3;randomizado;0.050000;30;;1783289136;0.002206;1262.000000;1506.266667;
tc40-2.txt;3;randomizado;0.050000;30;;1783289137;0.002006;1369.000000;1522.000000;
tc40-2.txt;3;randomizado;0.050000;30;;1783289138;0.002043;1315.000000;1508.466667;
tc40-2.txt;3;randomizado;0.050000;30;;1783289139;0.002199;1343.000000;1527.633333;
tc40-2.txt;3;randomizado;0.050000;30;;1783289140;0.002085;1321.000000;1492.933333;
tc40-2.txt;3;randomizado;0.050000;30;;1783289141;0.002023;1282.000000;1534.700000;
tc40-2.txt;3;randomizado;0.050000;30;;1783289142;0.002072;1277.000000;1550.366667;
tc40-2.txt;3;randomizado;0.150000;30;;1783289133;0.002078;1507.000000;1913.133333;
tc40-2.txt;3;randomizado;0.150000;30;;1783289134;0.002232;1472.000000;1960.166667;
tc40-2.txt;3;randomizado;0.150000;30;;1783289135;0.002147;1560.000000;1883.600000;
tc40-2.txt;3;randomizado;0.150000;30;;1783289136;0.002100;1524.000000;1984.000000;
tc40-2.txt;3;randomizado;0.150000;30;;1783289137;0.002148;1529.000000;1921.900000;
tc40-2.txt;3;randomizado;0.150000;30;;1783289138;0.002084;1730.000000;1961.033333;
tc40-2.txt;3;randomizado;0.150000;30;;1783289139;0.002209;1641.000000;1985.633333;
tc40-2.txt;3;randomizado;0.150000;30;;1783289140;0.002193;1619.000000;1987.166667;
tc40-2.txt;3;randomizado;0.150000;30;;1783289141;0.002142;1482.000000;1928.400000;
tc40-2.txt;3;randomizado;0.150000;30;;1783289142;0.002186;1660.000000;1977.900000;
tc40-2.txt;3;randomizado;0.300000;30;;1783289133;0.002423;1696.000000;1972.166667;
tc40-2.txt;3;randomizado;0.300000;30;;1783289134;0.002249;1638.000000;2003.600000;
tc40-2.txt;3;randomizado;0.300000;30;;1783289135;0.002309;1537.000000;1925.133333;
tc40-2.txt;3;randomizado;0.300000;30;;1783289136;0.002201;1649.000000;1988.366667;
tc40-2.txt;3;randomizado;0.300000;30;;1783289137;0.002282;1637.000000;1948.966667;
tc40-2.txt;3;randomizado;0.300000;30;;1783289138;0.002151;1612.000000;1988.566667;
tc40-2.txt;3;randomizado;0.300000;30;;1783289139;0.002221;1731.000000;2011.733333;
tc40-2.txt;3;randomizado;0.300000;30;;1783289140;0.002204;1740.000000;2012.633333;
tc40-2.txt;3;randomizado;0.300000;30;;1783289141;0.002289;1635.000000;1963.066667;
tc40-2.txt;3;randomizado;0.300000;30;;1783289142;0.002327;1653.000000;1983.633333;
tc40-2.txt;3;reativo;;300;30;1783289133;0.022101;1263.000000;1819.153333;0.050000
tc40-2.txt;3;reativo;;300;30;1783289134;0.021728;1237.000000;1808.796667;0.050000
tc40-2.txt;3;reativo;;300;30;1783289135;0.023822;1253.000000;1814.993333;0.050000
tc40-2.txt;3;reativo;;300;30;1783289136;0.022184;1213.000000;1803.483333;0.050000
tc40-2.txt;3;reativo;;300;30;1783289137;0.022079;1261.000000;1793.323333;0.050000
tc40-2.txt;3;reativo;;300;30;1783289138;0.022957;1243.000000;1806.316667;0.050000
tc40-2.txt;3;reativo;;300;30;1783289139;0.021611;1241.000000;1808.170000;0.050000
tc40-2.txt;3;reativo;;300;30;1783289140;0.021749;1260.000000;1817.833333;0.050000
tc40-2.txt;3;reativo;;300;30;1783289141;0.021288;1273.000000;1830.120000;0.050000
tc40-2.txt;3;reativo;;300;30;1783289142;0.021493;1217.000000;1792.753333;0.050000
tc40-2.txt;5;guloso;;1;;1783289133;0.000047;822.000000;;
tc40-2.txt;5;guloso;;1;;1783289134;0.000048;822.000000;;
tc40-2.txt;5;guloso;;1;;1783289135;0.000049;822.000000;;
tc40-2.txt;5;guloso;;1;;1783289136;0.000046;822.000000;;
tc40-2.txt;5;guloso;;1;;1783289137;0.000049;822.000000;;
tc40-2.txt;5;guloso;;1;;1783289138;0.000043;822.000000;;
tc40-2.txt;5;guloso;;1;;1783289139;0.000041;822.000000;;
tc40-2.txt;5;guloso;;1;;1783289140;0.000041;822.000000;;
tc40-2.txt;5;guloso;;1;;1783289141;0.000045;822.000000;;
tc40-2.txt;5;guloso;;1;;1783289142;0.000043;822.000000;;
tc40-2.txt;5;randomizado;0.050000;30;;1783289133;0.002404;1202.000000;1393.033333;
tc40-2.txt;5;randomizado;0.050000;30;;1783289134;0.002364;1172.000000;1410.566667;
tc40-2.txt;5;randomizado;0.050000;30;;1783289135;0.002442;1212.000000;1414.400000;
tc40-2.txt;5;randomizado;0.050000;30;;1783289136;0.002287;1195.000000;1405.700000;
tc40-2.txt;5;randomizado;0.050000;30;;1783289137;0.002416;1122.000000;1392.700000;
tc40-2.txt;5;randomizado;0.050000;30;;1783289138;0.002395;1174.000000;1431.033333;
tc40-2.txt;5;randomizado;0.050000;30;;1783289139;0.002338;1198.000000;1444.566667;
tc40-2.txt;5;randomizado;0.050000;30;;1783289140;0.002207;1165.000000;1400.700000;
tc40-2.txt;5;randomizado;0.050000;30;;1783289141;0.002308;1224.000000;1441.333333;
tc40-2.txt;5;randomizado;0.050000;30;;1783289142;0.002225;1160.000000;1402.066667;
tc40-2.txt;5;randomizado;0.150000;30;;1783289133;0.002320;1662.000000;1954.466667;
tc40-2.txt;5;randomizado;0.150000;30;;1783289134;0.002319;1553.000000;1876.666667;
tc40-2.txt;5;randomizado;0.150000;30;;1783289135;0.002279;1351.000000;1897.700000;
tc40-2.txt;5;randomizado;0.150000;30;;1783289136;0.002311;1618.000000;1960.633333;
tc40-2.txt;5;randomizado;0.150000;30;;1783289137;0.002288;1717.000000;1996.066667;
tc40-2.txt;5;randomizado;0.150000;30;;1783289138;0.002350;1494.000000;1894.033333;
tc40-2.txt;5;randomizado;0.150000;30;;1783289139;0.002444;1629.000000;1950.633333;
tc40-2.txt;5;randomizado;0.150000;30;;1783289140;0.002344;1513.000000;1892.066667;
tc40-2.txt;5;randomizado;0.150000;30;;1783289141;0.002309;1432.000000;1911.533333;
tc40-2.txt;5;randomizado;0.150000;30;;1783289142;0.002598;1667.000000;1954.333333;
tc40-2.txt;5;randomizado;0.300000;30;;1783289133;0.002383;1752.000000;2001.266667;
tc40-2.txt;5;randomizado;0.300000;30;;1783289134;0.002474;1721.000000;1930.600000;
tc40-2.txt;5;randomizado;0.300000;30;;1783289135;0.002554;1531.000000;1937.033333;
tc40-2.txt;5;randomizado;0.300000;30;;1783289136;0.002349;1532.000000;1954.200000;
tc40-2.txt;5;randomizado;0.300000;30;;1783289137;0.002376;1701.000000;1975.033333;
tc40-2.txt;5;randomizado;0.300000;30;;1783289138;0.002330;1526.000000;1928.733333;
tc40-2.txt;5;randomizado;0.300000;30;;1783289139;0.002296;1531.000000;1963.400000;
tc40-2.txt;5;randomizado;0.300000;30;;1783289140;0.002438;1579.000000;1893.233333;
tc40-2.txt;5;randomizado;0.300000;30;;1783289141;0.002315;1619.000000;1941.400000;
tc40-2.txt;5;randomizado;0.300000;30;;1783289142;0.002446;1667.000000;1988.633333;
tc40-2.txt;5;reativo;;300;30;1783289133;0.023526;1164.000000;1746.486667;0.050000
tc40-2.txt;5;reativo;;300;30;1783289134;0.024547;1088.000000;1731.066667;0.050000
tc40-2.txt;5;reativo;;300;30;1783289135;0.023580;1119.000000;1706.103333;0.050000
tc40-2.txt;5;reativo;;300;30;1783289136;0.023753;1092.000000;1704.896667;0.050000
tc40-2.txt;5;reativo;;300;30;1783289137;0.024633;1160.000000;1715.670000;0.050000
tc40-2.txt;5;reativo;;300;30;1783289138;0.024686;1175.000000;1705.480000;0.050000
tc40-2.txt;5;reativo;;300;30;1783289139;0.025460;1191.000000;1736.833333;0.050000
tc40-2.txt;5;reativo;;300;30;1783289140;0.025062;1180.000000;1730.333333;0.050000
tc40-2.txt;5;reativo;;300;30;1783289141;0.024362;1127.000000;1741.866667;0.050000
tc40-2.txt;5;reativo;;300;30;1783289142;0.024098;1072.000000;1706.150000;0.050000
tc40-2.txt;10;guloso;;1;;1783289133;0.000049;564.000000;;
tc40-2.txt;10;guloso;;1;;1783289134;0.000049;564.000000;;
tc40-2.txt;10;guloso;;1;;1783289135;0.000046;564.000000;;
tc40-2.txt;10;guloso;;1;;1783289136;0.000047;564.000000;;
tc40-2.txt;10;guloso;;1;;1783289137;0.000049;564.000000;;
tc40-2.txt;10;guloso;;1;;1783289138;0.000045;564.000000;;
tc40-2.txt;10;guloso;;1;;1783289139;0.000046;564.000000;;
tc40-2.txt;10;guloso;;1;;1783289140;0.000043;564.000000;;
tc40-2.txt;10;guloso;;1;;1783289141;0.000044;564.000000;;
tc40-2.txt;10;guloso;;1;;1783289142;0.000043;564.000000;;
tc40-2.txt;10;randomizado;0.050000;30;;1783289133;0.002685;1093.000000;1378.000000;
tc40-2.txt;10;randomizado;0.050000;30;;1783289134;0.002693;1072.000000;1373.933333;
tc40-2.txt;10;randomizado;0.050000;30;;1783289135;0.002638;1176.000000;1378.566667;
tc40-2.txt;10;randomizado;0.050000;30;;1783289136;0.002769;1185.000000;1356.933333;
tc40-2.txt;10;randomizado;0.050000;30;;1783289137;0.002699;1159.000000;1366.266667;
tc40-2.txt;10;randomizado;0.050000;30;;1783289138;0.003193;968.000000;1369.800000;
tc40-2.txt;10;randomizado;0.050000;30;;1783289139;0.002829;1220.000000;1391.366667;
tc40-2.txt;10;randomizado;0.050000;30;;1783289140;0.002709;1185.000000;1374.700000;
tc40-2.txt;10;randomizado;0.050000;30;;1783289141;0.002832;1209.000000;1384.333333;
tc40-2.txt;10;randomizado;0.050000;30;;1783289142;0.002714;1060.000000;1356.800000;
tc40-2.txt;10;randomizado;0.150000;30;;1783289133;0.002717;1392.000000;1951.766667;
tc40-2.txt;10;randomizado;0.150000;30;;1783289134;0.002590;1554.000000;1941.866667;
tc40-2.txt;10;randomizado;0.150000;30;;1783289135;0.002543;1614.000000;1885.766667;
tc40-2.txt;10;randomizado;0.150000;30;;1783289136;0.002725;1643.000000;1929.200000;
tc40-2.txt;10;randomizado;0.150000;30;;1783289137;0.002551;1453.000000;1891.566667;
tc40-2.txt;10;randomizado;0.150000;30;;1783289138;0.002523;1686.000000;1908.500000;
tc40-2.txt;10;randomizado;0.150000;30;;1783289139;0.002600;1507.000000;1905.633333;
tc40-2.txt;10;randomizado;0.150000;30;;1783289140;0.002689;1528.000000;1919.033333;
tc40-2.txt;10;randomizado;0.150000;30;;1783289141;0.002747;1622.000000;1897.966667;
tc40-2.txt;10;randomizado;0.150000;30;;1783289142;0.002553;1491.000000;1932.333333;
tc40-2.txt;10;randomizado;0.300000;30;;1783289133;0.002653;1376.000000;1988.433333;
tc40-2.txt;10;randomizado;0.300000;30;;1783289134;0.003028;1565.000000;1957.800000;
tc40-2.txt;10;randomizado;0.300000;30;;1783289135;0.002614;1470.000000;1892.866667;
tc40-2.txt;10;randomizado;0.300000;30;;1783289136;0.002586;1671.000000;1945.266667;
tc40-2.txt;10;randomizado;0.300000;30;;1783289137;0.002573;1484.000000;1904.200000;
tc40-2.txt;10;randomizado;0.300000;30;;1783289138;0.002552;1686.000000;1933.233333;
tc40-2.txt;10;randomizado;0.300000;30;;1783289139;0.002741;1630.000000;1916.433333;
tc40-2.txt;10;randomizado;0.300000;30;;1783289140;0.002661;1651.000000;1936.533333;
tc40-2.txt;10;randomizado;0.300000;30;;1783289141;0.002800;1666.000000;1920.400000;
tc40-2.txt;10;randomizado;0.300000;30;;1783289142;0.002685;1533.000000;1948.266667;
tc40-2.txt;10;reativo;;300;30;1783289133;0.027311;1073.000000;1707.726667;0.050000
tc40-2.txt;10;reativo;;300;30;1783289134;0.027026;1026.000000;1707.530000;0.050000
tc40-2.txt;10;reativo;;300;30;1783289135;0.027281;1019.000000;1705.366667;0.050000
tc40-2.txt;10;reativo;;300;30;1783289136;0.026773;1068.000000;1686.693333;0.050000
tc40-2.txt;10;reativo;;300;30;1783289137;0.028871;1121.000000;1682.850000;0.050000
tc40-2.txt;10;reativo;;300;30;1783289138;0.027296;1068.000000;1687.166667;0.050000
tc40-2.txt;10;reativo;;300;30;1783289139;0.026393;1135.000000;1698.663333;0.050000
tc40-2.txt;10;reativo;;300;30;1783289140;0.026713;1121.000000;1711.560000;0.050000
tc40-2.txt;10;reativo;;300;30;1783289141;0.027161;1100.000000;1710.650000;0.050000
tc40-2.txt;10;reativo;;300;30;1783289142;0.028382;1060.000000;1689.503333;0.050000
tc40-3.txt;3;guloso;;1;;1783289133;0.000049;910.000000;;
tc40-3.txt;3;guloso;;1;;1783289134;0.000046;910.000000;;
tc40-3.txt;3;guloso;;1;;1783289135;0.000046;910.000000;;
tc40-3.txt;3;guloso;;1;;1783289136;0.000044;910.000000;;
tc40-3.txt;3;guloso;;1;;1783289137;0.000042;910.000000;;
tc40-3.txt;3;guloso;;1;;1783289138;0.000042;910.000000;;
tc40-3.txt;3;guloso;;1;;1783289139;0.000041;910.000000;;
tc40-3.txt;3;guloso;;1;;1783289140;0.000043;910.000000;;
tc40-3.txt;3;guloso;;1;;1783289141;0.000048;910.000000;;
tc40-3.txt;3;guloso;;1;;1783289142;0.000042;910.000000;;
tc40-3.txt;3;randomizado;0.050000;30;;1783289133;0.002192;1187.000000;1428.200000;
tc40-3.txt;3;randomizado;0.050000;30;;1783289134;0.002365;1146.000000;1428.300000;
tc40-3.txt;3;randomizado;0.050000;30;;1783289135;0.002311;1197.000000;1422.300000;
tc40-3.txt;3;randomizado;0.050000;30;;1783289136;0.002244;1236.000000;1430.733333;
tc40-3.txt;3;randomizado;0.050000;30;;1783289137;0.002597;1286.000000;1427.133333;
tc40-3.txt;3;randomizado;0.050000;30;;1783289138;0.002206;1239.000000;1464.066667;
tc40-3.txt;3;randomizado;0.050000;30;;1783289139;0.002223;1281.000000;1452.833333;
tc40-3.txt;3;randomizado;0.050000;30;;1783289140;0.002366;1249.000000;1440.300000;
tc40-3.txt;3;randomizado;0.050000;30;;1783289141;0.002502;1183.000000;1443.700000;
tc40-3.txt;3;randomizado;0.050000;30;;1783289142;0.002437;1199.000000;1433.966667;
tc40-3.txt;3;randomizado;0.150000;30;;1783289133;0.002413;1522.000000;1732.466667;
tc40-3.txt;3;randomizado;0.150000;30;;1783289134;0.002192;1482.000000;1779.366667;
tc40-3.txt;3;randomizado;0.150000;30;;1783289135;0.002202;1427.000000;1720.700000;
tc40-3.txt;3;randomizado;0.150000;30;;1783289136;0.002080;1226.000000;1785.666667;
tc40-3.txt;3;randomizado;0.150000;30;;1783289137;0.002106;1390.000000;1807.933333;
tc40-3.txt;3;randomizado;0.150000;30;;1783289138;0.002110;1465.000000;1781.566667;
tc40-3.txt;3;randomizado;0.150000;30;;1783289139;0.002113;1357.000000;1795.166667;
tc40-3.txt;3;randomizado;0.150000;30;;1783289140;0.002034;1432.000000;1771.566667;
tc40-3.txt;3;randomizado;0.150000;30;;1783289141;0.002195;1409.000000;1733.200000;
tc40-3.txt;3;randomizado;0.150000;30;;1783289142;0.002336;1517.000000;1816.533333;
tc40-3.txt;3;randomizado;0.300000;30;;1783289133;0.002344;1505.000000;1770.033333;
tc40-3.txt;3;randomizado;0.300000;30;;1783289134;0.002457;1436.000000;1786.333333;
tc40-3.txt;3;randomizado;0.300000;30;;1783289135;0.002554;1540.000000;1804.900000;
tc40-3.txt;3;randomizado;0.300000;30;;1783289136;0.002567;1438.000000;1812.366667;
tc40-3.txt;3;randomizado;0.300000;30;;1783289137;0.002376;1556.000000;1861.600000;
tc40-3.txt;3;randomizado;0.300000;30;;1783289138;0.002424;1525.000000;1843.933333;
tc40-3.txt;3;randomizado;0.300000;30;;1783289139;0.002380;1469.000000;1829.800000;
tc40-3.txt;3;randomizado;0.300000;30;;1783289140;0.002152;1565.000000;1820.166667;
tc40-3.txt;3;randomizado;0.300000;30;;1783289141;0.002495;1449.000000;1759.333333;
tc40-3.txt;3;randomizado;0.300000;30;;1783289142;0.003224;1683.000000;1836.266667;
tc40-3.txt;3;reativo;;300;30;1783289133;0.024128;1133.000000;1682.676667;0.050000
tc40-3.txt;3;reativo;;300;30;1783289134;0.025156;1185.000000;1662.710000;0.050000
tc40-3.txt;3;reativo;;300;30;1783289135;0.023174;1121.000000;1673.373333;0.050000
tc40-3.txt;3;reativo;;300;30;1783289136;0.021914;1136.000000;1651.106667;0.050000
tc40-3.txt;3;reativo;;300;30;1783289137;0.022628;1187.000000;1660.333333;0.050000
tc40-3.txt;3;reativo;;300;30;1783289138;0.023829;1194.000000;1667.826667;0.050000
tc40-3.txt;3;reativo;;300;30;1783289139;0.023217;1092.000000;1662.856667;0.050000
tc40-3.txt;3;reativo;;300;30;1783289140;0.022745;1150.000000;1687.250000;0.050000
tc40-3.txt;3;reativo;;300;30;1783289141;0.023081;1113.000000;1668.896667;0.050000
tc40-3.txt;3;reativo;;300;30;1783289142;0.022253;1121.000000;1661.333333;0.050000
tc40-3.txt;5;guloso;;1;;1783289133;0.000046;724.000000;;
tc40-3.txt;5;guloso;;1;;1783289134;0.000044;724.000000;;
tc40-3.txt;5;guloso;;1;;1783289135;0.000044;724.000000;;
tc40-3.txt;5;guloso;;1;;1783289136;0.000042;724.000000;;
tc40-3.txt;5;guloso;;1;;1783289137;0.000041;724.000000;;
tc40-3.txt;5;guloso;;1;;1783289138;0.000040;724.000000;;
tc40-3.txt;5;guloso;;1;;1783289139;0.000042;724.000000;;
tc40-3.txt;5;guloso;;1;;1783289140;0.000044;724.000000;;
tc40-3.txt;5;guloso;;1;;1783289141;0.000041;724.000000;;
tc40-3.txt;5;guloso;;1;;1783289142;0.000045;724.000000;;
tc40-3.txt;5;randomizado;0.050000;30;;1783289133;0.002626;1149.000000;1397.900000;
tc40-3.txt;5;randomizado;0.050000;30;;1783289134;0.002691;1187.000000;1398.233333;
tc40-3.txt;5;randomizado;0.050000;30;;1783289135;0.002660;1227.000000;1409.900000;
tc40-3.txt;5;randomizado;0.050000;30;;1783289136;0.002602;1167.000000;1407.966667;
tc40-3.txt;5;randomizado;0.050000;30;;1783289137;0.002678;1128.000000;1368.166667;
tc40-3.txt;5;randomizado;0.050000;30;;1783289138;0.002719;1225.000000;1410.166667;
tc40-3.txt;5;randomizado;0.050000;30;;1783289139;0.002586;1160.000000;1413.233333;
tc40-3.txt;5;randomizado;0.050000;30;;1783289140;0.002663;1279.000000;1426.400000;
tc40-3.txt;5;randomizado;0.050000;30;;1783289141;0.002577;1270.000000;1376.366667;
tc40-3.txt;5;randomizado;0.050000;30;;1783289142;0.002559;1096.000000;1429.466667;
tc40-3.txt;5;randomizado;0.150000;30;;1783289133;0.002382;1430.000000;1786.500000;
tc40-3.txt;5;randomizado;0.150000;30;;1783289134;0.002462;1473.000000;1815.633333;
tc40-3.txt;5;randomizado;0.150000;30;;1783289135;0.002337;1627.000000;1833.833333;
tc40-3.txt;5;randomizado;0.150000;30;;1783289136;0.002321;1502.000000;1838.200000;
tc40-3.txt;5;randomizado;0.150000;30;;1783289137;0.002314;1614.000000;1849.666667;
tc40-3.txt;5;randomizado;0.150000;30;;1783289138;0.002541;1396.000000;1840.233333;
tc40-3.txt;5;randomizado;0.150000;30;;1783289139;0.002391;1456.000000;1779.166667;
tc40-3.txt;5;randomizado;0.150000;30;;1783289140;0.002578;1470.000000;1787.700000;
tc40-3.txt;5;randomizado;0.150000;30;;1783289141;0.002549;1539.000000;1870.833333;
tc40-3.txt;5;randomizado;0.150000;30;;1783289142;0.002519;1410.000000;1811.566667;
tc40-3.txt;5;randomizado;0.300000;30;;1783289133;0.002291;1652.000000;1854.433333;
tc40-3.txt;5;randomizado;0.300000;30;;1783289134;0.002353;1442.000000;1820.100000;
tc40-3.txt;5;randomizado;0.300000;30;;1783289135;0.002554;1614.000000;1838.333333;
tc40-3.txt;5;randomizado;0.300000;30;;1783289136;0.002562;1615.000000;1894.666667;
tc40-3.txt;5;randomizado;0.300000;30;;1783289137;0.002611;1617.000000;1884.366667;
tc40-3.txt;5;randomizado;0.300000;30;;1783289138;0.002456;1551.000000;1860.733333;
tc40-3.txt;5;randomizado;0.300000;30;;1783289139;0.002468;1573.000000;1834.866667;
tc40-3.txt;5;randomizado;0.300000;30;;1783289140;0.002515;1539.000000;1808.700000;
tc40-3.txt;5;randomizado;0.300000;30;;1783289141;0.002511;1595.000000;1878.000000;
tc40-3.txt;5;randomizado;0.300000;30;;1783289142;0.002503;1576.000000;1840.833333;
tc40-3.txt;5;reativo;;300;30;1783289133;0.025180;1101.000000;1674.140000;0.050000
tc40-3.txt;5;reativo;;300;30;1783289134;0.026376;1076.000000;1671.466667;0.050000
tc40-3.txt;5;reativo;;300;30;1783289135;0.025061;1108.000000;1668.040000;0.050000
tc40-3.txt;5;reativo;;300;30;1783289136;0.026126;1188.000000;1661.106667;0.050000
tc40-3.txt;5;reativo;;300;30;1783289137;0.025552;1136.000000;1662.070000;0.050000
tc40-3.txt;5;reativo;;300;30;1783289138;0.025967;1099.000000;1642.553333;0.050000
tc40-3.txt;5;reativo;;300;30;1783289139;0.024816;1052.000000;1661.880000;0.050000
tc40-3.txt;5;reativo;;300;30;1783289140;0.024421;969.000000;1673.476667;0.050000
tc40-3.txt;5;reativo;;300;30;1783289141;0.025115;1019.000000;1675.503333;0.050000
tc40-3.txt;5;reativo;;300;30;1783289142;0.025947;1099.000000;1659.446667;0.050000
tc40-3.txt;10;guloso;;1;;1783289133;0.000046;586.000000;;
tc40-3.txt;10;guloso;;1;;1783289134;0.000046;586.000000;;
tc40-3.txt;10;guloso;;1;;1783289135;0.000052;586.000000;;
tc40-3.txt;10;guloso;;1;;1783289136;0.000049;586.000000;;
tc40-3.txt;10;guloso;;1;;1783289137;0.000045;586.000000;;
tc40-3.txt;10;guloso;;1;;1783289138;0.000046;586.000000;;
tc40-3.txt;10;guloso;;1;;1783289139;0.000049;586.000000;;
tc40-3.txt;10;guloso;;1;;1783289140;0.000049;586.000000;;
tc40-3.txt;10;guloso;;1;;1783289141;0.000047;586.000000;;
tc40-3.txt;10;guloso;;1;;1783289142;0.000049;586.000000;;
tc40-3.txt;10;randomizado;0.050000;30;;1783289133;0.003091;1205.000000;1400.266667;
tc40-3.txt;10;randomizado;0.050000;30;;1783289134;0.003073;1166.000000;1406.366667;
tc40-3.txt;10;randomizado;0.050000;30;;1783289135;0.003013;1237.000000;1391.633333;
tc40-3.txt;10;randomizado;0.050000;30;;1783289136;0.003135;1195.000000;1424.666667;
tc40-3.txt;10;randomizado;0.050000;30;;1783289137;0.003216;1108.000000;1398.633333;
tc40-3.txt;10;randomizado;0.050000;30;;1783289138;0.003075;1182.000000;1400.600000;
tc40-3.txt;10;randomizado;0.050000;30;;1783289139;0.003111;1051.000000;1383.900000;
tc40-3.txt;10;randomizado;0.050000;30;;1783289140;0.003081;1102.000000;1404.900000;
tc40-3.txt;10;randomizado;0.050000;30;;1783289141;0.003110;1224.000000;1406.466667;
tc40-3.txt;10;randomizado;0.050000;30;;1783289142;0.003086;1172.000000;1414.700000;
tc40-3.txt;10;randomizado;0.150000;30;;1783289133;0.002756;1595.000000;1855.500000;
tc40-3.txt;10;randomizado;0.150000;30;;1783289134;0.002680;1560.000000;1910.466667;
tc40-3.txt;10;randomizado;0.150000;30;;1783289135;0.002661;1401.000000;1853.866667;
tc40-3.txt;10;randomizado;0.150000;30;;1783289136;0.002645;1467.000000;1878.466667;
tc40-3.txt;10;randomizado;0.150000;30;;1783289137;0.002597;1522.000000;1857.200000;
tc40-3.txt;10;randomizado;0.150000;30;;1783289138;0.002555;1705.000000;1958.533333;
tc40-3.txt;10;randomizado;0.150000;30;;1783289139;0.002724;1500.000000;1849.266667;
tc40-3.txt;10;randomizado;0.150000;30;;1783289140;0.002770;1545.000000;1906.333333;
tc40-3.txt;10;randomizado;0.150000;30;;1783289141;0.002767;1710.000000;1897.933333;
tc40-3.txt;10;randomizado;0.150000;30;;1783289142;0.002772;1565.000000;1855.233333;
tc40-3.txt;10;randomizado;0.300000;30;;1783289133;0.002684;1622.000000;1874.233333;
tc40-3.txt;10;randomizado;0.300000;30;;1783289134;0.002717;1525.000000;1912.766667;
tc40-3.txt;10;randomizado;0.300000;30;;1783289135;0.002577;1452.000000;1900.033333;
tc40-3.txt;10;randomizado;0.300000;30;;1783289136;0.002632;1671.000000;1898.300000;
tc40-3.txt;10;randomizado;0.300000;30;;1783289137;0.002638;1528.000000;1871.566667;
tc40-3.txt;10;randomizado;0.300000;30;;1783289138;0.002564;1622.000000;1972.066667;
tc40-3.txt;10;randomizado;0.300000;30;;1783289139;0.002712;1584.000000;1872.433333;
tc40-3.txt;10;randomizado;0.300000;30;;1783289140;0.002671;1693.000000;1918.166667;
tc40-3.txt;10;randomizado;0.300000;30;;1783289141;0.002667;1686.000000;1906.766667;
tc40-3.txt;10;randomizado;0.300000;30;;1783289142;0.002723;1669.000000;1882.066667;
tc40-3.txt;10;reativo;;300;30;1783289133;0.028541;1065.000000;1703.440000;0.050000
tc40-3.txt;10;reativo;;300;30;1783289134;0.028855;1121.000000;1694.320000;0.050000
tc40-3.txt;10;reativo;;300;30;1783289135;0.028556;1111.000000;1688.830000;0.050000
tc40-3.txt;10;reativo;;300;30;1783289136;0.027824;1154.000000;1678.403333;0.050000
tc40-3.txt;10;reativo;;300;30;1783289137;0.028096;1152.000000;1698.726667;0.050000
tc40-3.txt;10;reativo;;300;30;1783289138;0.028969;1188.000000;1684.303333;0.050000
tc40-3.txt;10;reativo;;300;30;1783289139;0.027894;1136.000000;1685.480000;0.050000
tc40-3.txt;10;reativo;;300;30;1783289140;0.028030;1097.000000;1701.120000;0.050000
tc40-3.txt;10;reativo;;300;30;1783289141;0.027939;1125.000000;1703.556667;0.050000
tc40-3.txt;10;reativo;;300;30;1783289142;0.028530;1135.000000;1680.330000;0.050000
tc40-4.txt;3;guloso;;1;;1783289133;0.452138;998089.000000;;
tc40-4.txt;3;guloso;;1;;1783289134;0.463681;998089.000000;;
tc40-4.txt;3;guloso;;1;;1783289135;0.483715;998089.000000;;
tc40-4.txt;3;guloso;;1;;1783289136;0.533992;998089.000000;;
tc40-4.txt;3;guloso;;1;;1783289137;0.708203;998089.000000;;
tc40-4.txt;3;guloso;;1;;1783289138;1.820486;998089.000000;;
tc40-4.txt;3;guloso;;1;;1783289139;2.230188;998089.000000;;
tc40-4.txt;3;guloso;;1;;1783289140;2.191259;998089.000000;;
tc40-4.txt;3;guloso;;1;;1783289141;1.921732;998089.000000;;
tc40-4.txt;3;guloso;;1;;1783289142;2.104216;998089.000000;;
tc40-4.txt;3;randomizado;0.050000;30;;1783289133;28.394768;998089.000000;998423.033333;
tc40-4.txt;3;randomizado;0.050000;30;;1783289134;23.217870;998089.000000;998362.300000;
tc40-4.txt;3;randomizado;0.050000;30;;1783289135;13.833398;998089.000000;998483.766667;
tc40-4.txt;3;randomizado;0.050000;30;;1783289136;13.951647;998089.000000;998453.400000;
tc40-4.txt;3;randomizado;0.050000;30;;1783289137;13.704823;998089.000000;998514.133333;
tc40-4.txt;3;randomizado;0.050000;30;;1783289138;15.255444;998089.000000;998240.833333;
tc40-4.txt;3;randomizado;0.050000;30;;1783289139;26.318731;998089.000000;998514.133333;
tc40-4.txt;3;randomizado;0.050000;30;;1783289140;16.798909;998089.000000;998331.933333;
tc40-4.txt;3;randomizado;0.050000;30;;1783289141;13.637854;998089.000000;998331.933333;
tc40-4.txt;3;randomizado;0.050000;30;;1783289142;13.543951;998089.000000;998423.033333;
tc40-4.txt;3;randomizado;0.150000;30;;1783289133;13.578195;998089.000000;998423.033333;
tc40-4.txt;3;randomizado;0.150000;30;;1783289134;13.582199;998089.000000;998362.300000;
tc40-4.txt;3;randomizado;0.150000;30;;1783289135;13.506468;998089.000000;998483.766667;
tc40-4.txt;3;randomizado;0.150000;30;;1783289136;13.606013;998089.000000;998453.400000;
tc40-4.txt;3;randomizado;0.150000;30;;1783289137;13.834624;998089.000000;998514.133333;
tc40-4.txt;3;randomizado;0.150000;30;;1783289138;13.695436;998089.000000;998240.833333;
tc40-4.txt;3;randomizado;0.150000;30;;1783289139;13.688264;998089.000000;998514.133333;
tc40-4.txt;3;randomizado;0.150000;30;;1783289140;13.601503;998089.000000;998331.933333;
tc40-4.txt;3;randomizado;0.150000;30;;1783289141;13.558475;998089.000000;998331.933333;
tc40-4.txt;3;randomizado;0.150000;30;;1783289142;13.645848;998089.000000;998423.033333;
tc40-4.txt;3;randomizado;0.300000;30;;1783289133;13.425686;998089.000000;998423.033333;
tc40-4.txt;3;randomizado;0.300000;30;;1783289134;13.467899;998089.000000;998362.300000;
tc40-4.txt;3;randomizado;0.300000;30;;1783289135;13.722073;998089.000000;998483.766667;
tc40-4.txt;3;randomizado;0.300000;30;;1783289136;13.716919;998089.000000;998453.400000;
tc40-4.txt;3;randomizado;0.300000;30;;1783289137;13.635472;998089.000000;998514.133333;
tc40-4.txt;3;randomizado;0.300000;30;;1783289138;13.563102;998089.000000;998240.833333;
tc40-4.txt;3;randomizado;0.300000;30;;1783289139;13.250816;998089.000000;998514.133333;
tc40-4.txt;3;randomizado;0.300000;30;;1783289140;13.341609;998089.000000;998331.933333;
tc40-4.txt;3;randomizado;0.300000;30;;1783289141;13.263690;998089.000000;998331.933333;
tc40-4.txt;3;randomizado;0.300000;30;;1783289142;13.345902;998089.000000;998423.033333;
tc40-4.txt;3;reativo;;300;30;1783289133;134.300897;998089.000000;998371.410000;0.300000
tc40-4.txt;3;reativo;;300;30;1783289134;132.832805;998089.000000;998395.703333;0.050000
tc40-4.txt;3;reativo;;300;30;1783289135;143.451895;998089.000000;998353.190000;0.050000
tc40-4.txt;3;reativo;;300;30;1783289136;134.426196;998089.000000;998347.116667;0.050000
tc40-4.txt;3;reativo;;300;30;1783289137;132.539410;998089.000000;998350.153333;0.050000
tc40-4.txt;3;reativo;;300;30;1783289138;133.380819;998089.000000;998392.666667;0.050000
tc40-4.txt;3;reativo;;300;30;1783289139;136.246184;998089.000000;998401.776667;0.050000
tc40-4.txt;3;reativo;;300;30;1783289140;133.339242;998089.000000;998383.556667;0.050000
tc40-4.txt;3;reativo;;300;30;1783289141;132.802453;998089.000000;998368.373333;0.050000
tc40-4.txt;3;reativo;;300;30;1783289142;133.339811;998089.000000;998377.483333;0.050000
tc40-4.txt;5;guloso;;1;;1783289133;0.454120;998089.000000;;
tc40-4.txt;5;guloso;;1;;1783289134;0.467649;998089.000000;;
tc40-4.txt;5;guloso;;1;;1783289135;0.452536;998089.000000;;
tc40-4.txt;5;guloso;;1;;1783289136;0.453100;998089.000000;;
tc40-4.txt;5;guloso;;1;;1783289137;0.452373;998089.000000;;
tc40-4.txt;5;guloso;;1;;1783289138;0.456392;998089.000000;;
tc40-4.txt;5;guloso;;1;;1783289139;0.452534;998089.000000;;
tc40-4.txt;5;guloso;;1;;1783289140;0.468871;998089.000000;;
tc40-4.txt;5;guloso;;1;;1783289141;0.453288;998089.000000;;
tc40-4.txt;5;guloso;;1;;1783289142;0.456620;998089.000000;;
tc40-4.txt;5;randomizado;0.050000;30;;1783289133;13.685953;998089.000000;998301.566667;
tc40-4.txt;5;randomizado;0.050000;30;;1783289134;13.782202;998089.000000;998301.566667;
tc40-4.txt;5;randomizado;0.050000;30;;1783289135;13.778889;998089.000000;998392.666667;
tc40-4.txt;5;randomizado;0.050000;30;;1783289136;13.387874;998089.000000;998180.100000;
tc40-4.txt;5;randomizado;0.050000;30;;1783289137;13.523603;998089.000000;998362.300000;
tc40-4.txt;5;randomizado;0.050000;30;;1783289138;13.626951;998089.000000;998180.100000;
tc40-4.txt;5;randomizado;0.050000;30;;1783289139;13.591619;998089.000000;998240.833333;
tc40-4.txt;5;randomizado;0.050000;30;;1783289140;13.413999;998089.000000;998210.466667;
tc40-4.txt;5;randomizado;0.050000;30;;1783289141;13.440148;998089.000000;998362.300000;
tc40-4.txt;5;randomizado;0.050000;30;;1783289142;13.468464;998089.000000;998240.833333;
tc40-4.txt;5;randomizado;0.150000;30;;1783289133;13.664542;998089.000000;998301.566667;
tc40-4.txt;5;randomizado;0.150000;30;;1783289134;13.738319;998089.000000;998301.566667;
tc40-4.txt;5;randomizado;0.150000;30;;1783289135;13.465490;998089.000000;998392.666667;
tc40-4.txt;5;randomizado;0.150000;30;;1783289136;13.511019;998089.000000;998180.100000;
tc40-4.txt;5;randomizado;0.150000;30;;1783289137;13.507047;998089.000000;998362.300000;
tc40-4.txt;5;randomizado;0.150000;30;;1783289138;13.439410;998089.000000;998180.100000;
tc40-4.txt;5;randomizado;0.150000;30;;1783289139;13.575314;998089.000000;998240.833333;
tc40-4.txt;5;randomizado;0.150000;30;;1783289140;13.513339;998089.000000;998210.466667;
tc40-4.txt;5;randomizado;0.150000;30;;1783289141;13.695859;998089.000000;998362.300000;
tc40-4.txt;5;randomizado;0.150000;30;;1783289142;13.554942;998089.000000;998240.833333;
tc40-4.txt;5;randomizado;0.300000;30;;1783289133;13.422324;998089.000000;998301.566667;
tc40-4.txt;5;randomizado;0.300000;30;;1783289134;13.484361;998089.000000;998301.566667;
tc40-4.txt;5;randomizado;0.300000;30;;1783289135;13.788296;998089.000000;998392.666667;
tc40-4.txt;5;randomizado;0.300000;30;;1783289136;13.382147;998089.000000;998180.100000;
tc40-4.txt;5;randomizado;0.300000;30;;1783289137;13.556848;998089.000000;998362.300000;
tc40-4.txt;5;randomizado;0.300000;30;;1783289138;13.530377;998089.000000;998180.100000;
tc40-4.txt;5;randomizado;0.300000;30;;1783289139;13.473215;998089.000000;998240.833333;
tc40-4.txt;5;randomizado;0.300000;30;;1783289140;13.443352;998089.000000;998210.466667;
tc40-4.txt;5;randomizado;0.300000;30;;1783289141;13.602347;998089.000000;998362.300000;
tc40-4.txt;5;randomizado;0.300000;30;;1783289142;13.714710;998089.000000;998240.833333;
tc40-4.txt;5;reativo;;300;30;1783289133;134.654080;998089.000000;998286.383333;0.300000
tc40-4.txt;5;reativo;;300;30;1783289134;134.181937;998089.000000;998292.456667;0.050000
tc40-4.txt;5;reativo;;300;30;1783289135;134.271379;998089.000000;998283.346667;0.050000
tc40-4.txt;5;reativo;;300;30;1783289136;134.487719;998089.000000;998277.273333;0.050000
tc40-4.txt;5;reativo;;300;30;1783289137;134.909160;998089.000000;998246.906667;0.050000
tc40-4.txt;5;reativo;;300;30;1783289138;134.600811;998089.000000;998262.090000;0.050000
tc40-4.txt;5;reativo;;300;30;1783289139;135.570584;998089.000000;998259.053333;0.050000
tc40-4.txt;5;reativo;;300;30;1783289140;151.189968;998089.000000;998286.383333;0.050000
tc40-4.txt;5;reativo;;300;30;1783289141;130.752947;998089.000000;998265.126667;0.050000
tc40-4.txt;5;reativo;;300;30;1783289142;130.881542;998089.000000;998262.090000;0.050000
tc40-4.txt;10;guloso;;1;;1783289133;0.445286;998089.000000;;
tc40-4.txt;10;guloso;;1;;1783289134;0.446762;998089.000000;;
tc40-4.txt;10;guloso;;1;;1783289135;0.443974;998089.000000;;
tc40-4.txt;10;guloso;;1;;1783289136;0.448388;998089.000000;;
tc40-4.txt;10;guloso;;1;;1783289137;0.447843;998089.000000;;
tc40-4.txt;10;guloso;;1;;1783289138;0.448054;998089.000000;;
tc40-4.txt;10;guloso;;1;;1783289139;0.446277;998089.000000;;
tc40-4.txt;10;guloso;;1;;1783289140;0.447700;998089.000000;;
tc40-4.txt;10;guloso;;1;;1783289141;0.448123;998089.000000;;
tc40-4.txt;10;guloso;;1;;1783289142;0.446931;998089.000000;;
tc40-4.txt;10;randomizado;0.050000;30;;1783289133;13.989174;998089.000000;998240.833333;
tc40-4.txt;10;randomizado;0.050000;30;;1783289134;13.946908;998089.000000;998119.366667;
tc40-4.txt;10;randomizado;0.050000;30;;1783289135;13.871689;998089.000000;998210.466667;
tc40-4.txt;10;randomizado;0.050000;30;;1783289136;13.766828;998089.000000;998180.100000;
tc40-4.txt;10;randomizado;0.050000;30;;1783289137;13.940891;998089.000000;998180.100000;
tc40-4.txt;10;randomizado;0.050000;30;;1783289138;13.824582;998089.000000;998119.366667;
tc40-4.txt;10;randomizado;0.050000;30;;1783289139;13.929996;998089.000000;998240.833333;
tc40-4.txt;10;randomizado;0.050000;30;;1783289140;13.834686;998089.000000;998210.466667;
tc40-4.txt;10;randomizado;0.050000;30;;1783289141;13.727315;998089.000000;998180.100000;
tc40-4.txt;10;randomizado;0.050000;30;;1783289142;13.793863;998089.000000;998240.833333;
tc40-4.txt;10;randomizado;0.150000;30;;1783289133;13.804447;998089.000000;998240.833333;
tc40-4.txt;10;randomizado;0.150000;30;;1783289134;13.836626;998089.000000;998119.366667;
tc40-4.txt;10;randomizado;0.150000;30;;1783289135;13.883621;998089.000000;998210.466667;
tc40-4.txt;10;randomizado;0.150000;30;;1783289136;13.839258;998089.000000;998180.100000;
tc40-4.txt;10;randomizado;0.150000;30;;1783289137;13.775651;998089.000000;998180.100000;
tc40-4.txt;10;randomizado;0.150000;30;;1783289138;13.697389;998089.000000;998119.366667;
tc40-4.txt;10;randomizado;0.150000;30;;1783289139;13.686000;998089.000000;998240.833333;
tc40-4.txt;10;randomizado;0.150000;30;;1783289140;13.739123;998089.000000;998210.466667;
tc40-4.txt;10;randomizado;0.150000;30;;1783289141;13.592071;998089.000000;998180.100000;
tc40-4.txt;10;randomizado;0.150000;30;;1783289142;13.846664;998089.000000;998240.833333;
tc40-4.txt;10;randomizado;0.300000;30;;1783289133;14.176050;998089.000000;998240.833333;
tc40-4.txt;10;randomizado;0.300000;30;;1783289134;14.048831;998089.000000;998119.366667;
tc40-4.txt;10;randomizado;0.300000;30;;1783289135;14.152661;998089.000000;998210.466667;
tc40-4.txt;10;randomizado;0.300000;30;;1783289136;13.945907;998089.000000;998180.100000;
tc40-4.txt;10;randomizado;0.300000;30;;1783289137;14.192340;998089.000000;998180.100000;
tc40-4.txt;10;randomizado;0.300000;30;;1783289138;14.107380;998089.000000;998119.366667;
tc40-4.txt;10;randomizado;0.300000;30;;1783289139;14.049436;998089.000000;998240.833333;
tc40-4.txt;10;randomizado;0.300000;30;;1783289140;13.972855;998089.000000;998210.466667;
tc40-4.txt;10;randomizado;0.300000;30;;1783289141;13.680717;998089.000000;998180.100000;
tc40-4.txt;10;randomizado;0.300000;30;;1783289142;13.839832;998089.000000;998240.833333;
tc40-4.txt;10;reativo;;300;30;1783289133;139.357793;998089.000000;998195.283333;0.050000
tc40-4.txt;10;reativo;;300;30;1783289134;141.598070;998089.000000;998201.356667;0.050000
tc40-4.txt;10;reativo;;300;30;1783289135;222.024559;998089.000000;998180.100000;0.050000
tc40-4.txt;10;reativo;;300;30;1783289136;368.329181;998089.000000;998170.990000;0.050000
tc40-4.txt;10;reativo;;300;30;1783289137;366.641674;998089.000000;998170.990000;0.050000
tc40-4.txt;10;reativo;;300;30;1783289138;362.128896;998089.000000;998198.320000;0.150000
tc40-4.txt;10;reativo;;300;30;1783289139;369.883825;998089.000000;998177.063333;0.050000
tc40-4.txt;10;reativo;;300;30;1783289140;367.733377;998089.000000;998167.953333;0.300000
tc40-4.txt;10;reativo;;300;30;1783289141;363.924315;998089.000000;998164.916667;0.050000
tc40-4.txt;10;reativo;;300;30;1783289142;341.178868;998089.000000;998167.953333;0.050000
tc80-5.txt;5;guloso;;1;;1783289133;0.000420;1743.000000;;
tc80-5.txt;5;guloso;;1;;1783289134;0.000416;1743.000000;;
tc80-5.txt;5;guloso;;1;;1783289135;0.000416;1743.000000;;
tc80-5.txt;5;guloso;;1;;1783289136;0.000429;1743.000000;;
tc80-5.txt;5;guloso;;1;;1783289137;0.000484;1743.000000;;
tc80-5.txt;5;guloso;;1;;1783289138;0.000623;1743.000000;;
tc80-5.txt;5;guloso;;1;;1783289139;0.001076;1743.000000;;
tc80-5.txt;5;guloso;;1;;1783289140;0.001071;1743.000000;;
tc80-5.txt;5;guloso;;1;;1783289141;0.001022;1743.000000;;
tc80-5.txt;5;guloso;;1;;1783289142;0.001093;1743.000000;;
tc80-5.txt;5;randomizado;0.050000;30;;1783289133;0.036300;2377.000000;2887.933333;
tc80-5.txt;5;randomizado;0.050000;30;;1783289134;0.028578;2636.000000;2968.266667;
tc80-5.txt;5;randomizado;0.050000;30;;1783289135;0.016390;2533.000000;2909.433333;
tc80-5.txt;5;randomizado;0.050000;30;;1783289136;0.016792;2511.000000;2953.433333;
tc80-5.txt;5;randomizado;0.050000;30;;1783289137;0.020415;2654.000000;2995.366667;
tc80-5.txt;5;randomizado;0.050000;30;;1783289138;0.016614;2642.000000;2932.700000;
tc80-5.txt;5;randomizado;0.050000;30;;1783289139;0.019279;2477.000000;2892.000000;
tc80-5.txt;5;randomizado;0.050000;30;;1783289140;0.020491;2494.000000;2905.700000;
tc80-5.txt;5;randomizado;0.050000;30;;1783289141;0.025452;2386.000000;2936.366667;
tc80-5.txt;5;randomizado;0.050000;30;;1783289142;0.035871;2573.000000;2913.400000;
tc80-5.txt;5;randomizado;0.150000;30;;1783289133;0.035267;4135.000000;5005.866667;
tc80-5.txt;5;randomizado;0.150000;30;;1783289134;0.041278;4296.000000;5090.833333;
tc80-5.txt;5;randomizado;0.150000;30;;1783289135;0.042674;4082.000000;5062.666667;
tc80-5.txt;5;randomizado;0.150000;30;;1783289136;0.050125;3969.000000;5172.433333;
tc80-5.txt;5;randomizado;0.150000;30;;1783289137;0.037850;4411.000000;5150.433333;
tc80-5.txt;5;randomizado;0.150000;30;;1783289138;0.040793;4270.000000;5158.733333;
tc80-5.txt;5;randomizado;0.150000;30;;1783289139;0.037748;4450.000000;5124.366667;
tc80-5.txt;5;randomizado;0.150000;30;;1783289140;0.041451;4381.000000;5155.933333;
tc80-5.txt;5;randomizado;0.150000;30;;1783289141;0.048815;4306.000000;4996.400000;
tc80-5.txt;5;randomizado;0.150000;30;;1783289142;0.036069;4466.000000;5023.100000;
tc80-5.txt;5;randomizado;0.300000;30;;1783289133;0.029334;4320.000000;5065.200000;
tc80-5.txt;5;randomizado;0.300000;30;;1783289134;0.025137;4171.000000;5130.900000;
tc80-5.txt;5;randomizado;0.300000;30;;1783289135;0.018732;4670.000000;5252.133333;
tc80-5.txt;5;randomizado;0.300000;30;;1783289136;0.017754;4323.000000;5170.800000;
tc80-5.txt;5;randomizado;0.300000;30;;1783289137;0.032392;4452.000000;5177.533333;
tc80-5.txt;5;randomizado;0.300000;30;;1783289138;0.027717;4586.000000;5201.333333;
tc80-5.txt;5;randomizado;0.300000;30;;1783289139;0.044158;4040.000000;5108.333333;
tc80-5.txt;5;randomizado;0.300000;30;;1783289140;0.017730;4592.000000;5092.733333;
tc80-5.txt;5;randomizado;0.300000;30;;1783289141;0.018850;4610.000000;5140.200000;
tc80-5.txt;5;randomizado;0.300000;30;;1783289142;0.036264;4268.000000;5122.300000;
tc80-5.txt;5;reativo;;300;30;1783289133;0.227050;2508.000000;4081.093333;0.050000
tc80-5.txt;5;reativo;;300;30;1783289134;0.310916;2451.000000;4195.163333;0.050000
tc80-5.txt;5;reativo;;300;30;1783289135;0.254626;2411.000000;4268.863333;0.050000
tc80-5.txt;5;reativo;;300;30;1783289136;0.238330;2358.000000;4061.850000;0.050000
tc80-5.txt;5;reativo;;300;30;1783289137;0.311919;2505.000000;3994.896667;0.050000
tc80-5.txt;5;reativo;;300;30;1783289138;0.293932;2415.000000;4185.950000;0.050000
tc80-5.txt;5;reativo;;300;30;1783289139;0.297345;2526.000000;4294.226667;0.050000
tc80-5.txt;5;reativo;;300;30;1783289140;0.234596;2416.000000;4167.726667;0.050000
tc80-5.txt;5;reativo;;300;30;1783289141;0.305692;2443.000000;4194.370000;0.050000
tc80-5.txt;5;reativo;;300;30;1783289142;0.236538;2307.000000;4110.483333;0.050000
tc80-5.txt;10;guloso;;1;;1783289133;0.000424;1287.000000;;
tc80-5.txt;10;guloso;;1;;1783289134;0.000469;1287.000000;;
tc80-5.txt;10;guloso;;1;;1783289135;0.000631;1287.000000;;
tc80-5.txt;10;guloso;;1;;1783289136;0.000980;1287.000000;;
tc80-5.txt;10;guloso;;1;;1783289137;0.000960;1287.000000;;
tc80-5.txt;10;guloso;;1;;1783289138;0.001093;1287.000000;;
tc80-5.txt;10;guloso;;1;;1783289139;0.001469;1287.000000;;
tc80-5.txt;10;guloso;;1;;1783289140;0.000491;1287.000000;;
tc80-5.txt;10;guloso;;1;;1783289141;0.000489;1287.000000;;
tc80-5.txt;10;guloso;;1;;1783289142;0.000698;1287.000000;;
tc80-5.txt;10;randomizado;0.050000;30;;1783289133;0.035890;2214.000000;2732.800000;
tc80-5.txt;10;randomizado;0.050000;30;;1783289134;0.041946;2340.000000;2825.366667;
tc80-5.txt;10;randomizado;0.050000;30;;1783289135;0.020357;2512.000000;2822.500000;
tc80-5.txt;10;randomizado;0.050000;30;;1783289136;0.019872;2495.000000;2800.800000;
tc80-5.txt;10;randomizado;0.050000;30;;1783289137;0.038290;2539.000000;2800.100000;
tc80-5.txt;10;randomizado;0.050000;30;;1783289138;0.039434;2574.000000;2817.800000;
tc80-5.txt;10;randomizado;0.050000;30;;1783289139;0.047980;2480.000000;2807.333333;
tc80-5.txt;10;randomizado;0.050000;30;;1783289140;0.052170;2431.000000;2789.466667;
tc80-5.txt;10;randomizado;0.050000;30;;1783289141;0.054915;2339.000000;2808.033333;
tc80-5.txt;10;randomizado;0.050000;30;;1783289142;0.046366;2450.000000;2825.866667;
tc80-5.txt;10;randomizado;0.150000;30;;1783289133;0.049738;4441.000000;5170.666667;
tc80-5.txt;10;randomizado;0.150000;30;;1783289134;0.046666;4302.000000;5175.733333;
tc80-5.txt;10;randomizado;0.150000;30;;1783289135;0.038767;4281.000000;5121.000000;
tc80-5.txt;10;randomizado;0.150000;30;;1783289136;0.044276;4298.000000;5149.966667;
tc80-5.txt;10;randomizado;0.150000;30;;1783289137;0.020105;4012.000000;5058.266667;
tc80-5.txt;10;randomizado;0.150000;30;;1783289138;0.033065;4475.000000;5185.500000;
tc80-5.txt;10;randomizado;0.150000;30;;1783289139;0.036078;4326.000000;5132.200000;
tc80-5.txt;10;randomizado;0.150000;30;;1783289140;0.039340;4468.000000;5177.900000;
tc80-5.txt;10;randomizado;0.150000;30;;1783289141;0.041987;4547.000000;5240.566667;
tc80-5.txt;10;randomizado;0.150000;30;;1783289142;0.027101;4302.000000;5059.833333;
tc80-5.txt;10;randomizado;0.300000;30;;1783289133;0.044997;4449.000000;5239.533333;
tc80-5.txt;10;randomizado;0.300000;30;;1783289134;0.026194;4622.000000;5292.633333;
tc80-5.txt;10;randomizado;0.300000;30;;1783289135;0.023300;4430.000000;5210.833333;
tc80-5.txt;10;randomizado;0.300000;30;;1783289136;0.043854;4324.000000;5180.733333;
tc80-5.txt;10;randomizado;0.300000;30;;1783289137;0.044093;4462.000000;5145.266667;
tc80-5.txt;10;randomizado;0.300000;30;;1783289138;0.042153;4560.000000;5102.233333;
tc80-5.txt;10;randomizado;0.300000;30;;1783289139;0.033605;4489.000000;5199.333333;
tc80-5.txt;10;randomizado;0.300000;30;;1783289140;0.033662;4802.000000;5267.966667;
tc80-5.txt;10;randomizado;0.300000;30;;1783289141;0.044452;4294.000000;5217.500000;
tc80-5.txt;10;randomizado;0.300000;30;;1783289142;0.055791;4110.000000;5133.300000;
tc80-5.txt;10;reativo;;300;30;1783289133;0.340104;2311.000000;4033.333333;0.050000
tc80-5.txt;10;reativo;;300;30;1783289134;0.409378;2345.000000;4174.200000;0.050000
tc80-5.txt;10;reativo;;300;30;1783289135;0.338165;2421.000000;4198.433333;0.050000
tc80-5.txt;10;reativo;;300;30;1783289136;0.384194;2297.000000;3988.926667;0.050000
tc80-5.txt;10;reativo;;300;30;1783289137;0.356507;2355.000000;3915.653333;0.050000
tc80-5.txt;10;reativo;;300;30;1783289138;0.287869;2401.000000;4103.356667;0.050000
tc80-5.txt;10;reativo;;300;30;1783289139;0.215984;2391.000000;4213.253333;0.050000
tc80-5.txt;10;reativo;;300;30;1783289140;0.248299;2382.000000;4048.050000;0.050000
tc80-5.txt;10;reativo;;300;30;1783289141;0.328200;2322.000000;4138.066667;0.050000
tc80-5.txt;10;reativo;;300;30;1783289142;0.416117;2222.000000;4063.246667;0.050000
tc80-5.txt;20;guloso;;1;;1783289133;0.001180;1031.000000;;
tc80-5.txt;20;guloso;;1;;1783289134;0.000438;1031.000000;;
tc80-5.txt;20;guloso;;1;;1783289135;0.000413;1031.000000;;
tc80-5.txt;20;guloso;;1;;1783289136;0.001160;1031.000000;;
tc80-5.txt;20;guloso;;1;;1783289137;0.000451;1031.000000;;
tc80-5.txt;20;guloso;;1;;1783289138;0.000458;1031.000000;;
tc80-5.txt;20;guloso;;1;;1783289139;0.000563;1031.000000;;
tc80-5.txt;20;guloso;;1;;1783289140;0.000915;1031.000000;;
tc80-5.txt;20;guloso;;1;;1783289141;0.000716;1031.000000;;
tc80-5.txt;20;guloso;;1;;1783289142;0.000418;1031.000000;;
tc80-5.txt;20;randomizado;0.050000;30;;1783289133;0.056962;2476.000000;2813.466667;
tc80-5.txt;20;randomizado;0.050000;30;;1783289134;0.041265;2622.000000;2862.366667;
tc80-5.txt;20;randomizado;0.050000;30;;1783289135;0.045315;2575.000000;2846.066667;
tc80-5.txt;20;randomizado;0.050000;30;;1783289136;0.060873;2549.000000;2846.500000;
tc80-5.txt;20;randomizado;0.050000;30;;1783289137;0.039365;2415.000000;2816.233333;
tc80-5.txt;20;randomizado;0.050000;30;;1783289138;0.060974;2569.000000;2840.200000;
tc80-5.txt;20;randomizado;0.050000;30;;1783289139;0.037762;2459.000000;2877.366667;
tc80-5.txt;20;randomizado;0.050000;30;;1783289140;0.049714;2434.000000;2770.400000;
tc80-5.txt;20;randomizado;0.050000;30;;1783289141;0.041599;2353.000000;2825.600000;
tc80-5.txt;20;randomizado;0.050000;30;;1783289142;0.064877;2547.000000;2819.933333;
tc80-5.txt;20;randomizado;0.150000;30;;1783289133;0.042342;4198.000000;5120.300000;
tc80-5.txt;20;randomizado;0.150000;30;;1783289134;0.045740;4531.000000;5216.566667;
tc80-5.txt;20;randomizado;0.150000;30;;1783289135;0.037971;4567.000000;5244.766667;
tc80-5.txt;20;randomizado;0.150000;30;;1783289136;0.039524;4590.000000;5277.433333;
tc80-5.txt;20;randomizado;0.150000;30;;1783289137;0.044211;4284.000000;5218.466667;
tc80-5.txt;20;randomizado;0.150000;30;;1783289138;0.058413;4945.000000;5323.666667;
tc80-5.txt;20;randomizado;0.150000;30;;1783289139;0.055125;4480.000000;5127.533333;
tc80-5.txt;20;randomizado;0.150000;30;;1783289140;0.056560;4491.000000;5194.800000;
tc80-5.txt;20;randomizado;0.150000;30;;1783289141;0.023934;4343.000000;5149.266667;
tc80-5.txt;20;randomizado;0.150000;30;;1783289142;0.043301;4702.000000;5159.500000;
tc80-5.txt;20;randomizado;0.300000;30;;1783289133;0.023227;4703.000000;5172.266667;
tc80-5.txt;20;randomizado;0.300000;30;;1783289134;0.047481;4616.000000;5297.900000;
tc80-5.txt;20;randomizado;0.300000;30;;1783289135;0.022376;4552.000000;5231.000000;
tc80-5.txt;20;randomizado;0.300000;30;;1783289136;0.043250;4902.000000;5257.500000;
tc80-5.txt;20;randomizado;0.300000;30;;1783289137;0.060505;4367.000000;5332.633333;
tc80-5.txt;20;randomizado;0.300000;30;;1783289138;0.040867;4680.000000;5293.766667;
tc80-5.txt;20;randomizado;0.300000;30;;1783289139;0.037043;4609.000000;5242.033333;
tc80-5.txt;20;randomizado;0.300000;30;;1783289140;0.045347;4426.000000;5225.366667;
tc80-5.txt;20;randomizado;0.300000;30;;1783289141;0.035264;4805.000000;5241.033333;
tc80-5.txt;20;randomizado;0.300000;30;;1783289142;0.019456;4574.000000;5265.000000;
tc80-5.txt;20;reativo;;300;30;1783289133;0.456792;2402.000000;4060.010000;0.050000
tc80-5.txt;20;reativo;;300;30;1783289134;0.388038;2490.000000;4228.683333;0.050000
tc80-5.txt;20;reativo;;300;30;1783289135;0.427331;2417.000000;4268.940000;0.050000
tc80-5.txt;20;reativo;;300;30;1783289136;0.486498;2385.000000;4059.403333;0.050000
tc80-5.txt;20;reativo;;300;30;1783289137;0.461758;2242.000000;3961.720000;0.050000
tc80-5.txt;20;reativo;;300;30;1783289138;0.329888;2431.000000;4143.073333;0.050000
tc80-5.txt;20;reativo;;300;30;1783289139;0.495185;2396.000000;4270.716667;0.050000
tc80-5.txt;20;reativo;;300;30;1783289140;0.463011;2358.000000;4103.166667;0.050000
tc80-5.txt;20;reativo;;300;30;1783289141;0.497813;2279.000000;4153.833333;0.050000
tc80-5.txt;20;reativo;;300;30;1783289142;0.497702;2327.000000;4093.820000;0.050000
te40-5.txt;3;guloso;;1;;1783289133;0.000224;924.000000;;
te40-5.txt;3;guloso;;1;;1783289134;0.000149;924.000000;;
te40-5.txt;3;guloso;;1;;1783289135;0.000196;924.000000;;
te40-5.txt;3;guloso;;1;;1783289136;0.000164;924.000000;;
te40-5.txt;3;guloso;;1;;1783289137;0.000160;924.000000;;
te40-5.txt;3;guloso;;1;;1783289138;0.000151;924.000000;;
te40-5.txt;3;guloso;;1;;1783289139;0.000120;924.000000;;
te40-5.txt;3;guloso;;1;;1783289140;0.000165;924.000000;;
te40-5.txt;3;guloso;;1;;1783289141;0.000256;924.000000;;
te40-5.txt;3;guloso;;1;;1783289142;0.000076;924.000000;;
te40-5.txt;3;randomizado;0.050000;30;;1783289133;0.004982;1283.000000;1464.866667;
te40-5.txt;3;randomizado;0.050000;30;;1783289134;0.009293;1289.000000;1513.766667;
te40-5.txt;3;randomizado;0.050000;30;;1783289135;0.007444;1127.000000;1487.000000;
te40-5.txt;3;randomizado;0.050000;30;;1783289136;0.007458;1293.000000;1464.433333;
te40-5.txt;3;randomizado;0.050000;30;;1783289137;0.007155;1274.000000;1466.500000;
te40-5.txt;3;randomizado;0.050000;30;;1783289138;0.007402;1198.000000;1474.833333;
te40-5.txt;3;randomizado;0.050000;30;;1783289139;0.007428;1198.000000;1480.666667;
te40-5.txt;3;randomizado;0.050000;30;;1783289140;0.006085;1218.000000;1451.333333;
te40-5.txt;3;randomizado;0.050000;30;;1783289141;0.005241;1241.000000;1466.300000;
te40-5.txt;3;randomizado;0.050000;30;;1783289142;0.005081;1312.000000;1486.733333;
te40-5.txt;3;randomizado;0.150000;30;;1783289133;0.005998;1561.000000;1862.533333;
te40-5.txt;3;randomizado;0.150000;30;;1783289134;0.007264;1464.000000;1903.533333;
te40-5.txt;3;randomizado;0.150000;30;;1783289135;0.008856;1480.000000;1827.066667;
te40-5.txt;3;randomizado;0.150000;30;;1783289136;0.004383;1593.000000;1895.666667;
te40-5.txt;3;randomizado;0.150000;30;;1783289137;0.006956;1611.000000;1918.266667;
te40-5.txt;3;randomizado;0.150000;30;;1783289138;0.004201;1551.000000;1914.766667;
te40-5.txt;3;randomizado;0.150000;30;;1783289139;0.003320;1580.000000;1923.100000;
te40-5.txt;3;randomizado;0.150000;30;;1783289140;0.003608;1581.000000;1921.233333;
te40-5.txt;3;randomizado;0.150000;30;;1783289141;0.006746;1510.000000;1826.300000;
te40-5.txt;3;randomizado;0.150000;30;;1783289142;0.004153;1600.000000;1891.966667;
te40-5.txt;3;randomizado;0.300000;30;;1783289133;0.007762;1565.000000;1894.333333;
te40-5.txt;3;randomizado;0.300000;30;;1783289134;0.006400;1597.000000;1899.266667;
te40-5.txt;3;randomizado;0.300000;30;;1783289135;0.007089;1419.000000;1877.033333;
te40-5.txt;3;randomizado;0.300000;30;;1783289136;0.005621;1580.000000;1911.766667;
te40-5.txt;3;randomizado;0.300000;30;;1783289137;0.004204;1671.000000;1924.266667;
te40-5.txt;3;randomizado;0.300000;30;;1783289138;0.008375;1626.000000;1916.033333;
te40-5.txt;3;randomizado;0.300000;30;;1783289139;0.007043;1603.000000;1912.566667;
te40-5.txt;3;randomizado;0.300000;30;;1783289140;0.007318;1685.000000;1968.366667;
te40-5.txt;3;randomizado;0.300000;30;;1783289141;0.008290;1537.000000;1842.500000;
te40-5.txt;3;randomizado;0.300000;30;;1783289142;0.008800;1564.000000;1908.433333;
te40-5.txt;3;reativo;;300;30;1783289133;0.036134;1220.000000;1764.976667;0.050000
te40-5.txt;3;reativo;;300;30;1783289134;0.061732;1143.000000;1741.813333;0.050000
te40-5.txt;3;reativo;;300;30;1783289135;0.074906;1173.000000;1762.886667;0.050000
te40-5.txt;3;reativo;;300;30;1783289136;0.058262;1222.000000;1736.060000;0.050000
te40-5.txt;3;reativo;;300;30;1783289137;0.076173;1182.000000;1733.050000;0.050000
te40-5.txt;3;reativo;;300;30;1783289138;0.095590;1157.000000;1740.733333;0.050000
te40-5.txt;3;reativo;;300;30;1783289139;0.068438;1187.000000;1754.846667;0.050000
te40-5.txt;3;reativo;;300;30;1783289140;0.075566;1263.000000;1759.213333;0.050000
te40-5.txt;3;reativo;;300;30;1783289141;0.089968;1133.000000;1748.510000;0.050000
te40-5.txt;3;reativo;;300;30;1783289142;0.050105;1189.000000;1733.223333;0.050000
te40-5.txt;5;guloso;;1;;1783289133;0.000177;733.000000;;
te40-5.txt;5;guloso;;1;;1783289134;0.000142;733.000000;;
te40-5.txt;5;guloso;;1;;1783289135;0.000183;733.000000;;
te40-5.txt;5;guloso;;1;;1783289136;0.000103;733.000000;;
te40-5.txt;5;guloso;;1;;1783289137;0.000097;733.000000;;
te40-5.txt;5;guloso;;1;;1783289138;0.000109;733.000000;;
te40-5.txt;5;guloso;;1;;1783289139;0.000067;733.000000;;
te40-5.txt;5;guloso;;1;;1783289140;0.000169;733.000000;;
te40-5.txt;5;guloso;;1;;1783289141;0.000177;733.000000;;
te40-5.txt;5;guloso;;1;;1783289142;0.000158;733.000000;;
te40-5.txt;5;randomizado;0.050000;30;;1783289133;0.010307;1104.000000;1388.966667;
te40-5.txt;5;randomizado;0.050000;30;;1783289134;0.009307;1202.000000;1378.000000;
te40-5.txt;5;randomizado;0.050000;30;;1783289135;0.009813;1172.000000;1421.233333;
te40-5.txt;5;randomizado;0.050000;30;;1783289136;0.007676;1249.000000;1442.300000;
te40-5.txt;5;randomizado;0.050000;30;;1783289137;0.008724;1203.000000;1390.100000;
te40-5.txt;5;randomizado;0.050000;30;;1783289138;0.010422;1175.000000;1416.500000;
te40-5.txt;5;randomizado;0.050000;30;;1783289139;0.004697;1088.000000;1394.466667;
te40-5.txt;5;randomizado;0.050000;30;;1783289140;0.003833;1157.000000;1374.966667;
te40-5.txt;5;randomizado;0.050000;30;;1783289141;0.004035;1233.000000;1413.133333;
te40-5.txt;5;randomizado;0.050000;30;;1783289142;0.003801;1214.000000;1413.866667;
te40-5.txt;5;randomizado;0.150000;30;;1783289133;0.004154;1468.000000;1804.966667;
te40-5.txt;5;randomizado;0.150000;30;;1783289134;0.004350;1557.000000;1860.800000;
te40-5.txt;5;randomizado;0.150000;30;;1783289135;0.009036;1415.000000;1840.866667;
te40-5.txt;5;randomizado;0.150000;30;;1783289136;0.008747;1607.000000;1905.433333;
te40-5.txt;5;randomizado;0.150000;30;;1783289137;0.006007;1544.000000;1884.800000;
te40-5.txt;5;randomizado;0.150000;30;;1783289138;0.006525;1493.000000;1877.166667;
te40-5.txt;5;randomizado;0.150000;30;;1783289139;0.008248;1564.000000;1882.133333;
te40-5.txt;5;randomizado;0.150000;30;;1783289140;0.011032;1449.000000;1857.166667;
te40-5.txt;5;randomizado;0.150000;30;;1783289141;0.005586;1518.000000;1932.000000;
te40-5.txt;5;randomizado;0.150000;30;;1783289142;0.004104;1644.000000;1910.400000;
te40-5.txt;5;randomizado;0.300000;30;;1783289133;0.004630;1520.000000;1857.933333;
te40-5.txt;5;randomizado;0.300000;30;;1783289134;0.004338;1601.000000;1864.500000;
te40-5.txt;5;randomizado;0.300000;30;;1783289135;0.006910;1439.000000;1838.600000;
te40-5.txt;5;randomizado;0.300000;30;;1783289136;0.006695;1597.000000;1931.700000;
te40-5.txt;5;randomizado;0.300000;30;;1783289137;0.008095;1544.000000;1920.366667;
te40-5.txt;5;randomizado;0.300000;30;;1783289138;0.009542;1492.000000;1908.400000;
te40-5.txt;5;randomizado;0.300000;30;;1783289139;0.009189;1623.000000;1923.333333;
te40-5.txt;5;randomizado;0.300000;30;;1783289140;0.009885;1476.000000;1901.800000;
te40-5.txt;5;randomizado;0.300000;30;;1783289141;0.005257;1680.000000;1942.666667;
te40-5.txt;5;randomizado;0.300000;30;;1783289142;0.010312;1658.000000;1911.666667;
te40-5.txt;5;reativo;;300;30;1783289133;0.094468;1090.000000;1709.783333;0.050000
te40-5.txt;5;reativo;;300;30;1783289134;0.081586;1137.000000;1707.096667;0.050000
te40-5.txt;5;reativo;;300;30;1783289135;0.107557;1077.000000;1700.950000;0.050000
te40-5.txt;5;reativo;;300;30;1783289136;0.097699;1116.000000;1685.116667;0.050000
te40-5.txt;5;reativo;;300;30;1783289137;0.078224;1126.000000;1703.516667;0.050000
te40-5.txt;5;reativo;;300;30;1783289138;0.069016;1096.000000;1696.416667;0.050000
te40-5.txt;5;reativo;;300;30;1783289139;0.061075;1131.000000;1705.996667;0.050000
te40-5.txt;5;reativo;;300;30;1783289140;0.048584;1136.000000;1702.956667;0.050000
te40-5.txt;5;reativo;;300;30;1783289141;0.043543;1102.000000;1723.733333;0.050000
te40-5.txt;5;reativo;;300;30;1783289142;0.050470;1145.000000;1686.523333;0.050000
te40-5.txt;10;guloso;;1;;1783289133;0.000160;622.000000;;
te40-5.txt;10;guloso;;1;;1783289134;0.000170;622.000000;;
te40-5.txt;10;guloso;;1;;1783289135;0.000156;622.000000;;
te40-5.txt;10;guloso;;1;;1783289136;0.000157;622.000000;;
te40-5.txt;10;guloso;;1;;1783289137;0.000060;622.000000;;
te40-5.txt;10;guloso;;1;;1783289138;0.000148;622.000000;;
te40-5.txt;10;guloso;;1;;1783289139;0.000208;622.000000;;
te40-5.txt;10;guloso;;1;;1783289140;0.000179;622.000000;;
te40-5.txt;10;guloso;;1;;1783289141;0.000181;622.000000;;
te40-5.txt;10;guloso;;1;;1783289142;0.000092;622.000000;;
te40-5.txt;10;randomizado;0.050000;30;;1783289133;0.005473;1250.000000;1408.366667;
te40-5.txt;10;randomizado;0.050000;30;;1783289134;0.005020;1158.000000;1383.000000;
te40-5.txt;10;randomizado;0.050000;30;;1783289135;0.010196;1124.000000;1356.633333;
te40-5.txt;10;randomizado;0.050000;30;;1783289136;0.009690;1187.000000;1389.100000;
te40-5.txt;10;randomizado;0.050000;30;;1783289137;0.010702;1185.000000;1377.033333;
te40-5.txt;10;randomizado;0.050000;30;;1783289138;0.006026;1175.000000;1375.866667;
te40-5.txt;10;randomizado;0.050000;30;;1783289139;0.007233;1170.000000;1380.333333;
te40-5.txt;10;randomizado;0.050000;30;;1783289140;0.005867;1095.000000;1369.966667;
te40-5.txt;10;randomizado;0.050000;30;;1783289141;0.006556;1197.000000;1377.033333;
te40-5.txt;10;randomizado;0.050000;30;;1783289142;0.007579;1211.000000;1390.466667;
te40-5.txt;10;randomizado;0.150000;30;;1783289133;0.010077;1607.000000;1920.133333;
te40-5.txt;10;randomizado;0.150000;30;;1783289134;0.007495;1630.000000;1921.400000;
te40-5.txt;10;randomizado;0.150000;30;;1783289135;0.010818;1386.000000;1936.833333;
te40-5.txt;10;randomizado;0.150000;30;;1783289136;0.004321;1539.000000;1924.400000;
te40-5.txt;10;randomizado;0.150000;30;;1783289137;0.011738;1663.000000;1928.333333;
te40-5.txt;10;randomizado;0.150000;30;;1783289138;0.005950;1526.000000;1919.266667;
te40-5.txt;10;randomizado;0.150000;30;;1783289139;0.006863;1591.000000;1967.666667;
te40-5.txt;10;randomizado;0.150000;30;;1783289140;0.008984;1487.000000;1904.933333;
te40-5.txt;10;randomizado;0.150000;30;;1783289141;0.008785;1610.000000;1928.466667;
te40-5.txt;10;randomizado;0.150000;30;;1783289142;0.010259;1450.000000;1904.166667;
te40-5.txt;10;randomizado;0.300000;30;;1783289133;0.004223;1622.000000;1935.333333;
te40-5.txt;10;randomizado;0.300000;30;;1783289134;0.009179;1648.000000;1943.100000;
te40-5.txt;10;randomizado;0.300000;30;;1783289135;0.006172;1603.000000;1963.666667;
te40-5.txt;10;randomizado;0.300000;30;;1783289136;0.005286;1555.000000;1912.333333;
te40-5.txt;10;randomizado;0.300000;30;;1783289137;0.005073;1672.000000;1941.333333;
te40-5.txt;10;randomizado;0.300000;30;;1783289138;0.004624;1549.000000;1938.233333;
te40-5.txt;10;randomizado;0.300000;30;;1783289139;0.007859;1549.000000;1966.300000;
te40-5.txt;10;randomizado;0.300000;30;;1783289140;0.010962;1486.000000;1927.066667;
te40-5.txt;10;randomizado;0.300000;30;;1783289141;0.011177;1488.000000;1937.500000;
te40-5.txt;10;randomizado;0.300000;30;;1783289142;0.008995;1489.000000;1929.766667;
te40-5.txt;10;reativo;;300;30;1783289133;0.063976;1108.000000;1722.613333;0.050000
te40-5.txt;10;reativo;;300;30;1783289134;0.085334;1112.000000;1708.730000;0.050000
te40-5.txt;10;reativo;;300;30;1783289135;0.096811;1167.000000;1712.433333;0.050000
te40-5.txt;10;reativo;;300;30;1783289136;0.084533;1130.000000;1691.163333;0.050000
te40-5.txt;10;reativo;;300;30;1783289137;0.115616;1072.000000;1692.696667;0.050000
te40-5.txt;10;reativo;;300;30;1783289138;0.092605;913.000000;1699.446667;0.050000
te40-5.txt;10;reativo;;300;30;1783289139;0.060184;1084.000000;1700.680000;0.050000
te40-5.txt;10;reativo;;300;30;1783289140;0.049822;1123.000000;1708.400000;0.050000
te40-5.txt;10;reativo;;300;30;1783289141;0.087707;1087.000000;1713.513333;0.050000
te40-5.txt;10;reativo;;300;30;1783289142;0.117726;1167.000000;1690.326667;0.050000
te80-1.txt;5;guloso;;1;;1783289133;0.001145;1896.000000;;
te80-1.txt;5;guloso;;1;;1783289134;0.000428;1896.000000;;
te80-1.txt;5;guloso;;1;;1783289135;0.000417;1896.000000;;
te80-1.txt;5;guloso;;1;;1783289136;0.001133;1896.000000;;
te80-1.txt;5;guloso;;1;;1783289137;0.001133;1896.000000;;
te80-1.txt;5;guloso;;1;;1783289138;0.001146;1896.000000;;
te80-1.txt;5;guloso;;1;;1783289139;0.000835;1896.000000;;
te80-1.txt;5;guloso;;1;;1783289140;0.000492;1896.000000;;
te80-1.txt;5;guloso;;1;;1783289141;0.001079;1896.000000;;
te80-1.txt;5;guloso;;1;;1783289142;0.000891;1896.000000;;
te80-1.txt;5;randomizado;0.050000;30;;1783289133;0.022764;2657.000000;3141.866667;
te80-1.txt;5;randomizado;0.050000;30;;1783289134;0.020171;2859.000000;3260.266667;
te80-1.txt;5;randomizado;0.050000;30;;1783289135;0.018276;2883.000000;3209.966667;
te80-1.txt;5;randomizado;0.050000;30;;1783289136;0.018947;2908.000000;3237.433333;
te80-1.txt;5;randomizado;0.050000;30;;1783289137;0.017270;2798.000000;3182.366667;
te80-1.txt;5;randomizado;0.050000;30;;1783289138;0.017647;2838.000000;3152.766667;
te80-1.txt;5;randomizado;0.050000;30;;1783289139;0.021185;2721.000000;3184.733333;
te80-1.txt;5;randomizado;0.050000;30;;1783289140;0.036018;2849.000000;3245.133333;
te80-1.txt;5;randomizado;0.050000;30;;1783289141;0.020373;2788.000000;3242.133333;
te80-1.txt;5;randomizado;0.050000;30;;1783289142;0.035359;2760.000000;3177.600000;
te80-1.txt;5;randomizado;0.150000;30;;1783289133;0.045193;5881.000000;6694.566667;
te80-1.txt;5;randomizado;0.150000;30;;1783289134;0.035546;5343.000000;6462.700000;
te80-1.txt;5;randomizado;0.150000;30;;1783289135;0.041036;5413.000000;6408.766667;
te80-1.txt;5;randomizado;0.150000;30;;1783289136;0.046832;5608.000000;6655.033333;
te80-1.txt;5;randomizado;0.150000;30;;1783289137;0.043165;5058.000000;6408.900000;
te80-1.txt;5;randomizado;0.150000;30;;1783289138;0.040373;5504.000000;6635.800000;
te80-1.txt;5;randomizado;0.150000;30;;1783289139;0.045881;4977.000000;6692.833333;
te80-1.txt;5;randomizado;0.150000;30;;1783289140;0.040579;5758.000000;6534.266667;
te80-1.txt;5;randomizado;0.150000;30;;1783289141;0.050919;4718.000000;6650.633333;
te80-1.txt;5;randomizado;0.150000;30;;1783289142;0.041079;5493.000000;6584.400000;
te80-1.txt;5;randomizado;0.300000;30;;1783289133;0.066513;6251.000000;7100.533333;
te80-1.txt;5;randomizado;0.300000;30;;1783289134;0.028075;5960.000000;7110.433333;
te80-1.txt;5;randomizado;0.300000;30;;1783289135;0.017088;6023.000000;7321.700000;
te80-1.txt;5;randomizado;0.300000;30;;1783289136;0.029546;5917.000000;7160.400000;
te80-1.txt;5;randomizado;0.300000;30;;1783289137;0.032079;6275.000000;7227.200000;
te80-1.txt;5;randomizado;0.300000;30;;1783289138;0.019103;6361.000000;7260.533333;
te80-1.txt;5;randomizado;0.300000;30;;1783289139;0.027142;6103.000000;7190.766667;
te80-1.txt;5;randomizado;0.300000;30;;1783289140;0.023461;6240.000000;7117.700000;
te80-1.txt;5;randomizado;0.300000;30;;1783289141;0.037712;5817.000000;7184.933333;
te80-1.txt;5;randomizado;0.300000;30;;1783289142;0.051287;6337.000000;7190.166667;
te80-1.txt;5;reativo;;300;30;1783289133;0.329709;2707.000000;4948.150000;0.050000
te80-1.txt;5;reativo;;300;30;1783289134;0.249801;2694.000000;5192.356667;0.050000
te80-1.txt;5;reativo;;300;30;1783289135;0.332004;2712.000000;5290.820000;0.050000
te80-1.txt;5;reativo;;300;30;1783289136;0.305201;2604.000000;4908.956667;0.050000
te80-1.txt;5;reativo;;300;30;1783289137;0.393856;2650.000000;4909.240000;0.050000
te80-1.txt;5;reativo;;300;30;1783289138;0.331194;2635.000000;5081.296667;0.050000
te80-1.txt;5;reativo;;300;30;1783289139;0.257554;2594.000000;5255.340000;0.050000
te80-1.txt;5;reativo;;300;30;1783289140;0.352746;2731.000000;4992.280000;0.050000
te80-1.txt;5;reativo;;300;30;1783289141;0.358446;2735.000000;5168.540000;0.050000
te80-1.txt;5;reativo;;300;30;1783289142;0.359166;2754.000000;5021.260000;0.050000
te80-1.txt;10;guloso;;1;;1783289133;0.001121;1443.000000;;
te80-1.txt;10;guloso;;1;;1783289134;0.000778;1443.000000;;
te80-1.txt;10;guloso;;1;;1783289135;0.000954;1443.000000;;
te80-1.txt;10;guloso;;1;;1783289136;0.000479;1443.000000;;
te80-1.txt;10;guloso;;1;;1783289137;0.000578;1443.000000;;
te80-1.txt;10;guloso;;1;;1783289138;0.000426;1443.000000;;
te80-1.txt;10;guloso;;1;;1783289139;0.001306;1443.000000;;
te80-1.txt;10;guloso;;1;;1783289140;0.000442;1443.000000;;
te80-1.txt;10;guloso;;1;;1783289141;0.000662;1443.000000;;
te80-1.txt;10;guloso;;1;;1783289142;0.000917;1443.000000;;
te80-1.txt;10;randomizado;0.050000;30;;1783289133;0.018648;2560.000000;2921.033333;
te80-1.txt;10;randomizado;0.050000;30;;1783289134;0.029953;2718.000000;2983.166667;
te80-1.txt;10;randomizado;0.050000;30;;1783289135;0.051340;2749.000000;3030.333333;
te80-1.txt;10;randomizado;0.050000;30;;1783289136;0.037261;2747.000000;3017.133333;
te80-1.txt;10;randomizado;0.050000;30;;1783289137;0.055394;2716.000000;2992.566667;
te80-1.txt;10;randomizado;0.050000;30;;1783289138;0.028380;2677.000000;3002.633333;
te80-1.txt;10;randomizado;0.050000;30;;1783289139;0.047334;2702.000000;2986.266667;
te80-1.txt;10;randomizado;0.050000;30;;1783289140;0.049080;2489.000000;2997.633333;
te80-1.txt;10;randomizado;0.050000;30;;1783289141;0.055953;2634.000000;2927.800000;
te80-1.txt;10;randomizado;0.050000;30;;1783289142;0.051847;2584.000000;2947.766667;
te80-1.txt;10;randomizado;0.150000;30;;1783289133;0.020568;5779.000000;6874.133333;
te80-1.txt;10;randomizado;0.150000;30;;1783289134;0.041805;5971.000000;6826.933333;
te80-1.txt;10;randomizado;0.150000;30;;1783289135;0.061892;6000.000000;6814.666667;
te80-1.txt;10;randomizado;0.150000;30;;1783289136;0.050697;5976.000000;6758.100000;
te80-1.txt;10;randomizado;0.150000;30;;1783289137;0.041121;5828.000000;6842.800000;
te80-1.txt;10;randomizado;0.150000;30;;1783289138;0.059310;5878.000000;6817.066667;
te80-1.txt;10;randomizado;0.150000;30;;1783289139;0.054758;5567.000000;6853.066667;
te80-1.txt;10;randomizado;0.150000;30;;1783289140;0.042596;5933.000000;6889.300000;
te80-1.txt;10;randomizado;0.150000;30;;1783289141;0.041903;5920.000000;6812.066667;
te80-1.txt;10;randomizado;0.150000;30;;1783289142;0.051898;5555.000000;6829.566667;
te80-1.txt;10;randomizado;0.300000;30;;1783289133;0.052243;6448.000000;7480.900000;
te80-1.txt;10;randomizado;0.300000;30;;1783289134;0.022046;6627.000000;7561.500000;
te80-1.txt;10;randomizado;0.300000;30;;1783289135;0.021593;6004.000000;7439.466667;
te80-1.txt;10;randomizado;0.300000;30;;1783289136;0.047141;6445.000000;7490.633333;
te80-1.txt;10;randomizado;0.300000;30;;1783289137;0.053707;6581.000000;7388.433333;
te80-1.txt;10;randomizado;0.300000;30;;1783289138;0.055154;6218.000000;7333.066667;
te80-1.txt;10;randomizado;0.300000;30;;1783289139;0.032063;6623.000000;7440.833333;
te80-1.txt;10;randomizado;0.300000;30;;1783289140;0.044607;5968.000000;7393.533333;
te80-1.txt;10;randomizado;0.300000;30;;1783289141;0.020042;6444.000000;7356.166667;
te80-1.txt;10;randomizado;0.300000;30;;1783289142;0.020449;6067.000000;7555.766667;
te80-1.txt;10;reativo;;300;30;1783289133;0.439186;2432.000000;4820.166667;0.050000
te80-1.txt;10;reativo;;300;30;1783289134;0.391687;2555.000000;5034.120000;0.050000
te80-1.txt;10;reativo;;300;30;1783289135;0.420835;2544.000000;5199.116667;0.050000
te80-1.txt;10;reativo;;300;30;1783289136;0.332716;2607.000000;4816.543333;0.050000
te80-1.txt;10;reativo;;300;30;1783289137;0.410242;2540.000000;4770.700000;0.050000
te80-1.txt;10;reativo;;300;30;1783289138;0.387008;2569.000000;5000.606667;0.050000
te80-1.txt;10;reativo;;300;30;1783289139;0.402240;2549.000000;5069.070000;0.050000
te80-1.txt;10;reativo;;300;30;1783289140;0.296603;2573.000000;4893.586667;0.050000
te80-1.txt;10;reativo;;300;30;1783289141;0.237966;2516.000000;5087.683333;0.050000
te80-1.txt;10;reativo;;300;30;1783289142;0.375703;2524.000000;4948.570000;0.050000
te80-1.txt;20;guloso;;1;;1783289133;0.000797;1206.000000;;
te80-1.txt;20;guloso;;1;;1783289134;0.000438;1206.000000;;
te80-1.txt;20;guloso;;1;;1783289135;0.000646;1206.000000;;
te80-1.txt;20;guloso;;1;;1783289136;0.000429;1206.000000;;
te80-1.txt;20;guloso;;1;;1783289137;0.000884;1206.000000;;
te80-1.txt;20;guloso;;1;;1783289138;0.000427;1206.000000;;
te80-1.txt;20;guloso;;1;;1783289139;0.001088;1206.000000;;
te80-1.txt;20;guloso;;1;;1783289140;0.001616;1206.000000;;
te80-1.txt;20;guloso;;1;;1783289141;0.000993;1206.000000;;
te80-1.txt;20;guloso;;1;;1783289142;0.001170;1206.000000;;
te80-1.txt;20;randomizado;0.050000;30;;1783289133;0.053271;2561.000000;2905.800000;
te80-1.txt;20;randomizado;0.050000;30;;1783289134;0.039593;2691.000000;2921.233333;
te80-1.txt;20;randomizado;0.050000;30;;1783289135;0.050802;2557.000000;2881.000000;
te80-1.txt;20;randomizado;0.050000;30;;1783289136;0.061120;2688.000000;2949.233333;
te80-1.txt;20;randomizado;0.050000;30;;1783289137;0.050556;2483.000000;2892.466667;
te80-1.txt;20;randomizado;0.050000;30;;1783289138;0.067190;2647.000000;2977.433333;
te80-1.txt;20;randomizado;0.050000;30;;1783289139;0.059656;2673.000000;2941.533333;
te80-1.txt;20;randomizado;0.050000;30;;1783289140;0.057521;2756.000000;2945.733333;
te80-1.txt;20;randomizado;0.050000;30;;1783289141;0.054637;2545.000000;2884.600000;
te80-1.txt;20;randomizado;0.050000;30;;1783289142;0.054020;2744.000000;2918.000000;
te80-1.txt;20;randomizado;0.150000;30;;1783289133;0.042404;5931.000000;6919.333333;
te80-1.txt;20;randomizado;0.150000;30;;1783289134;0.035639;6206.000000;6936.900000;
te80-1.txt;20;randomizado;0.150000;30;;1783289135;0.039151;5926.000000;7022.666667;
te80-1.txt;20;randomizado;0.150000;30;;1783289136;0.062706;6485.000000;7171.833333;
te80-1.txt;20;randomizado;0.150000;30;;1783289137;0.042515;5945.000000;6919.200000;
te80-1.txt;20;randomizado;0.150000;30;;1783289138;0.026107;6284.000000;6958.733333;
te80-1.txt;20;randomizado;0.150000;30;;1783289139;0.056728;5819.000000;6984.333333;
te80-1.txt;20;randomizado;0.150000;30;;1783289140;0.035913;6053.000000;6919.433333;
te80-1.txt;20;randomizado;0.150000;30;;1783289141;0.024083;6405.000000;7006.033333;
te80-1.txt;20;randomizado;0.150000;30;;1783289142;0.058329;6097.000000;7045.333333;
te80-1.txt;20;randomizado;0.300000;30;;1783289133;0.053692;6654.000000;7641.633333;
te80-1.txt;20;randomizado;0.300000;30;;1783289134;0.053762;6849.000000;7652.700000;
te80-1.txt;20;randomizado;0.300000;30;;1783289135;0.052230;6251.000000;7475.800000;
te80-1.txt;20;randomizado;0.300000;30;;1783289136;0.054879;6696.000000;7606.033333;
te80-1.txt;20;randomizado;0.300000;30;;1783289137;0.056976;6640.000000;7607.700000;
te80-1.txt;20;randomizado;0.300000;30;;1783289138;0.073546;6541.000000;7599.000000;
te80-1.txt;20;randomizado;0.300000;30;;1783289139;0.024883;6494.000000;7683.000000;
te80-1.txt;20;randomizado;0.300000;30;;1783289140;0.048471;6826.000000;7655.600000;
te80-1.txt;20;randomizado;0.300000;30;;1783289141;0.052657;6664.000000;7533.733333;
te80-1.txt;20;randomizado;0.300000;30;;1783289142;0.031727;6900.000000;7572.400000;
te80-1.txt;20;reativo;;300;30;1783289133;0.389886;2612.000000;4847.043333;0.050000
te80-1.txt;20;reativo;;300;30;1783289134;0.432630;2574.000000;5072.916667;0.050000
te80-1.txt;20;reativo;;300;30;1783289135;0.397193;2628.000000;5262.400000;0.050000
te80-1.txt;20;reativo;;300;30;1783289136;0.465120;2577.000000;4894.316667;0.050000
te80-1.txt;20;reativo;;300;30;1783289137;0.475194;2527.000000;4800.016667;0.050000
te80-1.txt;20;reativo;;300;30;1783289138;0.381637;2601.000000;5003.306667;0.050000
te80-1.txt;20;reativo;;300;30;1783289139;0.521646;2610.000000;5103.153333;0.050000
te80-1.txt;20;reativo;;300;30;1783289140;0.420987;2572.000000;4910.270000;0.050000
te80-1.txt;20;reativo;;300;30;1783289141;0.426192;2603.000000;5064.580000;0.050000
te80-1.txt;20;reativo;;300;30;1783289142;0.408570;2563.000000;4914.306667;0.050000
te80-2.txt;5;guloso;;1;;1783289133;0.000818;1698.000000;;
te80-2.txt;5;guloso;;1;;1783289134;0.001061;1698.000000;;
te80-2.txt;5;guloso;;1;;1783289135;0.000462;1698.000000;;
te80-2.txt;5;guloso;;1;;1783289136;0.000418;1698.000000;;
te80-2.txt;5;guloso;;1;;1783289137;0.000587;1698.000000;;
te80-2.txt;5;guloso;;1;;1783289138;0.001787;1698.000000;;
te80-2.txt;5;guloso;;1;;1783289139;0.000941;1698.000000;;
te80-2.txt;5;guloso;;1;;1783289140;0.000542;1698.000000;;
te80-2.txt;5;guloso;;1;;1783289141;0.000440;1698.000000;;
te80-2.txt;5;guloso;;1;;1783289142;0.000741;1698.000000;;
te80-2.txt;5;randomizado;0.050000;30;;1783289133;0.036752;2632.000000;3051.866667;
te80-2.txt;5;randomizado;0.050000;30;;1783289134;0.029241;2854.000000;3093.966667;
te80-2.txt;5;randomizado;0.050000;30;;1783289135;0.042832;2767.000000;3056.100000;
te80-2.txt;5;randomizado;0.050000;30;;1783289136;0.037309;2816.000000;3088.433333;
te80-2.txt;5;randomizado;0.050000;30;;1783289137;0.047143;2687.000000;3099.400000;
te80-2.txt;5;randomizado;0.050000;30;;1783289138;0.023661;2723.000000;3078.666667;
te80-2.txt;5;randomizado;0.050000;30;;1783289139;0.041977;2808.000000;3109.433333;
te80-2.txt;5;randomizado;0.050000;30;;1783289140;0.046603;2831.000000;3131.133333;
te80-2.txt;5;randomizado;0.050000;30;;1783289141;0.036841;2698.000000;3048.266667;
te80-2.txt;5;randomizado;0.050000;30;;1783289142;0.040470;2793.000000;3093.666667;
te80-2.txt;5;randomizado;0.150000;30;;1783289133;0.049206;5349.000000;5894.833333;
te80-2.txt;5;randomizado;0.150000;30;;1783289134;0.048819;5050.000000;5825.900000;
te80-2.txt;5;randomizado;0.150000;30;;1783289135;0.024629;5226.000000;6071.833333;
te80-2.txt;5;randomizado;0.150000;30;;1783289136;0.020829;4779.000000;5948.200000;
te80-2.txt;5;randomizado;0.150000;30;;1783289137;0.043643;5236.000000;6074.333333;
te80-2.txt;5;randomizado;0.150000;30;;1783289138;0.027113;5340.000000;5984.633333;
te80-2.txt;5;randomizado;0.150000;30;;1783289139;0.019134;4876.000000;5836.133333;
te80-2.txt;5;randomizado;0.150000;30;;1783289140;0.031754;4450.000000;5938.700000;
te80-2.txt;5;randomizado;0.150000;30;;1783289141;0.045349;5103.000000;5836.033333;
te80-2.txt;5;randomizado;0.150000;30;;1783289142;0.051423;4936.000000;5920.766667;
te80-2.txt;5;randomizado;0.300000;30;;1783289133;0.041443;5310.000000;6280.733333;
te80-2.txt;5;randomizado;0.300000;30;;1783289134;0.030945;5029.000000;6172.600000;
te80-2.txt;5;randomizado;0.300000;30;;1783289135;0.038323;4815.000000;6171.266667;
te80-2.txt;5;randomizado;0.300000;30;;1783289136;0.054936;5455.000000;6266.033333;
te80-2.txt;5;randomizado;0.300000;30;;1783289137;0.047045;5502.000000;6229.566667;
te80-2.txt;5;randomizado;0.300000;30;;1783289138;0.043986;5358.000000;6165.533333;
te80-2.txt;5;randomizado;0.300000;30;;1783289139;0.025147;5213.000000;6128.400000;
te80-2.txt;5;randomizado;0.300000;30;;1783289140;0.042770;5083.000000;6137.000000;
te80-2.txt;5;randomizado;0.300000;30;;1783289141;0.027727;5159.000000;6122.800000;
te80-2.txt;5;randomizado;0.300000;30;;1783289142;0.044445;5222.000000;6209.200000;
te80-2.txt;5;reativo;;300;30;1783289133;0.325345;2735.000000;4574.856667;0.050000
te80-2.txt;5;reativo;;300;30;1783289134;0.325823;2581.000000;4750.863333;0.050000
te80-2.txt;5;reativo;;300;30;1783289135;0.353929;2664.000000;4844.620000;0.050000
te80-2.txt;5;reativo;;300;30;1783289136;0.372076;2691.000000;4527.733333;0.050000
te80-2.txt;5;reativo;;300;30;1783289137;0.331591;2656.000000;4481.280000;0.050000
te80-2.txt;5;reativo;;300;30;1783289138;0.367660;2651.000000;4625.583333;0.050000
te80-2.txt;5;reativo;;300;30;1783289139;0.337014;2693.000000;4796.160000;0.050000
te80-2.txt;5;reativo;;300;30;1783289140;0.280037;2562.000000;4630.596667;0.050000
te80-2.txt;5;reativo;;300;30;1783289141;0.394784;2613.000000;4703.626667;0.050000
te80-2.txt;5;reativo;;300;30;1783289142;0.274676;2659.000000;4591.910000;0.050000
te80-2.txt;10;guloso;;1;;1783289133;0.000740;1324.000000;;
te80-2.txt;10;guloso;;1;;1783289134;0.000687;1324.000000;;
te80-2.txt;10;guloso;;1;;1783289135;0.000923;1324.000000;;
te80-2.txt;10;guloso;;1;;1783289136;0.000644;1324.000000;;
te80-2.txt;10;guloso;;1;;1783289137;0.001137;1324.000000;;
te80-2.txt;10;guloso;;1;;1783289138;0.001144;1324.000000;;
te80-2.txt;10;guloso;;1;;1783289139;0.001051;1324.000000;;
te80-2.txt;10;guloso;;1;;1783289140;0.000978;1324.000000;;
te80-2.txt;10;guloso;;1;;1783289141;0.001076;1324.000000;;
te80-2.txt;10;guloso;;1;;1783289142;0.001252;1324.000000;;
te80-2.txt;10;randomizado;0.050000;30;;1783289133;0.046433;2815.000000;3011.933333;
te80-2.txt;10;randomizado;0.050000;30;;1783289134;0.058804;2526.000000;2992.666667;
te80-2.txt;10;randomizado;0.050000;30;;1783289135;0.057897;2578.000000;3003.766667;
te80-2.txt;10;randomizado;0.050000;30;;1783289136;0.056226;2720.000000;2986.466667;
te80-2.txt;10;randomizado;0.050000;30;;1783289137;0.046599;2764.000000;3069.633333;
te80-2.txt;10;randomizado;0.050000;30;;1783289138;0.060119;2717.000000;3028.033333;
te80-2.txt;10;randomizado;0.050000;30;;1783289139;0.048338;2753.000000;3021.366667;
te80-2.txt;10;randomizado;0.050000;30;;1783289140;0.046149;2768.000000;3000.733333;
te80-2.txt;10;randomizado;0.050000;30;;1783289141;0.043385;2633.000000;2960.033333;
te80-2.txt;10;randomizado;0.050000;30;;1783289142;0.044076;2712.000000;2991.366667;
te80-2.txt;10;randomizado;0.150000;30;;1783289133;0.056779;5309.000000;6163.000000;
te80-2.txt;10;randomizado;0.150000;30;;1783289134;0.038698;5576.000000;6167.533333;
te80-2.txt;10;randomizado;0.150000;30;;1783289135;0.051472;5056.000000;6035.900000;
te80-2.txt;10;randomizado;0.150000;30;;1783289136;0.050944;5286.000000;6097.033333;
te80-2.txt;10;randomizado;0.150000;30;;1783289137;0.059028;5142.000000;6275.966667;
te80-2.txt;10;randomizado;0.150000;30;;1783289138;0.042220;5172.000000;6262.400000;
te80-2.txt;10;randomizado;0.150000;30;;1783289139;0.028273;5596.000000;6304.533333;
te80-2.txt;10;randomizado;0.150000;30;;1783289140;0.041881;5408.000000;6276.333333;
te80-2.txt;10;randomizado;0.150000;30;;1783289141;0.042678;5646.000000;6229.466667;
te80-2.txt;10;randomizado;0.150000;30;;1783289142;0.057526;5743.000000;6267.066667;
te80-2.txt;10;randomizado;0.300000;30;;1783289133;0.055603;5677.000000;6543.466667;
te80-2.txt;10;randomizado;0.300000;30;;1783289134;0.029314;5875.000000;6616.800000;
te80-2.txt;10;randomizado;0.300000;30;;1783289135;0.035051;5913.000000;6583.200000;
te80-2.txt;10;randomizado;0.300000;30;;1783289136;0.035126;5468.000000;6466.866667;
te80-2.txt;10;randomizado;0.300000;30;;1783289137;0.024592;5332.000000;6466.100000;
te80-2.txt;10;randomizado;0.300000;30;;1783289138;0.034366;5866.000000;6544.666667;
te80-2.txt;10;randomizado;0.300000;30;;1783289139;0.047173;5702.000000;6428.533333;
te80-2.txt;10;randomizado;0.300000;30;;1783289140;0.021020;5896.000000;6527.400000;
te80-2.txt;10;randomizado;0.300000;30;;1783289141;0.020923;5306.000000;6525.333333;
te80-2.txt;10;randomizado;0.300000;30;;1783289142;0.028898;5665.000000;6498.000000;
te80-2.txt;10;reativo;;300;30;1783289133;0.249817;2683.000000;4615.770000;0.050000
te80-2.txt;10;reativo;;300;30;1783289134;0.253453;2514.000000;4803.996667;0.050000
te80-2.txt;10;reativo;;300;30;1783289135;0.374681;2561.000000;4926.173333;0.050000
te80-2.txt;10;reativo;;300;30;1783289136;0.342542;2525.000000;4587.946667;0.050000
te80-2.txt;10;reativo;;300;30;1783289137;0.345560;2639.000000;4538.003333;0.050000
te80-2.txt;10;reativo;;300;30;1783289138;0.328301;2577.000000;4745.126667;0.050000
te80-2.txt;10;reativo;;300;30;1783289139;0.333171;2648.000000;4834.250000;0.050000
te80-2.txt;10;reativo;;300;30;1783289140;0.389190;2644.000000;4706.610000;0.050000
te80-2.txt;10;reativo;;300;30;1783289141;0.275449;2663.000000;4798.303333;0.050000
te80-2.txt;10;reativo;;300;30;1783289142;0.455944;2632.000000;4638.573333;0.050000
te80-2.txt;20;guloso;;1;;1783289133;0.000762;1237.000000;;
te80-2.txt;20;guloso;;1;;1783289134;0.000412;1237.000000;;
te80-2.txt;20;guloso;;1;;1783289135;0.001380;1237.000000;;
te80-2.txt;20;guloso;;1;;1783289136;0.001122;1237.000000;;
te80-2.txt;20;guloso;;1;;1783289137;0.001115;1237.000000;;
te80-2.txt;20;guloso;;1;;1783289138;0.000516;1237.000000;;
te80-2.txt;20;guloso;;1;;1783289139;0.001350;1237.000000;;
te80-2.txt;20;guloso;;1;;1783289140;0.001050;1237.000000;;
te80-2.txt;20;guloso;;1;;1783289141;0.000994;1237.000000;;
te80-2.txt;20;guloso;;1;;1783289142;0.000411;1237.000000;;
te80-2.txt;20;randomizado;0.050000;30;;1783289133;0.062369;2820.000000;2975.800000;
te80-2.txt;20;randomizado;0.050000;30;;1783289134;0.058822;2834.000000;3055.966667;
te80-2.txt;20;randomizado;0.050000;30;;1783289135;0.057096;2877.000000;3015.933333;
te80-2.txt;20;randomizado;0.050000;30;;1783289136;0.047889;2794.000000;3004.066667;
te80-2.txt;20;randomizado;0.050000;30;;1783289137;0.051226;2743.000000;3046.400000;
te80-2.txt;20;randomizado;0.050000;30;;1783289138;0.057317;2833.000000;3037.733333;
te80-2.txt;20;randomizado;0.050000;30;;1783289139;0.057857;2748.000000;2963.066667;
te80-2.txt;20;randomizado;0.050000;30;;1783289140;0.050373;2770.000000;3000.633333;
te80-2.txt;20;randomizado;0.050000;30;;1783289141;0.053495;2647.000000;3008.700000;
te80-2.txt;20;randomizado;0.050000;30;;1783289142;0.056275;2754.000000;3014.400000;
te80-2.txt;20;randomizado;0.150000;30;;1783289133;0.058878;5698.000000;6382.333333;
te80-2.txt;20;randomizado;0.150000;30;;1783289134;0.036644;5530.000000;6237.900000;
te80-2.txt;20;randomizado;0.150000;30;;1783289135;0.047482;5605.000000;6257.300000;
te80-2.txt;20;randomizado;0.150000;30;;1783289136;0.023758;6042.000000;6438.200000;
te80-2.txt;20;randomizado;0.150000;30;;1783289137;0.032966;5631.000000;6385.600000;
te80-2.txt;20;randomizado;0.150000;30;;1783289138;0.050853;5789.000000;6419.800000;
te80-2.txt;20;randomizado;0.150000;30;;1783289139;0.054393;4928.000000;6366.600000;
te80-2.txt;20;randomizado;0.150000;30;;1783289140;0.047931;5665.000000;6399.566667;
te80-2.txt;20;randomizado;0.150000;30;;1783289141;0.059180;5670.000000;6323.333333;
te80-2.txt;20;randomizado;0.150000;30;;1783289142;0.052690;5945.000000;6355.033333;
te80-2.txt;20;randomizado;0.300000;30;;1783289133;0.057018;5989.000000;6684.233333;
te80-2.txt;20;randomizado;0.300000;30;;1783289134;0.062932;5678.000000;6701.800000;
te80-2.txt;20;randomizado;0.300000;30;;1783289135;0.049739;5947.000000;6757.033333;
te80-2.txt;20;randomizado;0.300000;30;;1783289136;0.053944;5912.000000;6755.066667;
te80-2.txt;20;randomizado;0.300000;30;;1783289137;0.047480;5682.000000;6716.400000;
te80-2.txt;20;randomizado;0.300000;30;;1783289138;0.022985;5823.000000;6636.100000;
te80-2.txt;20;randomizado;0.300000;30;;1783289139;0.051902;5608.000000;6677.366667;
te80-2.txt;20;randomizado;0.300000;30;;1783289140;0.045876;5972.000000;6799.700000;
te80-2.txt;20;randomizado;0.300000;30;;1783289141;0.063303;5939.000000;6725.666667;
te80-2.txt;20;randomizado;0.300000;30;;1783289142;0.060626;5897.000000;6702.066667;
te80-2.txt;20;reativo;;300;30;1783289133;0.492301;2706.000000;4711.600000;0.050000
te80-2.txt;20;reativo;;300;30;1783289134;0.548720;2717.000000;4890.230000;0.050000
te80-2.txt;20;reativo;;300;30;1783289135;0.604510;2643.000000;5007.650000;0.050000
te80-2.txt;20;reativo;;300;30;1783289136;0.558547;2709.000000;4682.310000;0.050000
te80-2.txt;20;reativo;;300;30;1783289137;0.530016;2721.000000;4603.590000;0.050000
te80-2.txt;20;reativo;;300;30;1783289138;0.422080;2724.000000;4769.450000;0.050000
te80-2.txt;20;reativo;;300;30;1783289139;0.380611;2614.000000;4935.660000;0.050000
te80-2.txt;20;reativo;;300;30;1783289140;0.417083;2644.000000;4751.723333;0.050000
te80-2.txt;20;reativo;;300;30;1783289141;0.318538;2558.000000;4865.296667;0.050000
te80-2.txt;20;reativo;;300;30;1783289142;0.410417;2674.000000;4725.633333;0.050000
te80-3.txt;5;guloso;;1;;1783289133;0.000414;1845.000000;;
te80-3.txt;5;guloso;;1;;1783289134;0.000463;1845.000000;;
te80-3.txt;5;guloso;;1;;1783289135;0.000419;1845.000000;;
te80-3.txt;5;guloso;;1;;1783289136;0.000687;1845.000000;;
te80-3.txt;5;guloso;;1;;1783289137;0.000827;1845.000000;;
te80-3.txt;5;guloso;;1;;1783289138;0.001302;1845.000000;;
te80-3.txt;5;guloso;;1;;1783289139;0.000850;1845.000000;;
te80-3.txt;5;guloso;;1;;1783289140;0.000554;1845.000000;;
te80-3.txt;5;guloso;;1;;1783289141;0.001107;1845.000000;;
te80-3.txt;5;guloso;;1;;1783289142;0.000902;1845.000000;;
te80-3.txt;5;randomizado;0.050000;30;;1783289133;0.045793;2678.000000;3086.400000;
te80-3.txt;5;randomizado;0.050000;30;;1783289134;0.049328;2775.000000;3096.000000;
te80-3.txt;5;randomizado;0.050000;30;;1783289135;0.044711;2592.000000;3067.366667;
te80-3.txt;5;randomizado;0.050000;30;;1783289136;0.045644;2820.000000;3117.866667;
te80-3.txt;5;randomizado;0.050000;30;;1783289137;0.042856;2704.000000;3100.666667;
te80-3.txt;5;randomizado;0.050000;30;;1783289138;0.048098;2779.000000;3094.933333;
te80-3.txt;5;randomizado;0.050000;30;;1783289139;0.040696;2825.000000;3131.133333;
te80-3.txt;5;randomizado;0.050000;30;;1783289140;0.043593;2683.000000;3007.666667;
te80-3.txt;5;randomizado;0.050000;30;;1783289141;0.030800;2657.000000;3090.200000;
te80-3.txt;5;randomizado;0.050000;30;;1783289142;0.019901;2875.000000;3094.566667;
te80-3.txt;5;randomizado;0.150000;30;;1783289133;0.051077;4969.000000;5937.233333;
te80-3.txt;5;randomizado;0.150000;30;;1783289134;0.049495;4946.000000;5877.400000;
te80-3.txt;5;randomizado;0.150000;30;;1783289135;0.038056;4735.000000;5859.233333;
te80-3.txt;5;randomizado;0.150000;30;;1783289136;0.024273;5141.000000;5952.833333;
te80-3.txt;5;randomizado;0.150000;30;;1783289137;0.028713;5111.000000;5939.433333;
te80-3.txt;5;randomizado;0.150000;30;;1783289138;0.027069;4835.000000;6010.000000;
te80-3.txt;5;randomizado;0.150000;30;;1783289139;0.017462;5009.000000;5955.433333;
te80-3.txt;5;randomizado;0.150000;30;;1783289140;0.022782;5123.000000;6003.733333;
te80-3.txt;5;randomizado;0.150000;30;;1783289141;0.017438;4557.000000;6073.766667;
te80-3.txt;5;randomizado;0.150000;30;;1783289142;0.042671;4940.000000;5898.600000;
te80-3.txt;5;randomizado;0.300000;30;;1783289133;0.043902;5235.000000;6261.766667;
te80-3.txt;5;randomizado;0.300000;30;;1783289134;0.045821;5566.000000;6233.800000;
te80-3.txt;5;randomizado;0.300000;30;;1783289135;0.044867;5091.000000;6309.733333;
te80-3.txt;5;randomizado;0.300000;30;;1783289136;0.042889;5317.000000;6305.066667;
te80-3.txt;5;randomizado;0.300000;30;;1783289137;0.048046;5651.000000;6414.966667;
te80-3.txt;5;randomizado;0.300000;30;;1783289138;0.048705;5591.000000;6419.333333;
te80-3.txt;5;randomizado;0.300000;30;;1783289139;0.048753;5248.000000;6248.233333;
te80-3.txt;5;randomizado;0.300000;30;;1783289140;0.030540;5244.000000;6272.200000;
te80-3.txt;5;randomizado;0.300000;30;;1783289141;0.038386;5074.000000;6279.233333;
te80-3.txt;5;randomizado;0.300000;30;;1783289142;0.026574;5183.000000;6304.433333;
te80-3.txt;5;reativo;;300;30;1783289133;0.269100;2713.000000;4618.896667;0.050000
te80-3.txt;5;reativo;;300;30;1783289134;0.266104;2776.000000;4817.270000;0.050000
te80-3.txt;5;reativo;;300;30;1783289135;0.356633;2625.000000;4875.683333;0.050000
te80-3.txt;5;reativo;;300;30;1783289136;0.365494;2694.000000;4570.880000;0.050000
te80-3.txt;5;reativo;;300;30;1783289137;0.388065;2659.000000;4524.073333;0.050000
te80-3.txt;5;reativo;;300;30;1783289138;0.281568;2725.000000;4665.553333;0.050000
te80-3.txt;5;reativo;;300;30;1783289139;0.363426;2710.000000;4834.313333;0.050000
te80-3.txt;5;reativo;;300;30;1783289140;0.260789;2663.000000;4646.073333;0.050000
te80-3.txt;5;reativo;;300;30;1783289141;0.328356;2691.000000;4755.353333;0.050000
te80-3.txt;5;reativo;;300;30;1783289142;0.348435;2721.000000;4643.186667;0.050000
te80-3.txt;10;guloso;;1;;1783289133;0.001164;1547.000000;;
te80-3.txt;10;guloso;;1;;1783289134;0.000859;1547.000000;;
te80-3.txt;10;guloso;;1;;1783289135;0.001458;1547.000000;;
te80-3.txt;10;guloso;;1;;1783289136;0.000818;1547.000000;;
te80-3.txt;10;guloso;;1;;1783289137;0.001241;1547.000000;;
te80-3.txt;10;guloso;;1;;1783289138;0.000452;1547.000000;;
te80-3.txt;10;guloso;;1;;1783289139;0.000943;1547.000000;;
te80-3.txt;10;guloso;;1;;1783289140;0.001746;1547.000000;;
te80-3.txt;10;guloso;;1;;1783289141;0.000431;1547.000000;;
te80-3.txt;10;guloso;;1;;1783289142;0.001153;1547.000000;;
te80-3.txt;10;randomizado;0.050000;30;;1783289133;0.057765;2723.000000;2966.800000;
te80-3.txt;10;randomizado;0.050000;30;;1783289134;0.056481;2707.000000;2958.700000;
te80-3.txt;10;randomizado;0.050000;30;;1783289135;0.047682;2627.000000;3013.933333;
te80-3.txt;10;randomizado;0.050000;30;;1783289136;0.039430;2780.000000;2997.266667;
te80-3.txt;10;randomizado;0.050000;30;;1783289137;0.058780;2687.000000;2949.566667;
te80-3.txt;10;randomizado;0.050000;30;;1783289138;0.030836;2727.000000;2970.733333;
te80-3.txt;10;randomizado;0.050000;30;;1783289139;0.033606;2608.000000;3021.900000;
te80-3.txt;10;randomizado;0.050000;30;;1783289140;0.021420;2770.000000;3016.700000;
te80-3.txt;10;randomizado;0.050000;30;;1783289141;0.021508;2712.000000;2996.666667;
te80-3.txt;10;randomizado;0.050000;30;;1783289142;0.050256;2707.000000;2933.700000;
te80-3.txt;10;randomizado;0.150000;30;;1783289133;0.046656;5330.000000;6197.033333;
te80-3.txt;10;randomizado;0.150000;30;;1783289134;0.036917;5517.000000;6262.466667;
te80-3.txt;10;randomizado;0.150000;30;;1783289135;0.022781;5377.000000;6199.000000;
te80-3.txt;10;randomizado;0.150000;30;;1783289136;0.045639;5419.000000;6199.700000;
te80-3.txt;10;randomizado;0.150000;30;;1783289137;0.057337;5116.000000;6301.766667;
te80-3.txt;10;randomizado;0.150000;30;;1783289138;0.046552;5217.000000;6168.600000;
te80-3.txt;10;randomizado;0.150000;30;;1783289139;0.061406;4895.000000;6097.966667;
te80-3.txt;10;randomizado;0.150000;30;;1783289140;0.051475;5341.000000;6264.333333;
te80-3.txt;10;randomizado;0.150000;30;;1783289141;0.049779;5727.000000;6313.566667;
te80-3.txt;10;randomizado;0.150000;30;;1783289142;0.043404;5517.000000;6324.666667;
te80-3.txt;10;randomizado;0.300000;30;;1783289133;0.023896;5908.000000;6667.300000;
te80-3.txt;10;randomizado;0.300000;30;;1783289134;0.033954;6293.000000;6773.733333;
te80-3.txt;10;randomizado;0.300000;30;;1783289135;0.019770;5640.000000;6641.200000;
te80-3.txt;10;randomizado;0.300000;30;;1783289136;0.052013;5887.000000;6504.266667;
te80-3.txt;10;randomizado;0.300000;30;;1783289137;0.057415;5929.000000;6589.466667;
te80-3.txt;10;randomizado;0.300000;30;;1783289138;0.053427;5621.000000;6434.600000;
te80-3.txt;10;randomizado;0.300000;30;;1783289139;0.050195;5659.000000;6538.200000;
te80-3.txt;10;randomizado;0.300000;30;;1783289140;0.052727;6061.000000;6686.066667;
te80-3.txt;10;randomizado;0.300000;30;;1783289141;0.041781;5736.000000;6571.700000;
te80-3.txt;10;randomizado;0.300000;30;;1783289142;0.027551;5870.000000;6660.066667;
te80-3.txt;10;reativo;;300;30;1783289133;0.391371;2583.000000;4638.300000;0.050000
te80-3.txt;10;reativo;;300;30;1783289134;0.387794;2596.000000;4819.553333;0.050000
te80-3.txt;10;reativo;;300;30;1783289135;0.427033;2564.000000;4924.253333;0.050000
te80-3.txt;10;reativo;;300;30;1783289136;0.386464;2522.000000;4591.060000;0.050000
te80-3.txt;10;reativo;;300;30;1783289137;0.441863;2600.000000;4526.030000;0.050000
te80-3.txt;10;reativo;;300;30;1783289138;0.459869;2692.000000;4733.520000;0.050000
te80-3.txt;10;reativo;;300;30;1783289139;0.338233;2631.000000;4834.983333;0.050000
te80-3.txt;10;reativo;;300;30;1783289140;0.369565;2612.000000;4650.000000;0.050000
te80-3.txt;10;reativo;;300;30;1783289141;0.439854;2624.000000;4801.253333;0.050000
te80-3.txt;10;reativo;;300;30;1783289142;0.407884;2537.000000;4637.896667;0.050000
te80-3.txt;20;guloso;;1;;1783289133;0.000893;1288.000000;;
te80-3.txt;20;guloso;;1;;1783289134;0.000605;1288.000000;;
te80-3.txt;20;guloso;;1;;1783289135;0.000420;1288.000000;;
te80-3.txt;20;guloso;;1;;1783289136;0.000975;1288.000000;;
te80-3.txt;20;guloso;;1;;1783289137;0.001288;1288.000000;;
te80-3.txt;20;guloso;;1;;1783289138;0.000921;1288.000000;;
te80-3.txt;20;guloso;;1;;1783289139;0.000607;1288.000000;;
te80-3.txt;20;guloso;;1;;1783289140;0.001135;1288.000000;;
te80-3.txt;20;guloso;;1;;1783289141;0.000637;1288.000000;;
te80-3.txt;20;guloso;;1;;1783289142;0.000420;1288.000000;;
te80-3.txt;20;randomizado;0.050000;30;;1783289133;0.028798;2670.000000;2936.566667;
te80-3.txt;20;randomizado;0.050000;30;;1783289134;0.057904;2699.000000;2963.033333;
te80-3.txt;20;randomizado;0.050000;30;;1783289135;0.050527;2614.000000;2995.366667;
te80-3.txt;20;randomizado;0.050000;30;;1783289136;0.043772;2730.000000;2969.466667;
te80-3.txt;20;randomizado;0.050000;30;;1783289137;0.024281;2697.000000;2967.300000;
te80-3.txt;20;randomizado;0.050000;30;;1783289138;0.027704;2686.000000;2957.266667;
te80-3.txt;20;randomizado;0.050000;30;;1783289139;0.059161;2736.000000;2975.333333;
te80-3.txt;20;randomizado;0.050000;30;;1783289140;0.068504;2766.000000;3007.466667;
te80-3.txt;20;randomizado;0.050000;30;;1783289141;0.061074;2554.000000;2943.900000;
te80-3.txt;20;randomizado;0.050000;30;;1783289142;0.054192;2660.000000;2948.800000;
te80-3.txt;20;randomizado;0.150000;30;;1783289133;0.040448;5413.000000;6405.366667;
te80-3.txt;20;randomizado;0.150000;30;;1783289134;0.051977;5261.000000;6301.200000;
te80-3.txt;20;randomizado;0.150000;30;;1783289135;0.029663;5754.000000;6358.466667;
te80-3.txt;20;randomizado;0.150000;30;;1783289136;0.073737;5574.000000;6364.133333;
te80-3.txt;20;randomizado;0.150000;30;;1783289137;0.028522;5906.000000;6452.900000;
te80-3.txt;20;randomizado;0.150000;30;;1783289138;0.033968;5328.000000;6356.666667;
te80-3.txt;20;randomizado;0.150000;30;;1783289139;0.025772;5617.000000;6382.633333;
te80-3.txt;20;randomizado;0.150000;30;;1783289140;0.049846;5132.000000;6379.466667;
te80-3.txt;20;randomizado;0.150000;30;;1783289141;0.059291;5677.000000;6457.000000;
te80-3.txt;20;randomizado;0.150000;30;;1783289142;0.065974;5564.000000;6416.766667;
te80-3.txt;20;randomizado;0.300000;30;;1783289133;0.046187;5963.000000;6724.066667;
te80-3.txt;20;randomizado;0.300000;30;;1783289134;0.058394;6157.000000;6774.000000;
te80-3.txt;20;randomizado;0.300000;30;;1783289135;0.060637;5964.000000;6758.000000;
te80-3.txt;20;randomizado;0.300000;30;;1783289136;0.056364;5487.000000;6647.666667;
te80-3.txt;20;randomizado;0.300000;30;;1783289137;0.050521;5796.000000;6697.833333;
te80-3.txt;20;randomizado;0.300000;30;;1783289138;0.051075;6061.000000;6858.766667;
te80-3.txt;20;randomizado;0.300000;30;;1783289139;0.063543;5952.000000;6807.700000;
te80-3.txt;20;randomizado;0.300000;30;;1783289140;0.037811;6182.000000;6786.533333;
te80-3.txt;20;randomizado;0.300000;30;;1783289141;0.052267;5864.000000;6699.033333;
te80-3.txt;20;randomizado;0.300000;30;;1783289142;0.067074;6014.000000;6756.800000;
te80-3.txt;20;reativo;;300;30;1783289133;0.520364;2592.000000;4663.260000;0.050000
te80-3.txt;20;reativo;;300;30;1783289134;0.297751;2548.000000;4854.153333;0.050000
te80-3.txt;20;reativo;;300;30;1783289135;0.289859;2653.000000;4996.266667;0.050000
te80-3.txt;20;reativo;;300;30;1783289136;0.454463;2612.000000;4702.836667;0.050000
te80-3.txt;20;reativo;;300;30;1783289137;0.423876;2625.000000;4582.696667;0.050000
te80-3.txt;20;reativo;;300;30;1783289138;0.462744;2679.000000;4811.236667;0.050000
te80-3.txt;20;reativo;;300;30;1783289139;0.423545;2630.000000;4895.606667;0.050000
te80-3.txt;20;reativo;;300;30;1783289140;0.445717;2624.000000;4738.893333;0.050000
te80-3.txt;20;reativo;;300;30;1783289141;0.433325;2634.000000;4901.680000;0.050000
te80-3.txt;20;reativo;;300;30;1783289142;0.392517;2604.000000;4723.860000;0.050000
te80-5.txt;5;guloso;;1;;1783289133;0.000970;2096.000000;;
te80-5.txt;5;guloso;;1;;1783289134;0.000430;2096.000000;;
te80-5.txt;5;guloso;;1;;1783289135;0.001064;2096.000000;;
te80-5.txt;5;guloso;;1;;1783289136;0.000432;2096.000000;;
te80-5.txt;5;guloso;;1;;1783289137;0.000434;2096.000000;;
te80-5.txt;5;guloso;;1;;1783289138;0.000416;2096.000000;;
te80-5.txt;5;guloso;;1;;1783289139;0.000833;2096.000000;;
te80-5.txt;5;guloso;;1;;1783289140;0.000416;2096.000000;;
te80-5.txt;5;guloso;;1;;1783289141;0.001063;2096.000000;;
te80-5.txt;5;guloso;;1;;1783289142;0.000920;2096.000000;;
te80-5.txt;5;randomizado;0.050000;30;;1783289133;0.039193;2840.000000;3177.766667;
te80-5.txt;5;randomizado;0.050000;30;;1783289134;0.046691;2801.000000;3135.966667;
te80-5.txt;5;randomizado;0.050000;30;;1783289135;0.043965;2974.000000;3218.366667;
te80-5.txt;5;randomizado;0.050000;30;;1783289136;0.041591;2879.000000;3144.266667;
te80-5.txt;5;randomizado;0.050000;30;;1783289137;0.022958;2733.000000;3170.666667;
te80-5.txt;5;randomizado;0.050000;30;;1783289138;0.019838;2794.000000;3186.633333;
te80-5.txt;5;randomizado;0.050000;30;;1783289139;0.019786;2905.000000;3214.100000;
te80-5.txt;5;randomizado;0.050000;30;;1783289140;0.030689;2736.000000;3164.966667;
te80-5.txt;5;randomizado;0.050000;30;;1783289141;0.024133;2942.000000;3221.966667;
te80-5.txt;5;randomizado;0.050000;30;;1783289142;0.031806;2915.000000;3138.066667;
te80-5.txt;5;randomizado;0.150000;30;;1783289133;0.040272;5083.000000;6320.933333;
te80-5.txt;5;randomizado;0.150000;30;;1783289134;0.023749;5384.000000;6418.833333;
te80-5.txt;5;randomizado;0.150000;30;;1783289135;0.032135;5342.000000;6201.433333;
te80-5.txt;5;randomizado;0.150000;30;;1783289136;0.026743;5491.000000;6315.266667;
te80-5.txt;5;randomizado;0.150000;30;;1783289137;0.033786;4953.000000;6247.400000;
te80-5.txt;5;randomizado;0.150000;30;;1783289138;0.043310;4979.000000;6275.033333;
te80-5.txt;5;randomizado;0.150000;30;;1783289139;0.046462;5274.000000;6296.900000;
te80-5.txt;5;randomizado;0.150000;30;;1783289140;0.049850;4683.000000;6247.766667;
te80-5.txt;5;randomizado;0.150000;30;;1783289141;0.040209;4962.000000;6468.333333;
te80-5.txt;5;randomizado;0.150000;30;;1783289142;0.034084;5638.000000;6334.866667;
te80-5.txt;5;randomizado;0.300000;30;;1783289133;0.019211;5931.000000;6581.133333;
te80-5.txt;5;randomizado;0.300000;30;;1783289134;0.037252;5306.000000;6502.933333;
te80-5.txt;5;randomizado;0.300000;30;;1783289135;0.019676;5649.000000;6568.400000;
te80-5.txt;5;randomizado;0.300000;30;;1783289136;0.025224;5623.000000;6507.233333;
te80-5.txt;5;randomizado;0.300000;30;;1783289137;0.018997;5453.000000;6558.266667;
te80-5.txt;5;randomizado;0.300000;30;;1783289138;0.019534;5656.000000;6525.933333;
te80-5.txt;5;randomizado;0.300000;30;;1783289139;0.034262;5194.000000;6473.166667;
te80-5.txt;5;randomizado;0.300000;30;;1783289140;0.047985;5489.000000;6509.600000;
te80-5.txt;5;randomizado;0.300000;30;;1783289141;0.038141;5635.000000;6605.733333;
te80-5.txt;5;randomizado;0.300000;30;;1783289142;0.043251;5030.000000;6561.366667;
te80-5.txt;5;reativo;;300;30;1783289133;0.369299;2747.000000;4785.133333;0.050000
te80-5.txt;5;reativo;;300;30;1783289134;0.309650;2785.000000;4979.773333;0.050000
te80-5.txt;5;reativo;;300;30;1783289135;0.398206;2763.000000;5057.313333;0.050000
te80-5.txt;5;reativo;;300;30;1783289136;0.333594;2723.000000;4763.446667;0.050000
te80-5.txt;5;reativo;;300;30;1783289137;0.281512;2787.000000;4679.686667;0.050000
te80-5.txt;5;reativo;;300;30;1783289138;0.375522;2814.000000;4824.590000;0.050000
te80-5.txt;5;reativo;;300;30;1783289139;0.420185;2805.000000;5079.226667;0.050000
te80-5.txt;5;reativo;;300;30;1783289140;0.288527;2702.000000;4864.943333;0.050000
te80-5.txt;5;reativo;;300;30;1783289141;0.268652;2735.000000;4916.266667;0.050000
te80-5.txt;5;reativo;;300;30;1783289142;0.312197;2701.000000;4795.066667;0.050000
te80-5.txt;10;guloso;;1;;1783289133;0.001183;1558.000000;;
te80-5.txt;10;guloso;;1;;1783289134;0.000971;1558.000000;;
te80-5.txt;10;guloso;;1;;1783289135;0.001146;1558.000000;;
te80-5.txt;10;guloso;;1;;1783289136;0.000822;1558.000000;;
te80-5.txt;10;guloso;;1;;1783289137;0.001063;1558.000000;;
te80-5.txt;10;guloso;;1;;1783289138;0.000430;1558.000000;;
te80-5.txt;10;guloso;;1;;1783289139;0.000517;1558.000000;;
te80-5.txt;10;guloso;;1;;1783289140;0.000416;1558.000000;;
te80-5.txt;10;guloso;;1;;1783289141;0.000965;1558.000000;;
te80-5.txt;10;guloso;;1;;1783289142;0.000989;1558.000000;;
te80-5.txt;10;randomizado;0.050000;30;;1783289133;0.028261;2790.000000;3038.300000;
te80-5.txt;10;randomizado;0.050000;30;;1783289134;0.037062;2803.000000;3014.366667;
te80-5.txt;10;randomizado;0.050000;30;;1783289135;0.058039;2677.000000;2992.800000;
te80-5.txt;10;randomizado;0.050000;30;;1783289136;0.049464;2829.000000;3069.766667;
te80-5.txt;10;randomizado;0.050000;30;;1783289137;0.053357;2763.000000;3031.700000;
te80-5.txt;10;randomizado;0.050000;30;;1783289138;0.031147;2556.000000;3013.233333;
te80-5.txt;10;randomizado;0.050000;30;;1783289139;0.052784;2736.000000;3053.266667;
te80-5.txt;10;randomizado;0.050000;30;;1783289140;0.052760;2698.000000;3012.833333;
te80-5.txt;10;randomizado;0.050000;30;;1783289141;0.055352;2607.000000;3053.666667;
te80-5.txt;10;randomizado;0.050000;30;;1783289142;0.057371;2834.000000;3055.466667;
te80-5.txt;10;randomizado;0.150000;30;;1783289133;0.050182;5392.000000;6405.200000;
te80-5.txt;10;randomizado;0.150000;30;;1783289134;0.031522;5765.000000;6463.933333;
te80-5.txt;10;randomizado;0.150000;30;;1783289135;0.058042;5617.000000;6467.133333;
te80-5.txt;10;randomizado;0.150000;30;;1783289136;0.052685;5875.000000;6480.966667;
te80-5.txt;10;randomizado;0.150000;30;;1783289137;0.047495;5713.000000;6574.333333;
te80-5.txt;10;randomizado;0.150000;30;;1783289138;0.048833;5460.000000;6338.133333;
te80-5.txt;10;randomizado;0.150000;30;;1783289139;0.036461;5831.000000;6495.800000;
te80-5.txt;10;randomizado;0.150000;30;;1783289140;0.044585;5684.000000;6507.000000;
te80-5.txt;10;randomizado;0.150000;30;;1783289141;0.029653;5875.000000;6543.233333;
te80-5.txt;10;randomizado;0.150000;30;;1783289142;0.028648;5411.000000;6409.800000;
te80-5.txt;10;randomizado;0.300000;30;;1783289133;0.040148;5199.000000;6742.866667;
te80-5.txt;10;randomizado;0.300000;30;;1783289134;0.035817;6187.000000;6787.600000;
te80-5.txt;10;randomizado;0.300000;30;;1783289135;0.034594;5890.000000;6805.700000;
te80-5.txt;10;randomizado;0.300000;30;;1783289136;0.050817;6033.000000;6677.633333;
te80-5.txt;10;randomizado;0.300000;30;;1783289137;0.039857;6015.000000;6804.900000;
te80-5.txt;10;randomizado;0.300000;30;;1783289138;0.051686;5996.000000;6700.466667;
te80-5.txt;10;randomizado;0.300000;30;;1783289139;0.038721;5637.000000;6766.900000;
te80-5.txt;10;randomizado;0.300000;30;;1783289140;0.019906;6118.000000;6761.233333;
te80-5.txt;10;randomizado;0.300000;30;;1783289141;0.034728;5795.000000;6667.533333;
te80-5.txt;10;randomizado;0.300000;30;;1783289142;0.023169;5918.000000;6708.400000;
te80-5.txt;10;reativo;;300;30;1783289133;0.364670;2605.000000;4737.770000;0.050000
te80-5.txt;10;reativo;;300;30;1783289134;0.320521;2677.000000;4924.300000;0.050000
te80-5.txt;10;reativo;;300;30;1783289135;0.444712;2656.000000;5099.910000;0.050000
te80-5.txt;10;reativo;;300;30;1783289136;0.430614;2669.000000;4745.876667;0.050000
te80-5.txt;10;reativo;;300;30;1783289137;0.353344;2565.000000;4623.540000;0.050000
te80-5.txt;10;reativo;;300;30;1783289138;0.420162;2636.000000;4831.483333;0.050000
te80-5.txt;10;reativo;;300;30;1783289139;0.387733;2688.000000;5024.210000;0.050000
te80-5.txt;10;reativo;;300;30;1783289140;0.394025;2674.000000;4795.696667;0.050000
te80-5.txt;10;reativo;;300;30;1783289141;0.379621;2666.000000;4927.550000;0.050000
te80-5.txt;10;reativo;;300;30;1783289142;0.374603;2669.000000;4796.603333;0.050000
te80-5.txt;20;guloso;;1;;1783289133;0.000424;1474.000000;;
te80-5.txt;20;guloso;;1;;1783289134;0.001061;1474.000000;;
te80-5.txt;20;guloso;;1;;1783289135;0.000526;1474.000000;;
te80-5.txt;20;guloso;;1;;1783289136;0.000529;1474.000000;;
te80-5.txt;20;guloso;;1;;1783289137;0.001126;1474.000000;;
te80-5.txt;20;guloso;;1;;1783289138;0.001133;1474.000000;;
te80-5.txt;20;guloso;;1;;1783289139;0.001133;1474.000000;;
te80-5.txt;20;guloso;;1;;1783289140;0.000615;1474.000000;;
te80-5.txt;20;guloso;;1;;1783289141;0.000956;1474.000000;;
te80-5.txt;20;guloso;;1;;1783289142;0.000911;1474.000000;;
te80-5.txt;20;randomizado;0.050000;30;;1783289133;0.048584;2800.000000;2997.166667;
te80-5.txt;20;randomizado;0.050000;30;;1783289134;0.051194;2701.000000;3022.566667;
te80-5.txt;20;randomizado;0.050000;30;;1783289135;0.047648;2732.000000;2991.666667;
te80-5.txt;20;randomizado;0.050000;30;;1783289136;0.054274;2780.000000;3004.100000;
te80-5.txt;20;randomizado;0.050000;30;;1783289137;0.059674;2698.000000;2995.633333;
te80-5.txt;20;randomizado;0.050000;30;;1783289138;0.053928;2788.000000;3006.566667;
te80-5.txt;20;randomizado;0.050000;30;;1783289139;0.032943;2699.000000;2974.700000;
te80-5.txt;20;randomizado;0.050000;30;;1783289140;0.030731;2592.000000;2996.300000;
te80-5.txt;20;randomizado;0.050000;30;;1783289141;0.040787;2632.000000;3034.433333;
te80-5.txt;20;randomizado;0.050000;30;;1783289142;0.033253;2729.000000;3010.466667;
te80-5.txt;20;randomizado;0.150000;30;;1783289133;0.053854;5632.000000;6727.266667;
te80-5.txt;20;randomizado;0.150000;30;;1783289134;0.055741;5954.000000;6570.433333;
te80-5.txt;20;randomizado;0.150000;30;;1783289135;0.044914;5298.000000;6499.566667;
te80-5.txt;20;randomizado;0.150000;30;;1783289136;0.025405;5834.000000;6563.533333;
te80-5.txt;20;randomizado;0.150000;30;;1783289137;0.036541;5194.000000;6567.733333;
te80-5.txt;20;randomizado;0.150000;30;;1783289138;0.057073;5083.000000;6653.366667;
te80-5.txt;20;randomizado;0.150000;30;;1783289139;0.052551;5382.000000;6528.400000;
te80-5.txt;20;randomizado;0.150000;30;;1783289140;0.055561;6180.000000;6785.966667;
te80-5.txt;20;randomizado;0.150000;30;;1783289141;0.040582;5933.000000;6640.800000;
te80-5.txt;20;randomizado;0.150000;30;;1783289142;0.059824;5934.000000;6561.200000;
te80-5.txt;20;randomizado;0.300000;30;;1783289133;0.038686;6278.000000;6916.466667;
te80-5.txt;20;randomizado;0.300000;30;;1783289134;0.024076;5860.000000;6801.300000;
te80-5.txt;20;randomizado;0.300000;30;;1783289135;0.023995;6001.000000;6821.666667;
te80-5.txt;20;randomizado;0.300000;30;;1783289136;0.023135;6266.000000;6810.266667;
te80-5.txt;20;randomizado;0.300000;30;;1783289137;0.038406;5139.000000;6844.266667;
te80-5.txt;20;randomizado;0.300000;30;;1783289138;0.022652;6257.000000;7002.766667;
te80-5.txt;20;randomizado;0.300000;30;;1783289139;0.051722;5973.000000;6811.333333;
te80-5.txt;20;randomizado;0.300000;30;;1783289140;0.056865;5786.000000;6901.500000;
te80-5.txt;20;randomizado;0.300000;30;;1783289141;0.028624;6065.000000;6907.366667;
te80-5.txt;20;randomizado;0.300000;30;;1783289142;0.040992;6441.000000;6978.166667;
te80-5.txt;20;reativo;;300;30;1783289133;0.487158;2617.000000;4720.856667;0.050000
te80-5.txt;20;reativo;;300;30;1783289134;0.340853;2622.000000;4956.783333;0.050000
te80-5.txt;20;reativo;;300;30;1783289135;0.391079;2674.000000;5084.750000;0.050000
te80-5.txt;20;reativo;;300;30;1783289136;0.414431;2602.000000;4698.253333;0.050000
te80-5.txt;20;reativo;;300;30;1783289137;0.375786;2649.000000;4647.500000;0.050000
te80-5.txt;20;reativo;;300;30;1783289138;0.351180;2621.000000;4897.413333;0.050000
te80-5.txt;20;reativo;;300;30;1783289139;0.400467;2760.000000;5026.083333;0.050000
te80-5.txt;20;reativo;;300;30;1783289140;0.416094;2644.000000;4797.810000;0.050000
te80-5.txt;20;reativo;;300;30;1783289141;0.492895;2694.000000;4934.136667;0.050000
te80-5.txt;20;reativo;;300;30;1783289142;0.473390;2654.000000;4810.760000;0.050000
cm100r1.dat;200;guloso;;1;;1783289133;0.002035;905.000000;;
cm100r1.dat;200;guloso;;1;;1783289134;0.000823;905.000000;;
cm100r1.dat;200;guloso;;1;;1783289135;0.002181;905.000000;;
cm100r1.dat;200;guloso;;1;;1783289136;0.000842;905.000000;;
cm100r1.dat;200;guloso;;1;;1783289137;0.001823;905.000000;;
cm100r1.dat;200;guloso;;1;;1783289138;0.002937;905.000000;;
cm100r1.dat;200;guloso;;1;;1783289139;0.001674;905.000000;;
cm100r1.dat;200;guloso;;1;;1783289140;0.002170;905.000000;;
cm100r1.dat;200;guloso;;1;;1783289141;0.001113;905.000000;;
cm100r1.dat;200;guloso;;1;;1783289142;0.002433;905.000000;;
cm100r1.dat;200;randomizado;0.050000;30;;1783289133;0.048448;938.000000;1038.166667;
cm100r1.dat;200;randomizado;0.050000;30;;1783289134;0.054550;882.000000;1001.700000;
cm100r1.dat;200;randomizado;0.050000;30;;1783289135;0.072312;802.000000;988.166667;
cm100r1.dat;200;randomizado;0.050000;30;;1783289136;0.056953;862.000000;1026.333333;
cm100r1.dat;200;randomizado;0.050000;30;;1783289137;0.030432;817.000000;1002.033333;
cm100r1.dat;200;randomizado;0.050000;30;;1783289138;0.070001;842.000000;1016.333333;
cm100r1.dat;200;randomizado;0.050000;30;;1783289139;0.044047;802.000000;1017.800000;
cm100r1.dat;200;randomizado;0.050000;30;;1783289140;0.050466;863.000000;1005.200000;
cm100r1.dat;200;randomizado;0.050000;30;;1783289141;0.040763;866.000000;997.566667;
cm100r1.dat;200;randomizado;0.050000;30;;1783289142;0.046220;848.000000;982.000000;
cm100r1.dat;200;randomizado;0.150000;30;;1783289133;0.030296;1118.000000;1321.966667;
cm100r1.dat;200;randomizado;0.150000;30;;1783289134;0.055435;1125.000000;1330.066667;
cm100r1.dat;200;randomizado;0.150000;30;;1783289135;0.058679;1066.000000;1321.166667;
cm100r1.dat;200;randomizado;0.150000;30;;1783289136;0.069169;1178.000000;1328.166667;
cm100r1.dat;200;randomizado;0.150000;30;;1783289137;0.053167;1168.000000;1316.800000;
cm100r1.dat;200;randomizado;0.150000;30;;1783289138;0.053062;1169.000000;1348.800000;
cm100r1.dat;200;randomizado;0.150000;30;;1783289139;0.061002;1219.000000;1345.433333;
cm100r1.dat;200;randomizado;0.150000;30;;1783289140;0.066049;1173.000000;1319.233333;
cm100r1.dat;200;randomizado;0.150000;30;;1783289141;0.049885;1129.000000;1341.700000;
cm100r1.dat;200;randomizado;0.150000;30;;1783289142;0.038649;1093.000000;1325.033333;
cm100r1.dat;200;randomizado;0.300000;30;;1783289133;0.082162;1606.000000;1864.733333;
cm100r1.dat;200;randomizado;0.300000;30;;1783289134;0.046195;1536.000000;1867.000000;
cm100r1.dat;200;randomizado;0.300000;30;;1783289135;0.077672;1625.000000;1867.933333;
cm100r1.dat;200;randomizado;0.300000;30;;1783289136;0.059670;1660.000000;1871.566667;
cm100r1.dat;200;randomizado;0.300000;30;;1783289137;0.077204;1669.000000;1859.833333;
cm100r1.dat;200;randomizado;0.300000;30;;1783289138;0.067967;1646.000000;1884.700000;
cm100r1.dat;200;randomizado;0.300000;30;;1783289139;0.056020;1679.000000;1884.166667;
cm100r1.dat;200;randomizado;0.300000;30;;1783289140;0.044409;1609.000000;1824.833333;
cm100r1.dat;200;randomizado;0.300000;30;;1783289141;0.074422;1600.000000;1836.000000;
cm100r1.dat;200;randomizado;0.300000;30;;1783289142;0.063743;1609.000000;1844.166667;
cm100r1.dat;200;reativo;;300;30;1783289133;0.626592;827.000000;1329.986667;0.050000
cm100r1.dat;200;reativo;;300;30;1783289134;0.466310;835.000000;1331.896667;0.050000
cm100r1.dat;200;reativo;;300;30;1783289135;0.468704;876.000000;1350.556667;0.050000
cm100r1.dat;200;reativo;;300;30;1783289136;0.325234;823.000000;1307.423333;0.050000
cm100r1.dat;200;reativo;;300;30;1783289137;0.478849;809.000000;1340.116667;0.050000
cm100r1.dat;200;reativo;;300;30;1783289138;0.604309;817.000000;1290.506667;0.050000
cm100r1.dat;200;reativo;;300;30;1783289139;0.602974;797.000000;1320.243333;0.050000
cm100r1.dat;200;reativo;;300;30;1783289140;0.456327;858.000000;1321.470000;0.050000
cm100r1.dat;200;reativo;;300;30;1783289141;0.602114;863.000000;1315.226667;0.050000
cm100r1.dat;200;reativo;;300;30;1783289142;0.570926;844.000000;1302.740000;0.050000
cm100r1.dat;400;guloso;;1;;1783289133;0.001156;531.000000;;
cm100r1.dat;400;guloso;;1;;1783289134;0.002196;531.000000;;
cm100r1.dat;400;guloso;;1;;1783289135;0.002782;531.000000;;
cm100r1.dat;400;guloso;;1;;1783289136;0.001637;531.000000;;
cm100r1.dat;400;guloso;;1;;1783289137;0.000963;531.000000;;
cm100r1.dat;400;guloso;;1;;1783289138;0.001931;531.000000;;
cm100r1.dat;400;guloso;;1;;1783289139;0.002550;531.000000;;
cm100r1.dat;400;guloso;;1;;1783289140;0.000812;531.000000;;
cm100r1.dat;400;guloso;;1;;1783289141;0.001449;531.000000;;
cm100r1.dat;400;guloso;;1;;1783289142;0.001687;531.000000;;
cm100r1.dat;400;randomizado;0.050000;30;;1783289133;0.050440;459.000000;574.133333;
cm100r1.dat;400;randomizado;0.050000;30;;1783289134;0.033454;463.000000;565.433333;
cm100r1.dat;400;randomizado;0.050000;30;;1783289135;0.066539;469.000000;572.100000;
cm100r1.dat;400;randomizado;0.050000;30;;1783289136;0.063048;462.000000;557.666667;
cm100r1.dat;400;randomizado;0.050000;30;;1783289137;0.035229;466.000000;589.300000;
cm100r1.dat;400;randomizado;0.050000;30;;1783289138;0.044671;463.000000;566.333333;
cm100r1.dat;400;randomizado;0.050000;30;;1783289139;0.048260;457.000000;579.366667;
cm100r1.dat;400;randomizado;0.050000;30;;1783289140;0.043320;470.000000;582.366667;
cm100r1.dat;400;randomizado;0.050000;30;;1783289141;0.058261;492.000000;569.800000;
cm100r1.dat;400;randomizado;0.050000;30;;1783289142;0.072166;469.000000;566.700000;
cm100r1.dat;400;randomizado;0.150000;30;;1783289133;0.041740;824.000000;980.633333;
cm100r1.dat;400;randomizado;0.150000;30;;1783289134;0.077687;841.000000;964.866667;
cm100r1.dat;400;randomizado;0.150000;30;;1783289135;0.077601;835.000000;970.433333;
cm100r1.dat;400;randomizado;0.150000;30;;1783289136;0.061504;821.000000;964.300000;
cm100r1.dat;400;randomizado;0.150000;30;;1783289137;0.076329;857.000000;948.633333;
cm100r1.dat;400;randomizado;0.150000;30;;1783289138;0.077615;839.000000;979.733333;
cm100r1.dat;400;randomizado;0.150000;30;;1783289139;0.067345;878.000000;972.433333;
cm100r1.dat;400;randomizado;0.150000;30;;1783289140;0.048681;797.000000;964.733333;
cm100r1.dat;400;randomizado;0.150000;30;;1783289141;0.047271;867.000000;978.066667;
cm100r1.dat;400;randomizado;0.150000;30;;1783289142;0.077020;889.000000;991.866667;
cm100r1.dat;400;randomizado;0.300000;30;;1783289133;0.081178;1412.000000;1587.700000;
cm100r1.dat;400;randomizado;0.300000;30;;1783289134;0.088481;1376.000000;1629.666667;
cm100r1.dat;400;randomizado;0.300000;30;;1783289135;0.057910;1470.000000;1618.333333;
cm100r1.dat;400;randomizado;0.300000;30;;1783289136;0.069333;1380.000000;1605.333333;
cm100r1.dat;400;randomizado;0.300000;30;;1783289137;0.067392;1488.000000;1640.100000;
cm100r1.dat;400;randomizado;0.300000;30;;1783289138;0.054074;1471.000000;1654.166667;
cm100r1.dat;400;randomizado;0.300000;30;;1783289139;0.057511;1457.000000;1620.233333;
cm100r1.dat;400;randomizado;0.300000;30;;1783289140;0.066290;1346.000000;1584.966667;
cm100r1.dat;400;randomizado;0.300000;30;;1783289141;0.071183;1458.000000;1597.566667;
cm100r1.dat;400;randomizado;0.300000;30;;1783289142;0.074473;1472.000000;1607.666667;
cm100r1.dat;400;reativo;;300;30;1783289133;0.680521;451.000000;901.856667;0.050000
cm100r1.dat;400;reativo;;300;30;1783289134;0.689974;441.000000;905.083333;0.050000
cm100r1.dat;400;reativo;;300;30;1783289135;0.552777;466.000000;922.746667;0.050000
cm100r1.dat;400;reativo;;300;30;1783289136;0.732589;448.000000;909.900000;0.050000
cm100r1.dat;400;reativo;;300;30;1783289137;0.538414;439.000000;922.916667;0.050000
cm100r1.dat;400;reativo;;300;30;1783289138;0.573471;423.000000;855.100000;0.050000
cm100r1.dat;400;reativo;;300;30;1783289139;0.491741;439.000000;896.073333;0.050000
cm100r1.dat;400;reativo;;300;30;1783289140;0.554443;444.000000;875.563333;0.050000
cm100r1.dat;400;reativo;;300;30;1783289141;0.727054;442.000000;879.570000;0.050000
cm100r1.dat;400;reativo;;300;30;1783289142;0.719637;447.000000;885.173333;0.050000
cm100r1.dat;800;guloso;;1;;1783289133;0.002311;310.000000;;
cm100r1.dat;800;guloso;;1;;1783289134;0.002436;310.000000;;
cm100r1.dat;800;guloso;;1;;1783289135;0.002078;310.000000;;
cm100r1.dat;800;guloso;;1;;1783289136;0.001390;310.000000;;
cm100r1.dat;800;guloso;;1;;1783289137;0.001788;310.000000;;
cm100r1.dat;800;guloso;;1;;1783289138;0.000818;310.000000;;
cm100r1.dat;800;guloso;;1;;1783289139;0.001341;310.000000;;
cm100r1.dat;800;guloso;;1;;1783289140;0.001749;310.000000;;
cm100r1.dat;800;guloso;;1;;1783289141;0.001889;310.000000;;
cm100r1.dat;800;guloso;;1;;1783289142;0.000808;310.000000;;
cm100r1.dat;800;randomizado;0.050000;30;;1783289133;0.061622;337.000000;422.033333;
cm100r1.dat;800;randomizado;0.050000;30;;1783289134;0.079756;344.000000;428.266667;
cm100r1.dat;800;randomizado;0.050000;30;;1783289135;0.086213;337.000000;420.500000;
cm100r1.dat;800;randomizado;0.050000;30;;1783289136;0.082808;324.000000;396.800000;
cm100r1.dat;800;randomizado;0.050000;30;;1783289137;0.084190;307.000000;411.000000;
cm100r1.dat;800;randomizado;0.050000;30;;1783289138;0.082803;318.000000;408.266667;
cm100r1.dat;800;randomizado;0.050000;30;;1783289139;0.081727;330.000000;407.133333;
cm100r1.dat;800;randomizado;0.050000;30;;1783289140;0.068023;334.000000;420.866667;
cm100r1.dat;800;randomizado;0.050000;30;;1783289141;0.060584;342.000000;430.166667;
cm100r1.dat;800;randomizado;0.050000;30;;1783289142;0.079246;335.000000;426.100000;
cm100r1.dat;800;randomizado;0.150000;30;;1783289133;0.063590;758.000000;849.433333;
cm100r1.dat;800;randomizado;0.150000;30;;1783289134;0.040802;730.000000;850.533333;
cm100r1.dat;800;randomizado;0.150000;30;;1783289135;0.057321;740.000000;855.600000;
cm100r1.dat;800;randomizado;0.150000;30;;1783289136;0.065325;745.000000;832.800000;
cm100r1.dat;800;randomizado;0.150000;30;;1783289137;0.079005;728.000000;867.100000;
cm100r1.dat;800;randomizado;0.150000;30;;1783289138;0.079545;766.000000;850.866667;
cm100r1.dat;800;randomizado;0.150000;30;;1783289139;0.044078;723.000000;845.500000;
cm100r1.dat;800;randomizado;0.150000;30;;1783289140;0.083979;746.000000;855.400000;
cm100r1.dat;800;randomizado;0.150000;30;;1783289141;0.072207;749.000000;853.233333;
cm100r1.dat;800;randomizado;0.150000;30;;1783289142;0.084171;742.000000;877.966667;
cm100r1.dat;800;randomizado;0.300000;30;;1783289133;0.092999;1366.000000;1571.500000;
cm100r1.dat;800;randomizado;0.300000;30;;1783289134;0.045537;1413.000000;1552.866667;
cm100r1.dat;800;randomizado;0.300000;30;;1783289135;0.058661;1406.000000;1588.466667;
cm100r1.dat;800;randomizado;0.300000;30;;1783289136;0.091317;1445.000000;1559.400000;
cm100r1.dat;800;randomizado;0.300000;30;;1783289137;0.077784;1437.000000;1571.866667;
cm100r1.dat;800;randomizado;0.300000;30;;1783289138;0.088350;1335.000000;1584.533333;
cm100r1.dat;800;randomizado;0.300000;30;;1783289139;0.068245;1388.000000;1570.666667;
cm100r1.dat;800;randomizado;0.300000;30;;1783289140;0.080394;1424.000000;1588.500000;
cm100r1.dat;800;randomizado;0.300000;30;;1783289141;0.078313;1399.000000;1583.933333;
cm100r1.dat;800;randomizado;0.300000;30;;1783289142;0.094835;1399.000000;1577.466667;
cm100r1.dat;800;reativo;;300;30;1783289133;0.547343;324.000000;747.806667;0.050000
cm100r1.dat;800;reativo;;300;30;1783289134;0.663286;311.000000;728.096667;0.050000
cm100r1.dat;800;reativo;;300;30;1783289135;0.724044;318.000000;773.570000;0.050000
cm100r1.dat;800;reativo;;300;30;1783289136;0.607995;310.000000;732.810000;0.050000
cm100r1.dat;800;reativo;;300;30;1783289137;0.790937;314.000000;772.330000;0.050000
cm100r1.dat;800;reativo;;300;30;1783289138;0.614096;318.000000;701.076667;0.050000
cm100r1.dat;800;reativo;;300;30;1783289139;0.689352;324.000000;729.636667;0.050000
cm100r1.dat;800;reativo;;300;30;1783289140;0.715876;323.000000;719.090000;0.050000
cm100r1.dat;800;reativo;;300;30;1783289141;0.777106;331.000000;718.946667;0.050000
cm100r1.dat;800;reativo;;300;30;1783289142;0.784795;314.000000;735.456667;0.050000
cm100r2.dat;200;guloso;;1;;1783289133;0.003494;1267.000000;;
cm100r2.dat;200;guloso;;1;;1783289134;0.002039;1267.000000;;
cm100r2.dat;200;guloso;;1;;1783289135;0.002308;1267.000000;;
cm100r2.dat;200;guloso;;1;;1783289136;0.002013;1267.000000;;
cm100r2.dat;200;guloso;;1;;1783289137;0.000828;1267.000000;;
cm100r2.dat;200;guloso;;1;;1783289138;0.002250;1267.000000;;
cm100r2.dat;200;guloso;;1;;1783289139;0.001801;1267.000000;;
cm100r2.dat;200;guloso;;1;;1783289140;0.001278;1267.000000;;
cm100r2.dat;200;guloso;;1;;1783289141;0.000815;1267.000000;;
cm100r2.dat;200;guloso;;1;;1783289142;0.002201;1267.000000;;
cm100r2.dat;200;randomizado;0.050000;30;;1783289133;0.060609;1107.000000;1288.400000;
cm100r2.dat;200;randomizado;0.050000;30;;1783289134;0.040732;1076.000000;1318.200000;
cm100r2.dat;200;randomizado;0.050000;30;;1783289135;0.063353;1195.000000;1316.633333;
cm100r2.dat;200;randomizado;0.050000;30;;1783289136;0.054968;1112.000000;1286.233333;
cm100r2.dat;200;randomizado;0.050000;30;;1783289137;0.055255;1209.000000;1315.266667;
cm100r2.dat;200;randomizado;0.050000;30;;1783289138;0.067197;1091.000000;1316.333333;
cm100r2.dat;200;randomizado;0.050000;30;;1783289139;0.066497;1113.000000;1295.266667;
cm100r2.dat;200;randomizado;0.050000;30;;1783289140;0.033738;1157.000000;1287.900000;
cm100r2.dat;200;randomizado;0.050000;30;;1783289141;0.029186;1130.000000;1291.466667;
cm100r2.dat;200;randomizado;0.050000;30;;1783289142;0.046474;1154.000000;1312.966667;
cm100r2.dat;200;randomizado;0.150000;30;;1783289133;0.053129;1285.000000;1545.833333;
cm100r2.dat;200;randomizado;0.150000;30;;1783289134;0.031378;1417.000000;1590.666667;
cm100r2.dat;200;randomizado;0.150000;30;;1783289135;0.032629;1434.000000;1570.433333;
cm100r2.dat;200;randomizado;0.150000;30;;1783289136;0.031097;1355.000000;1532.833333;
cm100r2.dat;200;randomizado;0.150000;30;;1783289137;0.058670;1381.000000;1565.733333;
cm100r2.dat;200;randomizado;0.150000;30;;1783289138;0.031914;1389.000000;1581.500000;
cm100r2.dat;200;randomizado;0.150000;30;;1783289139;0.043372;1388.000000;1541.966667;
cm100r2.dat;200;randomizado;0.150000;30;;1783289140;0.029021;1403.000000;1567.100000;
cm100r2.dat;200;randomizado;0.150000;30;;1783289141;0.030485;1403.000000;1575.400000;
cm100r2.dat;200;randomizado;0.150000;30;;1783289142;0.049823;1304.000000;1576.700000;
cm100r2.dat;200;randomizado;0.300000;30;;1783289133;0.065477;1865.000000;2072.433333;
cm100r2.dat;200;randomizado;0.300000;30;;1783289134;0.063147;1758.000000;2080.400000;
cm100r2.dat;200;randomizado;0.300000;30;;1783289135;0.067172;1838.000000;2040.400000;
cm100r2.dat;200;randomizado;0.300000;30;;1783289136;0.031129;1964.000000;2071.133333;
cm100r2.dat;200;randomizado;0.300000;30;;1783289137;0.050451;1763.000000;2048.900000;
cm100r2.dat;200;randomizado;0.300000;30;;1783289138;0.039573;1802.000000;2057.766667;
cm100r2.dat;200;randomizado;0.300000;30;;1783289139;0.049496;1829.000000;2070.933333;
cm100r2.dat;200;randomizado;0.300000;30;;1783289140;0.072160;1793.000000;2013.666667;
cm100r2.dat;200;randomizado;0.300000;30;;1783289141;0.061649;1763.000000;2069.633333;
cm100r2.dat;200;randomizado;0.300000;30;;1783289142;0.057020;1795.000000;2056.033333;
cm100r2.dat;200;reativo;;300;30;1783289133;0.534150;1055.000000;1609.026667;0.050000
cm100r2.dat;200;reativo;;300;30;1783289134;0.465937;1116.000000;1594.736667;0.050000
cm100r2.dat;200;reativo;;300;30;1783289135;0.471275;1045.000000;1609.330000;0.050000
cm100r2.dat;200;reativo;;300;30;1783289136;0.496410;1065.000000;1555.956667;0.050000
cm100r2.dat;200;reativo;;300;30;1783289137;0.551752;1030.000000;1608.106667;0.050000
cm100r2.dat;200;reativo;;300;30;1783289138;0.508303;1066.000000;1554.720000;0.050000
cm100r2.dat;200;reativo;;300;30;1783289139;0.505638;1045.000000;1570.296667;0.050000
cm100r2.dat;200;reativo;;300;30;1783289140;0.466946;1080.000000;1583.400000;0.050000
cm100r2.dat;200;reativo;;300;30;1783289141;0.613690;1041.000000;1559.660000;0.050000
cm100r2.dat;200;reativo;;300;30;1783289142;0.519579;1092.000000;1562.753333;0.050000
cm100r2.dat;400;guloso;;1;;1783289133;0.001092;601.000000;;
cm100r2.dat;400;guloso;;1;;1783289134;0.001795;601.000000;;
cm100r2.dat;400;guloso;;1;;1783289135;0.001713;601.000000;;
cm100r2.dat;400;guloso;;1;;1783289136;0.002036;601.000000;;
cm100r2.dat;400;guloso;;1;;1783289137;0.000830;601.000000;;
cm100r2.dat;400;guloso;;1;;1783289138;0.002508;601.000000;;
cm100r2.dat;400;guloso;;1;;1783289139;0.002007;601.000000;;
cm100r2.dat;400;guloso;;1;;1783289140;0.002058;601.000000;;
cm100r2.dat;400;guloso;;1;;1783289141;0.002984;601.000000;;
cm100r2.dat;400;guloso;;1;;1783289142;0.001294;601.000000;;
cm100r2.dat;400;randomizado;0.050000;30;;1783289133;0.060278;493.000000;657.000000;
cm100r2.dat;400;randomizado;0.050000;30;;1783289134;0.068476;612.000000;684.233333;
cm100r2.dat;400;randomizado;0.050000;30;;1783289135;0.040334;581.000000;672.933333;
cm100r2.dat;400;randomizado;0.050000;30;;1783289136;0.033099;582.000000;657.533333;
cm100r2.dat;400;randomizado;0.050000;30;;1783289137;0.058201;565.000000;693.466667;
cm100r2.dat;400;randomizado;0.050000;30;;1783289138;0.062748;548.000000;667.433333;
cm100r2.dat;400;randomizado;0.050000;30;;1783289139;0.029586;515.000000;669.300000;
cm100r2.dat;400;randomizado;0.050000;30;;1783289140;0.072478;542.000000;650.233333;
cm100r2.dat;400;randomizado;0.050000;30;;1783289141;0.070456;568.000000;655.766667;
cm100r2.dat;400;randomizado;0.050000;30;;1783289142;0.058664;592.000000;680.166667;
cm100r2.dat;400;randomizado;0.150000;30;;1783289133;0.045256;899.000000;1045.033333;
cm100r2.dat;400;randomizado;0.150000;30;;1783289134;0.055023;903.000000;1032.733333;
cm100r2.dat;400;randomizado;0.150000;30;;1783289135;0.060769;901.000000;1009.033333;
cm100r2.dat;400;randomizado;0.150000;30;;1783289136;0.061770;939.000000;1067.366667;
cm100r2.dat;400;randomizado;0.150000;30;;1783289137;0.034540;937.000000;1020.433333;
cm100r2.dat;400;randomizado;0.150000;30;;1783289138;0.056669;855.000000;1026.700000;
cm100r2.dat;400;randomizado;0.150000;30;;1783289139;0.034748;904.000000;1029.233333;
cm100r2.dat;400;randomizado;0.150000;30;;1783289140;0.058387;865.000000;1041.266667;
cm100r2.dat;400;randomizado;0.150000;30;;1783289141;0.062784;947.000000;1050.300000;
cm100r2.dat;400;randomizado;0.150000;30;;1783289142;0.068443;897.000000;1037.766667;
cm100r2.dat;400;randomizado;0.300000;30;;1783289133;0.084138;1364.000000;1654.833333;
cm100r2.dat;400;randomizado;0.300000;30;;1783289134;0.066703;1398.000000;1656.800000;
cm100r2.dat;400;randomizado;0.300000;30;;1783289135;0.049014;1500.000000;1694.066667;
cm100r2.dat;400;randomizado;0.300000;30;;1783289136;0.068520;1422.000000;1609.466667;
cm100r2.dat;400;randomizado;0.300000;30;;1783289137;0.089769;1443.000000;1649.833333;
cm100r2.dat;400;randomizado;0.300000;30;;1783289138;0.073770;1443.000000;1636.133333;
cm100r2.dat;400;randomizado;0.300000;30;;1783289139;0.066723;1423.000000;1633.033333;
cm100r2.dat;400;randomizado;0.300000;30;;1783289140;0.045158;1520.000000;1669.333333;
cm100r2.dat;400;randomizado;0.300000;30;;1783289141;0.053081;1433.000000;1628.066667;
cm100r2.dat;400;randomizado;0.300000;30;;1783289142;0.069239;1471.000000;1661.366667;
cm100r2.dat;400;reativo;;300;30;1783289133;0.645449;536.000000;1003.086667;0.050000
cm100r2.dat;400;reativo;;300;30;1783289134;0.611410;549.000000;998.053333;0.050000
cm100r2.dat;400;reativo;;300;30;1783289135;0.564179;506.000000;1012.440000;0.050000
cm100r2.dat;400;reativo;;300;30;1783289136;0.603495;539.000000;987.163333;0.050000
cm100r2.dat;400;reativo;;300;30;1783289137;0.559792;541.000000;1014.110000;0.050000
cm100r2.dat;400;reativo;;300;30;1783289138;0.433790;527.000000;964.890000;0.050000
cm100r2.dat;400;reativo;;300;30;1783289139;0.658502;544.000000;991.210000;0.050000
cm100r2.dat;400;reativo;;300;30;1783289140;0.752598;527.000000;974.713333;0.050000
cm100r2.dat;400;reativo;;300;30;1783289141;0.613075;529.000000;977.230000;0.050000
cm100r2.dat;400;reativo;;300;30;1783289142;0.622810;513.000000;984.833333;0.050000
cm100r2.dat;800;guloso;;1;;1783289133;0.002134;394.000000;;
cm100r2.dat;800;guloso;;1;;1783289134;0.001644;394.000000;;
cm100r2.dat;800;guloso;;1;;1783289135;0.001871;394.000000;;
cm100r2.dat;800;guloso;;1;;1783289136;0.002825;394.000000;;
cm100r2.dat;800;guloso;;1;;1783289137;0.002348;394.000000;;
cm100r2.dat;800;guloso;;1;;1783289138;0.001820;394.000000;;
cm100r2.dat;800;guloso;;1;;1783289139;0.001233;394.000000;;
cm100r2.dat;800;guloso;;1;;1783289140;0.006535;394.000000;;
cm100r2.dat;800;guloso;;1;;1783289141;0.000802;394.000000;;
cm100r2.dat;800;guloso;;1;;1783289142;0.000798;394.000000;;
cm100r2.dat;800;randomizado;0.050000;30;;1783289133;0.038570;353.000000;472.000000;
cm100r2.dat;800;randomizado;0.050000;30;;1783289134;0.068578;364.000000;471.733333;
cm100r2.dat;800;randomizado;0.050000;30;;1783289135;0.049738;375.000000;446.566667;
cm100r2.dat;800;randomizado;0.050000;30;;1783289136;0.090959;405.000000;471.800000;
cm100r2.dat;800;randomizado;0.050000;30;;1783289137;0.037811;386.000000;478.800000;
cm100r2.dat;800;randomizado;0.050000;30;;1783289138;0.062496;366.000000;459.966667;
cm100r2.dat;800;randomizado;0.050000;30;;1783289139;0.061185;357.000000;474.866667;
cm100r2.dat;800;randomizado;0.050000;30;;1783289140;0.049800;378.000000;473.433333;
cm100r2.dat;800;randomizado;0.050000;30;;1783289141;0.050117;388.000000;470.433333;
cm100r2.dat;800;randomizado;0.050000;30;;1783289142;0.065747;372.000000;463.733333;
cm100r2.dat;800;randomizado;0.150000;30;;1783289133;0.061372;719.000000;869.400000;
cm100r2.dat;800;randomizado;0.150000;30;;1783289134;0.059499;702.000000;863.000000;
cm100r2.dat;800;randomizado;0.150000;30;;1783289135;0.080975;767.000000;872.766667;
cm100r2.dat;800;randomizado;0.150000;30;;1783289136;0.048519;730.000000;872.200000;
cm100r2.dat;800;randomizado;0.150000;30;;1783289137;0.071582;779.000000;881.766667;
cm100r2.dat;800;randomizado;0.150000;30;;1783289138;0.059561;731.000000;875.433333;
cm100r2.dat;800;randomizado;0.150000;30;;1783289139;0.069227;771.000000;874.566667;
cm100r2.dat;800;randomizado;0.150000;30;;1783289140;0.053876;759.000000;896.400000;
cm100r2.dat;800;randomizado;0.150000;30;;1783289141;0.049034;751.000000;882.866667;
cm100r2.dat;800;randomizado;0.150000;30;;1783289142;0.062203;798.000000;904.800000;
cm100r2.dat;800;randomizado;0.300000;30;;1783289133;0.086439;1408.000000;1535.366667;
cm100r2.dat;800;randomizado;0.300000;30;;1783289134;0.048400;1355.000000;1561.633333;
cm100r2.dat;800;randomizado;0.300000;30;;1783289135;0.073055;1327.000000;1530.166667;
cm100r2.dat;800;randomizado;0.300000;30;;1783289136;0.053309;1374.000000;1525.833333;
cm100r2.dat;800;randomizado;0.300000;30;;1783289137;0.076335;1354.000000;1528.466667;
cm100r2.dat;800;randomizado;0.300000;30;;1783289138;0.068238;1360.000000;1513.366667;
cm100r2.dat;800;randomizado;0.300000;30;;1783289139;0.078692;1351.000000;1488.566667;
cm100r2.dat;800;randomizado;0.300000;30;;1783289140;0.093293;1393.000000;1575.366667;
cm100r2.dat;800;randomizado;0.300000;30;;1783289141;0.054577;1444.000000;1546.600000;
cm100r2.dat;800;randomizado;0.300000;30;;1783289142;0.064990;1395.000000;1548.100000;
cm100r2.dat;800;reativo;;300;30;1783289133;0.628049;340.000000;782.616667;0.050000
cm100r2.dat;800;reativo;;300;30;1783289134;0.682052;332.000000;765.650000;0.050000
cm100r2.dat;800;reativo;;300;30;1783289135;0.673969;361.000000;822.340000;0.050000
cm100r2.dat;800;reativo;;300;30;1783289136;0.526412;374.000000;783.633333;0.050000
cm100r2.dat;800;reativo;;300;30;1783289137;0.611594;352.000000;812.680000;0.050000
cm100r2.dat;800;reativo;;300;30;1783289138;0.713586;339.000000;746.843333;0.050000
cm100r2.dat;800;reativo;;300;30;1783289139;0.611773;366.000000;762.463333;0.050000
cm100r2.dat;800;reativo;;300;30;1783289140;0.654748;366.000000;760.413333;0.050000
cm100r2.dat;800;reativo;;300;30;1783289141;0.694898;358.000000;759.060000;0.050000
cm100r2.dat;800;reativo;;300;30;1783289142;0.629263;348.000000;767.860000;0.050000
cm100r3.dat;200;guloso;;1;;1783289133;0.000968;1164.000000;;
cm100r3.dat;200;guloso;;1;;1783289134;0.001210;1164.000000;;
cm100r3.dat;200;guloso;;1;;1783289135;0.000840;1164.000000;;
cm100r3.dat;200;guloso;;1;;1783289136;0.000826;1164.000000;;
cm100r3.dat;200;guloso;;1;;1783289137;0.001782;1164.000000;;
cm100r3.dat;200;guloso;;1;;1783289138;0.000813;1164.000000;;
cm100r3.dat;200;guloso;;1;;1783289139;0.002292;1164.000000;;
cm100r3.dat;200;guloso;;1;;1783289140;0.001412;1164.000000;;
cm100r3.dat;200;guloso;;1;;1783289141;0.000902;1164.000000;;
cm100r3.dat;200;guloso;;1;;1783289142;0.002015;1164.000000;;
cm100r3.dat;200;randomizado;0.050000;30;;1783289133;0.066795;834.000000;994.733333;
cm100r3.dat;200;randomizado;0.050000;30;;1783289134;0.049069;864.000000;1008.100000;
cm100r3.dat;200;randomizado;0.050000;30;;1783289135;0.033037;930.000000;1009.033333;
cm100r3.dat;200;randomizado;0.050000;30;;1783289136;0.044185;870.000000;1001.666667;
cm100r3.dat;200;randomizado;0.050000;30;;1783289137;0.055955;885.000000;1018.400000;
cm100r3.dat;200;randomizado;0.050000;30;;1783289138;0.055201;914.000000;1015.133333;
cm100r3.dat;200;randomizado;0.050000;30;;1783289139;0.027841;877.000000;996.300000;
cm100r3.dat;200;randomizado;0.050000;30;;1783289140;0.063635;846.000000;1014.866667;
cm100r3.dat;200;randomizado;0.050000;30;;1783289141;0.030874;839.000000;992.066667;
cm100r3.dat;200;randomizado;0.050000;30;;1783289142;0.065090;842.000000;990.600000;
cm100r3.dat;200;randomizado;0.150000;30;;1783289133;0.045137;1196.000000;1330.300000;
cm100r3.dat;200;randomizado;0.150000;30;;1783289134;0.058062;1141.000000;1336.233333;
cm100r3.dat;200;randomizado;0.150000;30;;1783289135;0.066586;1222.000000;1330.533333;
cm100r3.dat;200;randomizado;0.150000;30;;1783289136;0.052153;1147.000000;1337.200000;
cm100r3.dat;200;randomizado;0.150000;30;;1783289137;0.028843;1112.000000;1296.166667;
cm100r3.dat;200;randomizado;0.150000;30;;1783289138;0.045661;1165.000000;1315.066667;
cm100r3.dat;200;randomizado;0.150000;30;;1783289139;0.062006;1102.000000;1343.266667;
cm100r3.dat;200;randomizado;0.150000;30;;1783289140;0.066754;1173.000000;1336.533333;
cm100r3.dat;200;randomizado;0.150000;30;;1783289141;0.038809;1175.000000;1337.066667;
cm100r3.dat;200;randomizado;0.150000;30;;1783289142;0.066523;1219.000000;1332.733333;
cm100r3.dat;200;randomizado;0.300000;30;;1783289133;0.067660;1605.000000;1832.533333;
cm100r3.dat;200;randomizado;0.300000;30;;1783289134;0.064759;1656.000000;1838.000000;
cm100r3.dat;200;randomizado;0.300000;30;;1783289135;0.047256;1666.000000;1839.066667;
cm100r3.dat;200;randomizado;0.300000;30;;1783289136;0.067091;1643.000000;1829.633333;
cm100r3.dat;200;randomizado;0.300000;30;;1783289137;0.068990;1583.000000;1825.266667;
cm100r3.dat;200;randomizado;0.300000;30;;1783289138;0.043737;1578.000000;1823.266667;
cm100r3.dat;200;randomizado;0.300000;30;;1783289139;0.065160;1625.000000;1807.033333;
cm100r3.dat;200;randomizado;0.300000;30;;1783289140;0.073845;1572.000000;1852.733333;
cm100r3.dat;200;randomizado;0.300000;30;;1783289141;0.074819;1570.000000;1814.900000;
cm100r3.dat;200;randomizado;0.300000;30;;1783289142;0.043773;1677.000000;1862.433333;
cm100r3.dat;200;reativo;;300;30;1783289133;0.570461;827.000000;1313.110000;0.050000
cm100r3.dat;200;reativo;;300;30;1783289134;0.514285;818.000000;1319.836667;0.050000
cm100r3.dat;200;reativo;;300;30;1783289135;0.535000;826.000000;1337.476667;0.050000
cm100r3.dat;200;reativo;;300;30;1783289136;0.594709;868.000000;1295.586667;0.050000
cm100r3.dat;200;reativo;;300;30;1783289137;0.608413;858.000000;1340.923333;0.050000
cm100r3.dat;200;reativo;;300;30;1783289138;0.507251;841.000000;1281.393333;0.050000
cm100r3.dat;200;reativo;;300;30;1783289139;0.594487;849.000000;1301.443333;0.050000
cm100r3.dat;200;reativo;;300;30;1783289140;0.604905;852.000000;1311.806667;0.050000
cm100r3.dat;200;reativo;;300;30;1783289141;0.499478;847.000000;1293.590000;0.050000
cm100r3.dat;200;reativo;;300;30;1783289142;0.552210;860.000000;1303.093333;0.050000
cm100r3.dat;400;guloso;;1;;1783289133;0.002226;447.000000;;
cm100r3.dat;400;guloso;;1;;1783289134;0.001676;447.000000;;
cm100r3.dat;400;guloso;;1;;1783289135;0.001377;447.000000;;
cm100r3.dat;400;guloso;;1;;1783289136;0.001244;447.000000;;
cm100r3.dat;400;guloso;;1;;1783289137;0.001122;447.000000;;
cm100r3.dat;400;guloso;;1;;1783289138;0.001963;447.000000;;
cm100r3.dat;400;guloso;;1;;1783289139;0.001748;447.000000;;
cm100r3.dat;400;guloso;;1;;1783289140;0.002028;447.000000;;
cm100r3.dat;400;guloso;;1;;1783289141;0.001418;447.000000;;
cm100r3.dat;400;guloso;;1;;1783289142;0.002076;447.000000;;
cm100r3.dat;400;randomizado;0.050000;30;;1783289133;0.066931;453.000000;579.833333;
cm100r3.dat;400;randomizado;0.050000;30;;1783289134;0.054413;465.000000;564.066667;
cm100r3.dat;400;randomizado;0.050000;30;;1783289135;0.071767;436.000000;556.900000;
cm100r3.dat;400;randomizado;0.050000;30;;1783289136;0.032470;493.000000;569.600000;
cm100r3.dat;400;randomizado;0.050000;30;;1783289137;0.052317;455.000000;568.533333;
cm100r3.dat;400;randomizado;0.050000;30;;1783289138;0.055621;465.000000;559.400000;
cm100r3.dat;400;randomizado;0.050000;30;;1783289139;0.064391;482.000000;562.833333;
cm100r3.dat;400;randomizado;0.050000;30;;1783289140;0.064938;469.000000;546.766667;
cm100r3.dat;400;randomizado;0.050000;30;;1783289141;0.071153;478.000000;546.100000;
cm100r3.dat;400;randomizado;0.050000;30;;1783289142;0.056683;475.000000;563.833333;
cm100r3.dat;400;randomizado;0.150000;30;;1783289133;0.064095;850.000000;961.333333;
cm100r3.dat;400;randomizado;0.150000;30;;1783289134;0.055231;831.000000;953.033333;
cm100r3.dat;400;randomizado;0.150000;30;;1783289135;0.057918;789.000000;948.766667;
cm100r3.dat;400;randomizado;0.150000;30;;1783289136;0.067479;831.000000;961.533333;
cm100r3.dat;400;randomizado;0.150000;30;;1783289137;0.042843;846.000000;964.766667;
cm100r3.dat;400;randomizado;0.150000;30;;1783289138;0.070679;823.000000;960.666667;
cm100r3.dat;400;randomizado;0.150000;30;;1783289139;0.069505;810.000000;967.333333;
cm100r3.dat;400;randomizado;0.150000;30;;1783289140;0.083051;828.000000;949.166667;
cm100r3.dat;400;randomizado;0.150000;30;;1783289141;0.065441;839.000000;954.433333;
cm100r3.dat;400;randomizado;0.150000;30;;1783289142;0.037745;828.000000;947.933333;
cm100r3.dat;400;randomizado;0.300000;30;;1783289133;0.081737;1320.000000;1571.866667;
cm100r3.dat;400;randomizado;0.300000;30;;1783289134;0.090905;1417.000000;1578.266667;
cm100r3.dat;400;randomizado;0.300000;30;;1783289135;0.061143;1379.000000;1596.400000;
cm100r3.dat;400;randomizado;0.300000;30;;1783289136;0.069099;1423.000000;1582.366667;
cm100r3.dat;400;randomizado;0.300000;30;;1783289137;0.084600;1410.000000;1593.333333;
cm100r3.dat;400;randomizado;0.300000;30;;1783289138;0.056222;1372.000000;1581.433333;
cm100r3.dat;400;randomizado;0.300000;30;;1783289139;0.053697;1370.000000;1558.000000;
cm100r3.dat;400;randomizado;0.300000;30;;1783289140;0.075550;1371.000000;1562.066667;
cm100r3.dat;400;randomizado;0.300000;30;;1783289141;0.053192;1277.000000;1580.800000;
cm100r3.dat;400;randomizado;0.300000;30;;1783289142;0.061630;1397.000000;1593.933333;
cm100r3.dat;400;reativo;;300;30;1783289133;0.595208;424.000000;890.903333;0.050000
cm100r3.dat;400;reativo;;300;30;1783289134;0.526385;407.000000;887.026667;0.050000
cm100r3.dat;400;reativo;;300;30;1783289135;0.623102;454.000000;914.423333;0.050000
cm100r3.dat;400;reativo;;300;30;1783289136;0.543113;445.000000;883.226667;0.050000
cm100r3.dat;400;reativo;;300;30;1783289137;0.639283;452.000000;905.813333;0.050000
cm100r3.dat;400;reativo;;300;30;1783289138;0.551795;457.000000;845.043333;0.050000
cm100r3.dat;400;reativo;;300;30;1783289139;0.370617;439.000000;872.653333;0.050000
cm100r3.dat;400;reativo;;300;30;1783289140;0.394762;433.000000;867.446667;0.050000
cm100r3.dat;400;reativo;;300;30;1783289141;0.455071;449.000000;866.203333;0.050000
cm100r3.dat;400;reativo;;300;30;1783289142;0.514503;429.000000;873.016667;0.050000
cm100r3.dat;800;guloso;;1;;1783289133;0.002057;268.000000;;
cm100r3.dat;800;guloso;;1;;1783289134;0.002577;268.000000;;
cm100r3.dat;800;guloso;;1;;1783289135;0.001976;268.000000;;
cm100r3.dat;800;guloso;;1;;1783289136;0.002869;268.000000;;
cm100r3.dat;800;guloso;;1;;1783289137;0.002198;268.000000;;
cm100r3.dat;800;guloso;;1;;1783289138;0.000826;268.000000;;
cm100r3.dat;800;guloso;;1;;1783289139;0.002009;268.000000;;
cm100r3.dat;800;guloso;;1;;1783289140;0.002006;268.000000;;
cm100r3.dat;800;guloso;;1;;1783289141;0.000825;268.000000;;
cm100r3.dat;800;guloso;;1;;1783289142;0.001202;268.000000;;
cm100r3.dat;800;randomizado;0.050000;30;;1783289133;0.040336;313.000000;405.500000;
cm100r3.dat;800;randomizado;0.050000;30;;1783289134;0.049809;302.000000;394.700000;
cm100r3.dat;800;randomizado;0.050000;30;;1783289135;0.067496;317.000000;391.400000;
cm100r3.dat;800;randomizado;0.050000;30;;1783289136;0.047249;312.000000;399.233333;
cm100r3.dat;800;randomizado;0.050000;30;;1783289137;0.043582;311.000000;398.800000;
cm100r3.dat;800;randomizado;0.050000;30;;1783289138;0.044198;301.000000;390.666667;
cm100r3.dat;800;randomizado;0.050000;30;;1783289139;0.055370;303.000000;380.100000;
cm100r3.dat;800;randomizado;0.050000;30;;1783289140;0.051380;314.000000;403.766667;
cm100r3.dat;800;randomizado;0.050000;30;;1783289141;0.043308;341.000000;388.000000;
cm100r3.dat;800;randomizado;0.050000;30;;1783289142;0.073520;302.000000;408.100000;
cm100r3.dat;800;randomizado;0.150000;30;;1783289133;0.061694;755.000000;831.366667;
cm100r3.dat;800;randomizado;0.150000;30;;1783289134;0.043768;766.000000;862.233333;
cm100r3.dat;800;randomizado;0.150000;30;;1783289135;0.048023;755.000000;832.233333;
cm100r3.dat;800;randomizado;0.150000;30;;1783289136;0.040937;714.000000;825.233333;
cm100r3.dat;800;randomizado;0.150000;30;;1783289137;0.075370;735.000000;842.400000;
cm100r3.dat;800;randomizado;0.150000;30;;1783289138;0.038447;719.000000;818.666667;
cm100r3.dat;800;randomizado;0.150000;30;;1783289139;0.047627;708.000000;842.233333;
cm100r3.dat;800;randomizado;0.150000;30;;1783289140;0.040926;706.000000;827.833333;
cm100r3.dat;800;randomizado;0.150000;30;;1783289141;0.048405;727.000000;829.733333;
cm100r3.dat;800;randomizado;0.150000;30;;1783289142;0.042019;683.000000;846.466667;
cm100r3.dat;800;randomizado;0.300000;30;;1783289133;0.043367;1332.000000;1515.566667;
cm100r3.dat;800;randomizado;0.300000;30;;1783289134;0.100626;1387.000000;1524.333333;
cm100r3.dat;800;randomizado;0.300000;30;;1783289135;0.046270;1269.000000;1524.400000;
cm100r3.dat;800;randomizado;0.300000;30;;1783289136;0.062317;1342.000000;1534.266667;
cm100r3.dat;800;randomizado;0.300000;30;;1783289137;0.053120;1392.000000;1530.466667;
cm100r3.dat;800;randomizado;0.300000;30;;1783289138;0.098392;1394.000000;1528.300000;
cm100r3.dat;800;randomizado;0.300000;30;;1783289139;0.094160;1422.000000;1523.533333;
cm100r3.dat;800;randomizado;0.300000;30;;1783289140;0.097233;1344.000000;1524.933333;
cm100r3.dat;800;randomizado;0.300000;30;;1783289141;0.046212;1436.000000;1556.066667;
cm100r3.dat;800;randomizado;0.300000;30;;1783289142;0.097656;1361.000000;1528.800000;
cm100r3.dat;800;reativo;;300;30;1783289133;0.609896;305.000000;720.063333;0.050000
cm100r3.dat;800;reativo;;300;30;1783289134;0.692743;306.000000;690.243333;0.050000
cm100r3.dat;800;reativo;;300;30;1783289135;0.558029;304.000000;753.470000;0.050000
cm100r3.dat;800;reativo;;300;30;1783289136;0.578939;307.000000;714.910000;0.050000
cm100r3.dat;800;reativo;;300;30;1783289137;0.771717;312.000000;740.226667;0.050000
cm100r3.dat;800;reativo;;300;30;1783289138;0.895060;306.000000;681.090000;0.050000
cm100r3.dat;800;reativo;;300;30;1783289139;0.773159;317.000000;707.593333;0.050000
cm100r3.dat;800;reativo;;300;30;1783289140;0.486554;305.000000;687.936667;0.050000
cm100r3.dat;800;reativo;;300;30;1783289141;0.512539;307.000000;686.803333;0.050000
cm100r3.dat;800;reativo;;300;30;1783289142;0.555423;306.000000;704.356667;0.050000
cm100r4.dat;200;guloso;;1;;1783289133;0.001758;982.000000;;
cm100r4.dat;200;guloso;;1;;1783289134;0.002234;982.000000;;
cm100r4.dat;200;guloso;;1;;1783289135;0.000917;982.000000;;
cm100r4.dat;200;guloso;;1;;1783289136;0.002657;982.000000;;
cm100r4.dat;200;guloso;;1;;1783289137;0.001081;982.000000;;
cm100r4.dat;200;guloso;;1;;1783289138;0.002128;982.000000;;
cm100r4.dat;200;guloso;;1;;1783289139;0.001149;982.000000;;
cm100r4.dat;200;guloso;;1;;1783289140;0.000830;982.000000;;
cm100r4.dat;200;guloso;;1;;1783289141;0.001671;982.000000;;
cm100r4.dat;200;guloso;;1;;1783289142;0.001644;982.000000;;
cm100r4.dat;200;randomizado;0.050000;30;;1783289133;0.068013;852.000000;1013.933333;
cm100r4.dat;200;randomizado;0.050000;30;;1783289134;0.059085;907.000000;1021.900000;
cm100r4.dat;200;randomizado;0.050000;30;;1783289135;0.058434;893.000000;1024.266667;
cm100r4.dat;200;randomizado;0.050000;30;;1783289136;0.061973;905.000000;1015.133333;
cm100r4.dat;200;randomizado;0.050000;30;;1783289137;0.038875;888.000000;1002.266667;
cm100r4.dat;200;randomizado;0.050000;30;;1783289138;0.049319;937.000000;1030.733333;
cm100r4.dat;200;randomizado;0.050000;30;;1783289139;0.033359;869.000000;995.133333;
cm100r4.dat;200;randomizado;0.050000;30;;1783289140;0.058293;870.000000;1013.266667;
cm100r4.dat;200;randomizado;0.050000;30;;1783289141;0.039697;849.000000;1034.600000;
cm100r4.dat;200;randomizado;0.050000;30;;1783289142;0.040098;840.000000;1002.700000;
cm100r4.dat;200;randomizado;0.150000;30;;1783289133;0.066256;1153.000000;1299.166667;
cm100r4.dat;200;randomizado;0.150000;30;;1783289134;0.050731;1116.000000;1319.800000;
cm100r4.dat;200;randomizado;0.150000;30;;1783289135;0.049295;1125.000000;1316.766667;
cm100r4.dat;200;randomizado;0.150000;30;;1783289136;0.059064;1119.000000;1288.500000;
cm100r4.dat;200;randomizado;0.150000;30;;1783289137;0.037052;1203.000000;1326.133333;
cm100r4.dat;200;randomizado;0.150000;30;;1783289138;0.059855;1130.000000;1283.833333;
cm100r4.dat;200;randomizado;0.150000;30;;1783289139;0.041219;1124.000000;1284.900000;
cm100r4.dat;200;randomizado;0.150000;30;;1783289140;0.034349;1190.000000;1308.433333;
cm100r4.dat;200;randomizado;0.150000;30;;1783289141;0.052209;1140.000000;1313.766667;
cm100r4.dat;200;randomizado;0.150000;30;;1783289142;0.064548;1154.000000;1294.033333;
cm100r4.dat;200;randomizado;0.300000;30;;1783289133;0.055293;1592.000000;1838.100000;
cm100r4.dat;200;randomizado;0.300000;30;;1783289134;0.071599;1549.000000;1828.066667;
cm100r4.dat;200;randomizado;0.300000;30;;1783289135;0.035529;1527.000000;1828.100000;
cm100r4.dat;200;randomizado;0.300000;30;;1783289136;0.054044;1584.000000;1832.700000;
cm100r4.dat;200;randomizado;0.300000;30;;1783289137;0.042549;1618.000000;1815.133333;
cm100r4.dat;200;randomizado;0.300000;30;;1783289138;0.059538;1613.000000;1839.166667;
cm100r4.dat;200;randomizado;0.300000;30;;1783289139;0.046819;1613.000000;1836.433333;
cm100r4.dat;200;randomizado;0.300000;30;;1783289140;0.066674;1631.000000;1820.500000;
cm100r4.dat;200;randomizado;0.300000;30;;1783289141;0.076815;1605.000000;1822.633333;
cm100r4.dat;200;randomizado;0.300000;30;;1783289142;0.062860;1635.000000;1834.400000;
cm100r4.dat;200;reativo;;300;30;1783289133;0.517201;840.000000;1320.566667;0.050000
cm100r4.dat;200;reativo;;300;30;1783289134;0.446064;859.000000;1318.253333;0.050000
cm100r4.dat;200;reativo;;300;30;1783289135;0.445803;853.000000;1332.170000;0.050000
cm100r4.dat;200;reativo;;300;30;1783289136;0.526481;863.000000;1293.646667;0.050000
cm100r4.dat;200;reativo;;300;30;1783289137;0.618456;874.000000;1341.473333;0.050000
cm100r4.dat;200;reativo;;300;30;1783289138;0.620532;828.000000;1281.330000;0.050000
cm100r4.dat;200;reativo;;300;30;1783289139;0.441300;815.000000;1316.806667;0.050000
cm100r4.dat;200;reativo;;300;30;1783289140;0.559438;826.000000;1306.036667;0.050000
cm100r4.dat;200;reativo;;300;30;1783289141;0.505219;848.000000;1292.263333;0.050000
cm100r4.dat;200;reativo;;300;30;1783289142;0.564201;827.000000;1301.683333;0.050000
cm100r4.dat;400;guloso;;1;;1783289133;0.002087;417.000000;;
cm100r4.dat;400;guloso;;1;;1783289134;0.000982;417.000000;;
cm100r4.dat;400;guloso;;1;;1783289135;0.001672;417.000000;;
cm100r4.dat;400;guloso;;1;;1783289136;0.001892;417.000000;;
cm100r4.dat;400;guloso;;1;;1783289137;0.002204;417.000000;;
cm100r4.dat;400;guloso;;1;;1783289138;0.001103;417.000000;;
cm100r4.dat;400;guloso;;1;;1783289139;0.001110;417.000000;;
cm100r4.dat;400;guloso;;1;;1783289140;0.001580;417.000000;;
cm100r4.dat;400;guloso;;1;;1783289141;0.001717;417.000000;;
cm100r4.dat;400;guloso;;1;;1783289142;0.001995;417.000000;;
cm100r4.dat;400;randomizado;0.050000;30;;1783289133;0.037083;462.000000;549.166667;
cm100r4.dat;400;randomizado;0.050000;30;;1783289134;0.057847;458.000000;547.033333;
cm100r4.dat;400;randomizado;0.050000;30;;1783289135;0.057797;459.000000;545.433333;
cm100r4.dat;400;randomizado;0.050000;30;;1783289136;0.034861;428.000000;540.000000;
cm100r4.dat;400;randomizado;0.050000;30;;1783289137;0.069738;476.000000;551.133333;
cm100r4.dat;400;randomizado;0.050000;30;;1783289138;0.056165;425.000000;551.166667;
cm100r4.dat;400;randomizado;0.050000;30;;1783289139;0.062978;404.000000;538.400000;
cm100r4.dat;400;randomizado;0.050000;30;;1783289140;0.057289;426.000000;549.000000;
cm100r4.dat;400;randomizado;0.050000;30;;1783289141;0.043627;390.000000;527.700000;
cm100r4.dat;400;randomizado;0.050000;30;;1783289142;0.044624;437.000000;545.533333;
cm100r4.dat;400;randomizado;0.150000;30;;1783289133;0.066948;838.000000;937.033333;
cm100r4.dat;400;randomizado;0.150000;30;;1783289134;0.064665;813.000000;942.666667;
cm100r4.dat;400;randomizado;0.150000;30;;1783289135;0.067809;754.000000;912.900000;
cm100r4.dat;400;randomizado;0.150000;30;;1783289136;0.045480;744.000000;908.033333;
cm100r4.dat;400;randomizado;0.150000;30;;1783289137;0.067257;826.000000;921.700000;
cm100r4.dat;400;randomizado;0.150000;30;;1783289138;0.062884;805.000000;904.000000;
cm100r4.dat;400;randomizado;0.150000;30;;1783289139;0.045402;795.000000;916.433333;
cm100r4.dat;400;randomizado;0.150000;30;;1783289140;0.073098;803.000000;926.333333;
cm100r4.dat;400;randomizado;0.150000;30;;1783289141;0.061532;805.000000;919.066667;
cm100r4.dat;400;randomizado;0.150000;30;;1783289142;0.074392;853.000000;943.066667;
cm100r4.dat;400;randomizado;0.300000;30;;1783289133;0.076058;1285.000000;1572.233333;
cm100r4.dat;400;randomizado;0.300000;30;;1783289134;0.062465;1389.000000;1554.166667;
cm100r4.dat;400;randomizado;0.300000;30;;1783289135;0.036507;1362.000000;1518.566667;
cm100r4.dat;400;randomizado;0.300000;30;;1783289136;0.047186;1415.000000;1557.800000;
cm100r4.dat;400;randomizado;0.300000;30;;1783289137;0.083741;1338.000000;1566.266667;
cm100r4.dat;400;randomizado;0.300000;30;;1783289138;0.050991;1324.000000;1577.033333;
cm100r4.dat;400;randomizado;0.300000;30;;1783289139;0.079027;1411.000000;1575.366667;
cm100r4.dat;400;randomizado;0.300000;30;;1783289140;0.054556;1467.000000;1612.166667;
cm100r4.dat;400;randomizado;0.300000;30;;1783289141;0.068914;1342.000000;1549.000000;
cm100r4.dat;400;randomizado;0.300000;30;;1783289142;0.070825;1353.000000;1547.433333;
cm100r4.dat;400;reativo;;300;30;1783289133;0.645705;402.000000;864.663333;0.050000
cm100r4.dat;400;reativo;;300;30;1783289134;0.420996;401.000000;864.810000;0.050000
cm100r4.dat;400;reativo;;300;30;1783289135;0.515912;405.000000;890.613333;0.050000
cm100r4.dat;400;reativo;;300;30;1783289136;0.557126;398.000000;861.430000;0.050000
cm100r4.dat;400;reativo;;300;30;1783289137;0.660232;402.000000;883.190000;0.050000
cm100r4.dat;400;reativo;;300;30;1783289138;0.498103;424.000000;820.316667;0.050000
cm100r4.dat;400;reativo;;300;30;1783289139;0.637835;412.000000;850.166667;0.050000
cm100r4.dat;400;reativo;;300;30;1783289140;0.564987;386.000000;835.936667;0.050000
cm100r4.dat;400;reativo;;300;30;1783289141;0.530741;406.000000;836.593333;0.050000
cm100r4.dat;400;reativo;;300;30;1783289142;0.540919;409.000000;835.650000;0.050000
cm100r4.dat;800;guloso;;1;;1783289133;0.002770;317.000000;;
cm100r4.dat;800;guloso;;1;;1783289134;0.001794;317.000000;;
cm100r4.dat;800;guloso;;1;;1783289135;0.000995;317.000000;;
cm100r4.dat;800;guloso;;1;;1783289136;0.001506;317.000000;;
cm100r4.dat;800;guloso;;1;;1783289137;0.001364;317.000000;;
cm100r4.dat;800;guloso;;1;;1783289138;0.000821;317.000000;;
cm100r4.dat;800;guloso;;1;;1783289139;0.000809;317.000000;;
cm100r4.dat;800;guloso;;1;;1783289140;0.000823;317.000000;;
cm100r4.dat;800;guloso;;1;;1783289141;0.001381;317.000000;;
cm100r4.dat;800;guloso;;1;;1783289142;0.000999;317.000000;;
cm100r4.dat;800;randomizado;0.050000;30;;1783289133;0.066487;300.000000;356.100000;
cm100r4.dat;800;randomizado;0.050000;30;;1783289134;0.059507;285.000000;343.833333;
cm100r4.dat;800;randomizado;0.050000;30;;1783289135;0.052377;305.000000;360.066667;
cm100r4.dat;800;randomizado;0.050000;30;;1783289136;0.076093;302.000000;365.100000;
cm100r4.dat;800;randomizado;0.050000;30;;1783289137;0.048155;305.000000;356.333333;
cm100r4.dat;800;randomizado;0.050000;30;;1783289138;0.089124;281.000000;353.233333;
cm100r4.dat;800;randomizado;0.050000;30;;1783289139;0.054551;300.000000;349.733333;
cm100r4.dat;800;randomizado;0.050000;30;;1783289140;0.048057;306.000000;350.233333;
cm100r4.dat;800;randomizado;0.050000;30;;1783289141;0.045752;298.000000;349.833333;
cm100r4.dat;800;randomizado;0.050000;30;;1783289142;0.044443;310.000000;351.200000;
cm100r4.dat;800;randomizado;0.150000;30;;1783289133;0.050666;705.000000;796.866667;
cm100r4.dat;800;randomizado;0.150000;30;;1783289134;0.052031;713.000000;798.900000;
cm100r4.dat;800;randomizado;0.150000;30;;1783289135;0.076857;677.000000;808.933333;
cm100r4.dat;800;randomizado;0.150000;30;;1783289136;0.070714;704.000000;802.166667;
cm100r4.dat;800;randomizado;0.150000;30;;1783289137;0.038551;753.000000;814.900000;
cm100r4.dat;800;randomizado;0.150000;30;;1783289138;0.094868;719.000000;805.166667;
cm100r4.dat;800;randomizado;0.150000;30;;1783289139;0.068346;741.000000;821.833333;
cm100r4.dat;800;randomizado;0.150000;30;;1783289140;0.054970;689.000000;801.400000;
cm100r4.dat;800;randomizado;0.150000;30;;1783289141;0.083484;744.000000;809.500000;
cm100r4.dat;800;randomizado;0.150000;30;;1783289142;0.061868;713.000000;820.000000;
cm100r4.dat;800;randomizado;0.300000;30;;1783289133;0.067382;1329.000000;1512.166667;
cm100r4.dat;800;randomizado;0.300000;30;;1783289134;0.058803;1333.000000;1539.833333;
cm100r4.dat;800;randomizado;0.300000;30;;1783289135;0.071656;1280.000000;1502.033333;
cm100r4.dat;800;randomizado;0.300000;30;;1783289136;0.064180;1286.000000;1503.000000;
cm100r4.dat;800;randomizado;0.300000;30;;1783289137;0.059460;1421.000000;1515.866667;
cm100r4.dat;800;randomizado;0.300000;30;;1783289138;0.070224;1408.000000;1539.666667;
cm100r4.dat;800;randomizado;0.300000;30;;1783289139;0.083391;1378.000000;1509.000000;
cm100r4.dat;800;randomizado;0.300000;30;;1783289140;0.090182;1295.000000;1529.300000;
cm100r4.dat;800;randomizado;0.300000;30;;1783289141;0.103869;1353.000000;1537.766667;
cm100r4.dat;800;randomizado;0.300000;30;;1783289142;0.081465;1311.000000;1521.800000;
cm100r4.dat;800;reativo;;300;30;1783289133;0.524751;280.000000;671.936667;0.050000
cm100r4.dat;800;reativo;;300;30;1783289134;0.679678;296.000000;648.143333;0.050000
cm100r4.dat;800;reativo;;300;30;1783289135;0.687237;303.000000;697.253333;0.050000
cm100r4.dat;800;reativo;;300;30;1783289136;0.591511;289.000000;674.173333;0.050000
cm100r4.dat;800;reativo;;300;30;1783289137;0.603975;301.000000;702.980000;0.050000
cm100r4.dat;800;reativo;;300;30;1783289138;0.588790;300.000000;629.143333;0.050000
cm100r4.dat;800;reativo;;300;30;1783289139;0.555330;281.000000;655.710000;0.050000
cm100r4.dat;800;reativo;;300;30;1783289140;0.433011;286.000000;647.950000;0.050000
cm100r4.dat;800;reativo;;300;30;1783289141;0.647754;292.000000;638.510000;0.050000
cm100r4.dat;800;reativo;;300;30;1783289142;0.659891;285.000000;657.773333;0.050000
cm100r5.dat;200;guloso;;1;;1783289133;0.001776;881.000000;;
cm100r5.dat;200;guloso;;1;;1783289134;0.001576;881.000000;;
cm100r5.dat;200;guloso;;1;;1783289135;0.001434;881.000000;;
cm100r5.dat;200;guloso;;1;;1783289136;0.001469;881.000000;;
cm100r5.dat;200;guloso;;1;;1783289137;0.000813;881.000000;;
cm100r5.dat;200;guloso;;1;;1783289138;0.000816;881.000000;;
cm100r5.dat;200;guloso;;1;;1783289139;0.000841;881.000000;;
cm100r5.dat;200;guloso;;1;;1783289140;0.000822;881.000000;;
cm100r5.dat;200;guloso;;1;;1783289141;0.001982;881.000000;;
cm100r5.dat;200;guloso;;1;;1783289142;0.001062;881.000000;;
cm100r5.dat;200;randomizado;0.050000;30;;1783289133;0.068681;857.000000;999.933333;
cm100r5.dat;200;randomizado;0.050000;30;;1783289134;0.057388;839.000000;993.033333;
cm100r5.dat;200;randomizado;0.050000;30;;1783289135;0.035495;823.000000;992.366667;
cm100r5.dat;200;randomizado;0.050000;30;;1783289136;0.031586;871.000000;1022.666667;
cm100r5.dat;200;randomizado;0.050000;30;;1783289137;0.055025;793.000000;968.133333;
cm100r5.dat;200;randomizado;0.050000;30;;1783289138;0.053433;844.000000;989.300000;
cm100r5.dat;200;randomizado;0.050000;30;;1783289139;0.055835;823.000000;996.433333;
cm100r5.dat;200;randomizado;0.050000;30;;1783289140;0.037327;859.000000;1017.866667;
cm100r5.dat;200;randomizado;0.050000;30;;1783289141;0.029408;872.000000;1008.333333;
cm100r5.dat;200;randomizado;0.050000;30;;1783289142;0.032257;895.000000;990.466667;
cm100r5.dat;200;randomizado;0.150000;30;;1783289133;0.043625;1099.000000;1248.166667;
cm100r5.dat;200;randomizado;0.150000;30;;1783289134;0.038378;904.000000;1248.366667;
cm100r5.dat;200;randomizado;0.150000;30;;1783289135;0.072344;1060.000000;1239.000000;
cm100r5.dat;200;randomizado;0.150000;30;;1783289136;0.047720;1071.000000;1245.466667;
cm100r5.dat;200;randomizado;0.150000;30;;1783289137;0.070927;1061.000000;1234.000000;
cm100r5.dat;200;randomizado;0.150000;30;;1783289138;0.053115;1095.000000;1207.966667;
cm100r5.dat;200;randomizado;0.150000;30;;1783289139;0.050795;915.000000;1226.200000;
cm100r5.dat;200;randomizado;0.150000;30;;1783289140;0.059939;1075.000000;1224.800000;
cm100r5.dat;200;randomizado;0.150000;30;;1783289141;0.049349;1110.000000;1239.166667;
cm100r5.dat;200;randomizado;0.150000;30;;1783289142;0.050880;1109.000000;1261.733333;
cm100r5.dat;200;randomizado;0.300000;30;;1783289133;0.048307;1648.000000;1806.533333;
cm100r5.dat;200;randomizado;0.300000;30;;1783289134;0.053146;1598.000000;1783.000000;
cm100r5.dat;200;randomizado;0.300000;30;;1783289135;0.072946;1513.000000;1758.366667;
cm100r5.dat;200;randomizado;0.300000;30;;1783289136;0.038618;1530.000000;1764.800000;
cm100r5.dat;200;randomizado;0.300000;30;;1783289137;0.037993;1658.000000;1807.566667;
cm100r5.dat;200;randomizado;0.300000;30;;1783289138;0.071944;1628.000000;1811.366667;
cm100r5.dat;200;randomizado;0.300000;30;;1783289139;0.070200;1609.000000;1845.633333;
cm100r5.dat;200;randomizado;0.300000;30;;1783289140;0.034170;1589.000000;1791.700000;
cm100r5.dat;200;randomizado;0.300000;30;;1783289141;0.064783;1536.000000;1799.133333;
cm100r5.dat;200;randomizado;0.300000;30;;1783289142;0.074670;1592.000000;1788.733333;
cm100r5.dat;200;reativo;;300;30;1783289133;0.639562;825.000000;1282.433333;0.050000
cm100r5.dat;200;reativo;;300;30;1783289134;0.419184;826.000000;1274.813333;0.050000
cm100r5.dat;200;reativo;;300;30;1783289135;0.494744;840.000000;1292.956667;0.050000
cm100r5.dat;200;reativo;;300;30;1783289136;0.561978;789.000000;1248.560000;0.050000
cm100r5.dat;200;reativo;;300;30;1783289137;0.464914;831.000000;1289.763333;0.050000
cm100r5.dat;200;reativo;;300;30;1783289138;0.533347;777.000000;1242.256667;0.050000
cm100r5.dat;200;reativo;;300;30;1783289139;0.539550;847.000000;1262.016667;0.050000
cm100r5.dat;200;reativo;;300;30;1783289140;0.542009;825.000000;1264.166667;0.050000
cm100r5.dat;200;reativo;;300;30;1783289141;0.562741;778.000000;1261.823333;0.050000
cm100r5.dat;200;reativo;;300;30;1783289142;0.596099;801.000000;1254.580000;0.050000
cm100r5.dat;400;guloso;;1;;1783289133;0.003119;408.000000;;
cm100r5.dat;400;guloso;;1;;1783289134;0.000960;408.000000;;
cm100r5.dat;400;guloso;;1;;1783289135;0.000836;408.000000;;
cm100r5.dat;400;guloso;;1;;1783289136;0.001073;408.000000;;
cm100r5.dat;400;guloso;;1;;1783289137;0.001396;408.000000;;
cm100r5.dat;400;guloso;;1;;1783289138;0.000812;408.000000;;
cm100r5.dat;400;guloso;;1;;1783289139;0.000831;408.000000;;
cm100r5.dat;400;guloso;;1;;1783289140;0.000954;408.000000;;
cm100r5.dat;400;guloso;;1;;1783289141;0.000836;408.000000;;
cm100r5.dat;400;guloso;;1;;1783289142;0.002283;408.000000;;
cm100r5.dat;400;randomizado;0.050000;30;;1783289133;0.049543;418.000000;558.533333;
cm100r5.dat;400;randomizado;0.050000;30;;1783289134;0.079184;459.000000;563.433333;
cm100r5.dat;400;randomizado;0.050000;30;;1783289135;0.067980;424.000000;552.866667;
cm100r5.dat;400;randomizado;0.050000;30;;1783289136;0.072200;442.000000;546.533333;
cm100r5.dat;400;randomizado;0.050000;30;;1783289137;0.075894;477.000000;562.666667;
cm100r5.dat;400;randomizado;0.050000;30;;1783289138;0.070895;466.000000;557.466667;
cm100r5.dat;400;randomizado;0.050000;30;;1783289139;0.063495;475.000000;567.966667;
cm100r5.dat;400;randomizado;0.050000;30;;1783289140;0.063295;473.000000;567.000000;
cm100r5.dat;400;randomizado;0.050000;30;;1783289141;0.038870;440.000000;561.833333;
cm100r5.dat;400;randomizado;0.050000;30;;1783289142;0.034438;422.000000;563.533333;
cm100r5.dat;400;randomizado;0.150000;30;;1783289133;0.047638;754.000000;895.666667;
cm100r5.dat;400;randomizado;0.150000;30;;1783289134;0.075244;777.000000;886.433333;
cm100r5.dat;400;randomizado;0.150000;30;;1783289135;0.072810;791.000000;904.300000;
cm100r5.dat;400;randomizado;0.150000;30;;1783289136;0.077551;724.000000;905.866667;
cm100r5.dat;400;randomizado;0.150000;30;;1783289137;0.071713;793.000000;887.033333;
cm100r5.dat;400;randomizado;0.150000;30;;1783289138;0.063935;773.000000;880.100000;
cm100r5.dat;400;randomizado;0.150000;30;;1783289139;0.081305;791.000000;923.433333;
cm100r5.dat;400;randomizado;0.150000;30;;1783289140;0.082905;753.000000;904.933333;
cm100r5.dat;400;randomizado;0.150000;30;;1783289141;0.074140;816.000000;901.900000;
cm100r5.dat;400;randomizado;0.150000;30;;1783289142;0.075053;798.000000;892.700000;
cm100r5.dat;400;randomizado;0.300000;30;;1783289133;0.083495;1289.000000;1539.966667;
cm100r5.dat;400;randomizado;0.300000;30;;1783289134;0.075945;1419.000000;1556.066667;
cm100r5.dat;400;randomizado;0.300000;30;;1783289135;0.075651;1419.000000;1572.533333;
cm100r5.dat;400;randomizado;0.300000;30;;1783289136;0.079809;1395.000000;1571.700000;
cm100r5.dat;400;randomizado;0.300000;30;;1783289137;0.086272;1404.000000;1574.633333;
cm100r5.dat;400;randomizado;0.300000;30;;1783289138;0.059264;1420.000000;1595.233333;
cm100r5.dat;400;randomizado;0.300000;30;;1783289139;0.061792;1356.000000;1594.333333;
cm100r5.dat;400;randomizado;0.300000;30;;1783289140;0.089952;1352.000000;1563.466667;
cm100r5.dat;400;randomizado;0.300000;30;;1783289141;0.084667;1370.000000;1570.533333;
cm100r5.dat;400;randomizado;0.300000;30;;1783289142;0.076766;1386.000000;1566.933333;
cm100r5.dat;400;reativo;;300;30;1783289133;0.521632;415.000000;881.233333;0.050000
cm100r5.dat;400;reativo;;300;30;1783289134;0.452878;407.000000;873.246667;0.050000
cm100r5.dat;400;reativo;;300;30;1783289135;0.564760;400.000000;900.233333;0.050000
cm100r5.dat;400;reativo;;300;30;1783289136;0.652181;449.000000;872.543333;0.050000
cm100r5.dat;400;reativo;;300;30;1783289137;0.657434;440.000000;885.150000;0.050000
cm100r5.dat;400;reativo;;300;30;1783289138;0.537975;424.000000;831.050000;0.050000
cm100r5.dat;400;reativo;;300;30;1783289139;0.573147;446.000000;870.686667;0.050000
cm100r5.dat;400;reativo;;300;30;1783289140;0.630959;439.000000;842.463333;0.050000
cm100r5.dat;400;reativo;;300;30;1783289141;0.550180;427.000000;860.116667;0.050000
cm100r5.dat;400;reativo;;300;30;1783289142;0.546558;428.000000;859.196667;0.050000
cm100r5.dat;800;guloso;;1;;1783289133;0.001664;381.000000;;
cm100r5.dat;800;guloso;;1;;1783289134;0.001903;381.000000;;
cm100r5.dat;800;guloso;;1;;1783289135;0.001340;381.000000;;
cm100r5.dat;800;guloso;;1;;1783289136;0.000828;381.000000;;
cm100r5.dat;800;guloso;;1;;1783289137;0.000921;381.000000;;
cm100r5.dat;800;guloso;;1;;1783289138;0.000966;381.000000;;
cm100r5.dat;800;guloso;;1;;1783289139;0.000863;381.000000;;
cm100r5.dat;800;guloso;;1;;1783289140;0.001145;381.000000;;
cm100r5.dat;800;guloso;;1;;1783289141;0.000827;381.000000;;
cm100r5.dat;800;guloso;;1;;1783289142;0.001043;381.000000;;
cm100r5.dat;800;randomizado;0.050000;30;;1783289133;0.061276;329.000000;402.133333;
cm100r5.dat;800;randomizado;0.050000;30;;1783289134;0.087331;300.000000;422.733333;
cm100r5.dat;800;randomizado;0.050000;30;;1783289135;0.083533;315.000000;413.800000;
cm100r5.dat;800;randomizado;0.050000;30;;1783289136;0.069225;307.000000;414.466667;
cm100r5.dat;800;randomizado;0.050000;30;;1783289137;0.076601;333.000000;403.433333;
cm100r5.dat;800;randomizado;0.050000;30;;1783289138;0.058629;333.000000;408.066667;
cm100r5.dat;800;randomizado;0.050000;30;;1783289139;0.055984;305.000000;407.900000;
cm100r5.dat;800;randomizado;0.050000;30;;1783289140;0.084682;345.000000;411.300000;
cm100r5.dat;800;randomizado;0.050000;30;;1783289141;0.088143;327.000000;428.366667;
cm100r5.dat;800;randomizado;0.050000;30;;1783289142;0.061472;337.000000;418.166667;
cm100r5.dat;800;randomizado;0.150000;30;;1783289133;0.051277;707.000000;811.233333;
cm100r5.dat;800;randomizado;0.150000;30;;1783289134;0.075334;726.000000;813.066667;
cm100r5.dat;800;randomizado;0.150000;30;;1783289135;0.062034;724.000000;807.966667;
cm100r5.dat;800;randomizado;0.150000;30;;1783289136;0.056550;686.000000;800.233333;
cm100r5.dat;800;randomizado;0.150000;30;;1783289137;0.082406;721.000000;798.666667;
cm100r5.dat;800;randomizado;0.150000;30;;1783289138;0.074513;709.000000;813.800000;
cm100r5.dat;800;randomizado;0.150000;30;;1783289139;0.093998;730.000000;818.100000;
cm100r5.dat;800;randomizado;0.150000;30;;1783289140;0.075746;716.000000;808.500000;
cm100r5.dat;800;randomizado;0.150000;30;;1783289141;0.092213;724.000000;801.666667;
cm100r5.dat;800;randomizado;0.150000;30;;1783289142;0.062777;678.000000;793.400000;
cm100r5.dat;800;randomizado;0.300000;30;;1783289133;0.099141;1345.000000;1516.933333;
cm100r5.dat;800;randomizado;0.300000;30;;1783289134;0.071217;1309.000000;1492.033333;
cm100r5.dat;800;randomizado;0.300000;30;;1783289135;0.098725;1279.000000;1517.266667;
cm100r5.dat;800;randomizado;0.300000;30;;1783289136;0.087144;1355.000000;1481.600000;
cm100r5.dat;800;randomizado;0.300000;30;;1783289137;0.099545;1364.000000;1518.433333;
cm100r5.dat;800;randomizado;0.300000;30;;1783289138;0.070912;1371.000000;1510.066667;
cm100r5.dat;800;randomizado;0.300000;30;;1783289139;0.087786;1409.000000;1523.233333;
cm100r5.dat;800;randomizado;0.300000;30;;1783289140;0.058335;1377.000000;1544.800000;
cm100r5.dat;800;randomizado;0.300000;30;;1783289141;0.070505;1336.000000;1500.866667;
cm100r5.dat;800;randomizado;0.300000;30;;1783289142;0.100178;1341.000000;1519.266667;
cm100r5.dat;800;reativo;;300;30;1783289133;0.867896;314.000000;722.073333;0.050000
cm100r5.dat;800;reativo;;300;30;1783289134;0.744988;318.000000;704.563333;0.050000
cm100r5.dat;800;reativo;;300;30;1783289135;0.824953;316.000000;749.816667;0.050000
cm100r5.dat;800;reativo;;300;30;1783289136;0.590397;306.000000;716.230000;0.050000
cm100r5.dat;800;reativo;;300;30;1783289137;0.640195;320.000000;746.083333;0.050000
cm100r5.dat;800;reativo;;300;30;1783289138;0.747972;303.000000;672.696667;0.050000
cm100r5.dat;800;reativo;;300;30;1783289139;0.752234;318.000000;699.920000;0.050000
cm100r5.dat;800;reativo;;300;30;1783289140;0.780162;311.000000;686.913333;0.050000
cm100r5.dat;800;reativo;;300;30;1783289141;0.831402;320.000000;686.583333;0.050000
cm100r5.dat;800;reativo;;300;30;1783289142;0.849417;307.000000;710.120000;0.050000
cm200r1.dat;200;guloso;;1;;1783289133;0.006353;1946.000000;;
cm200r1.dat;200;guloso;;1;;1783289134;0.011704;1946.000000;;
cm200r1.dat;200;guloso;;1;;1783289135;0.010032;1946.000000;;
cm200r1.dat;200;guloso;;1;;1783289136;0.013661;1946.000000;;
cm200r1.dat;200;guloso;;1;;1783289137;0.006143;1946.000000;;
cm200r1.dat;200;guloso;;1;;1783289138;0.007048;1946.000000;;
cm200r1.dat;200;guloso;;1;;1783289139;0.015600;1946.000000;;
cm200r1.dat;200;guloso;;1;;1783289140;0.008672;1946.000000;;
cm200r1.dat;200;guloso;;1;;1783289141;0.011236;1946.000000;;
cm200r1.dat;200;guloso;;1;;1783289142;0.006877;1946.000000;;
cm200r1.dat;200;randomizado;0.050000;30;;1783289133;0.293177;1890.000000;2033.100000;
cm200r1.dat;200;randomizado;0.050000;30;;1783289134;0.234670;1810.000000;2028.666667;
cm200r1.dat;200;randomizado;0.050000;30;;1783289135;0.299113;1687.000000;2040.633333;
cm200r1.dat;200;randomizado;0.050000;30;;1783289136;0.326650;1856.000000;2009.933333;
cm200r1.dat;200;randomizado;0.050000;30;;1783289137;0.369786;1873.000000;2036.400000;
cm200r1.dat;200;randomizado;0.050000;30;;1783289138;0.336736;1857.000000;2048.200000;
cm200r1.dat;200;randomizado;0.050000;30;;1783289139;0.387874;1803.000000;2016.200000;
cm200r1.dat;200;randomizado;0.050000;30;;1783289140;0.355833;1835.000000;2022.733333;
cm200r1.dat;200;randomizado;0.050000;30;;1783289141;0.350781;1782.000000;1990.433333;
cm200r1.dat;200;randomizado;0.050000;30;;1783289142;0.327445;1877.000000;2033.466667;
cm200r1.dat;200;randomizado;0.150000;30;;1783289133;0.389741;2387.000000;2669.966667;
cm200r1.dat;200;randomizado;0.150000;30;;1783289134;0.384372;2407.000000;2658.566667;
cm200r1.dat;200;randomizado;0.150000;30;;1783289135;0.363008;2491.000000;2674.266667;
cm200r1.dat;200;randomizado;0.150000;30;;1783289136;0.329012;2525.000000;2704.333333;
cm200r1.dat;200;randomizado;0.150000;30;;1783289137;0.391171;2427.000000;2658.700000;
cm200r1.dat;200;randomizado;0.150000;30;;1783289138;0.328994;2481.000000;2652.700000;
cm200r1.dat;200;randomizado;0.150000;30;;1783289139;0.288337;2336.000000;2641.733333;
cm200r1.dat;200;randomizado;0.150000;30;;1783289140;0.411631;2463.000000;2677.333333;
cm200r1.dat;200;randomizado;0.150000;30;;1783289141;0.404093;2384.000000;2695.633333;
cm200r1.dat;200;randomizado;0.150000;30;;1783289142;0.315391;2475.000000;2642.766667;
cm200r1.dat;200;randomizado;0.300000;30;;1783289133;0.253366;3557.000000;3773.600000;
cm200r1.dat;200;randomizado;0.300000;30;;1783289134;0.406717;3278.000000;3754.033333;
cm200r1.dat;200;randomizado;0.300000;30;;1783289135;0.352818;3481.000000;3764.333333;
cm200r1.dat;200;randomizado;0.300000;30;;1783289136;0.358748;3567.000000;3861.000000;
cm200r1.dat;200;randomizado;0.300000;30;;1783289137;0.372484;3491.000000;3789.900000;
cm200r1.dat;200;randomizado;0.300000;30;;1783289138;0.351389;3592.000000;3827.433333;
cm200r1.dat;200;randomizado;0.300000;30;;1783289139;0.366455;3559.000000;3827.266667;
cm200r1.dat;200;randomizado;0.300000;30;;1783289140;0.296634;3446.000000;3782.900000;
cm200r1.dat;200;randomizado;0.300000;30;;1783289141;0.217062;3550.000000;3812.900000;
cm200r1.dat;200;randomizado;0.300000;30;;1783289142;0.399529;3397.000000;3790.166667;
cm200r1.dat;200;reativo;;300;30;1783289133;3.727454;1756.000000;2742.416667;0.050000
cm200r1.dat;200;reativo;;300;30;1783289134;3.417020;1838.000000;2660.000000;0.050000
cm200r1.dat;200;reativo;;300;30;1783289135;3.430994;1725.000000;2706.153333;0.050000
cm200r1.dat;200;reativo;;300;30;1783289136;3.445703;1800.000000;2675.106667;0.050000
cm200r1.dat;200;reativo;;300;30;1783289137;3.462037;1714.000000;2730.010000;0.050000
cm200r1.dat;200;reativo;;300;30;1783289138;3.645024;1722.000000;2595.543333;0.050000
cm200r1.dat;200;reativo;;300;30;1783289139;3.290098;1727.000000;2664.333333;0.050000
cm200r1.dat;200;reativo;;300;30;1783289140;3.816342;1754.000000;2663.706667;0.050000
cm200r1.dat;200;reativo;;300;30;1783289141;3.396552;1723.000000;2694.743333;0.050000
cm200r1.dat;200;reativo;;300;30;1783289142;3.172935;1794.000000;2650.126667;0.050000
cm200r1.dat;400;guloso;;1;;1783289133;0.015500;825.000000;;
cm200r1.dat;400;guloso;;1;;1783289134;0.016695;825.000000;;
cm200r1.dat;400;guloso;;1;;1783289135;0.013995;825.000000;;
cm200r1.dat;400;guloso;;1;;1783289136;0.013206;825.000000;;
cm200r1.dat;400;guloso;;1;;1783289137;0.006347;825.000000;;
cm200r1.dat;400;guloso;;1;;1783289138;0.007776;825.000000;;
cm200r1.dat;400;guloso;;1;;1783289139;0.007005;825.000000;;
cm200r1.dat;400;guloso;;1;;1783289140;0.015608;825.000000;;
cm200r1.dat;400;guloso;;1;;1783289141;0.014290;825.000000;;
cm200r1.dat;400;guloso;;1;;1783289142;0.010454;825.000000;;
cm200r1.dat;400;randomizado;0.050000;30;;1783289133;0.444643;922.000000;1088.433333;
cm200r1.dat;400;randomizado;0.050000;30;;1783289134;0.418217;1003.000000;1106.100000;
cm200r1.dat;400;randomizado;0.050000;30;;1783289135;0.361789;908.000000;1078.766667;
cm200r1.dat;400;randomizado;0.050000;30;;1783289136;0.354782;927.000000;1064.533333;
cm200r1.dat;400;randomizado;0.050000;30;;1783289137;0.313704;967.000000;1074.200000;
cm200r1.dat;400;randomizado;0.050000;30;;1783289138;0.294747;1025.000000;1111.766667;
cm200r1.dat;400;randomizado;0.050000;30;;1783289139;0.399611;898.000000;1073.900000;
cm200r1.dat;400;randomizado;0.050000;30;;1783289140;0.319549;937.000000;1062.166667;
cm200r1.dat;400;randomizado;0.050000;30;;1783289141;0.333748;958.000000;1085.966667;
cm200r1.dat;400;randomizado;0.050000;30;;1783289142;0.338898;941.000000;1062.966667;
cm200r1.dat;400;randomizado;0.150000;30;;1783289133;0.403063;1644.000000;1887.400000;
cm200r1.dat;400;randomizado;0.150000;30;;1783289134;0.362552;1745.000000;1853.433333;
cm200r1.dat;400;randomizado;0.150000;30;;1783289135;0.424040;1784.000000;1873.833333;
cm200r1.dat;400;randomizado;0.150000;30;;1783289136;0.445044;1627.000000;1858.066667;
cm200r1.dat;400;randomizado;0.150000;30;;1783289137;0.377613;1704.000000;1863.300000;
cm200r1.dat;400;randomizado;0.150000;30;;1783289138;0.389497;1677.000000;1862.333333;
cm200r1.dat;400;randomizado;0.150000;30;;1783289139;0.374478;1720.000000;1863.600000;
cm200r1.dat;400;randomizado;0.150000;30;;1783289140;0.452961;1709.000000;1858.700000;
cm200r1.dat;400;randomizado;0.150000;30;;1783289141;0.364356;1616.000000;1870.200000;
cm200r1.dat;400;randomizado;0.150000;30;;1783289142;0.365835;1612.000000;1873.566667;
cm200r1.dat;400;randomizado;0.300000;30;;1783289133;0.402846;3014.000000;3195.300000;
cm200r1.dat;400;randomizado;0.300000;30;;1783289134;0.423790;2981.000000;3186.733333;
cm200r1.dat;400;randomizado;0.300000;30;;1783289135;0.362421;2916.000000;3187.466667;
cm200r1.dat;400;randomizado;0.300000;30;;1783289136;0.404045;3048.000000;3238.566667;
cm200r1.dat;400;randomizado;0.300000;30;;1783289137;0.330371;2952.000000;3228.533333;
cm200r1.dat;400;randomizado;0.300000;30;;1783289138;0.345146;3057.000000;3247.666667;
cm200r1.dat;400;randomizado;0.300000;30;;1783289139;0.448190;2925.000000;3207.233333;
cm200r1.dat;400;randomizado;0.300000;30;;1783289140;0.314637;3065.000000;3270.733333;
cm200r1.dat;400;randomizado;0.300000;30;;1783289141;0.399456;3065.000000;3282.800000;
cm200r1.dat;400;randomizado;0.300000;30;;1783289142;0.245115;3013.000000;3242.500000;
cm200r1.dat;400;reativo;;300;30;1783289133;3.410064;916.000000;1789.216667;0.050000
cm200r1.dat;400;reativo;;300;30;1783289134;3.350107;923.000000;1728.790000;0.050000
cm200r1.dat;400;reativo;;300;30;1783289135;3.012572;910.000000;1780.500000;0.050000
cm200r1.dat;400;reativo;;300;30;1783289136;3.480766;918.000000;1742.296667;0.050000
cm200r1.dat;400;reativo;;300;30;1783289137;3.699983;947.000000;1792.810000;0.050000
cm200r1.dat;400;reativo;;300;30;1783289138;3.566408;931.000000;1669.576667;0.050000
cm200r1.dat;400;reativo;;300;30;1783289139;3.747761;913.000000;1710.330000;0.050000
cm200r1.dat;400;reativo;;300;30;1783289140;3.403610;935.000000;1697.673333;0.050000
cm200r1.dat;400;reativo;;300;30;1783289141;3.868460;912.000000;1750.983333;0.050000
cm200r1.dat;400;reativo;;300;30;1783289142;3.255602;917.000000;1728.920000;0.050000
cm200r1.dat;800;guloso;;1;;1783289133;0.014331;473.000000;;
cm200r1.dat;800;guloso;;1;;1783289134;0.006798;473.000000;;
cm200r1.dat;800;guloso;;1;;1783289135;0.006942;473.000000;;
cm200r1.dat;800;guloso;;1;;1783289136;0.006930;473.000000;;
cm200r1.dat;800;guloso;;1;;1783289137;0.007029;473.000000;;
cm200r1.dat;800;guloso;;1;;1783289138;0.007132;473.000000;;
cm200r1.dat;800;guloso;;1;;1783289139;0.007430;473.000000;;
cm200r1.dat;800;guloso;;1;;1783289140;0.006601;473.000000;;
cm200r1.dat;800;guloso;;1;;1783289141;0.006330;473.000000;;
cm200r1.dat;800;guloso;;1;;1783289142;0.010038;473.000000;;
cm200r1.dat;800;randomizado;0.050000;30;;1783289133;0.392310;702.000000;791.433333;
cm200r1.dat;800;randomizado;0.050000;30;;1783289134;0.403775;677.000000;776.233333;
cm200r1.dat;800;randomizado;0.050000;30;;1783289135;0.409339;685.000000;783.833333;
cm200r1.dat;800;randomizado;0.050000;30;;1783289136;0.512658;707.000000;781.900000;
cm200r1.dat;800;randomizado;0.050000;30;;1783289137;0.426565;681.000000;786.533333;
cm200r1.dat;800;randomizado;0.050000;30;;1783289138;0.496385;701.000000;779.500000;
cm200r1.dat;800;randomizado;0.050000;30;;1783289139;0.452735;689.000000;778.100000;
cm200r1.dat;800;randomizado;0.050000;30;;1783289140;0.460638;694.000000;782.333333;
cm200r1.dat;800;randomizado;0.050000;30;;1783289141;0.427322;723.000000;796.700000;
cm200r1.dat;800;randomizado;0.050000;30;;1783289142;0.483890;667.000000;798.500000;
cm200r1.dat;800;randomizado;0.150000;30;;1783289133;0.576465;1436.000000;1637.266667;
cm200r1.dat;800;randomizado;0.150000;30;;1783289134;0.413132;1480.000000;1640.900000;
cm200r1.dat;800;randomizado;0.150000;30;;1783289135;0.369025;1434.000000;1654.433333;
cm200r1.dat;800;randomizado;0.150000;30;;1783289136;0.440206;1524.000000;1647.600000;
cm200r1.dat;800;randomizado;0.150000;30;;1783289137;0.462500;1520.000000;1634.466667;
cm200r1.dat;800;randomizado;0.150000;30;;1783289138;0.405859;1391.000000;1639.466667;
cm200r1.dat;800;randomizado;0.150000;30;;1783289139;0.435796;1487.000000;1628.433333;
cm200r1.dat;800;randomizado;0.150000;30;;1783289140;0.461506;1588.000000;1682.933333;
cm200r1.dat;800;randomizado;0.150000;30;;1783289141;0.452942;1489.000000;1628.866667;
cm200r1.dat;800;randomizado;0.150000;30;;1783289142;0.437933;1521.000000;1636.700000;
cm200r1.dat;800;randomizado;0.300000;30;;1783289133;0.494882;2961.000000;3104.000000;
cm200r1.dat;800;randomizado;0.300000;30;;1783289134;0.468650;2798.000000;3109.500000;
cm200r1.dat;800;randomizado;0.300000;30;;1783289135;0.395452;2788.000000;3112.100000;
cm200r1.dat;800;randomizado;0.300000;30;;1783289136;0.474301;2885.000000;3121.333333;
cm200r1.dat;800;randomizado;0.300000;30;;1783289137;0.459980;2895.000000;3098.833333;
cm200r1.dat;800;randomizado;0.300000;30;;1783289138;0.444681;2895.000000;3077.533333;
cm200r1.dat;800;randomizado;0.300000;30;;1783289139;0.518028;2830.000000;3101.366667;
cm200r1.dat;800;randomizado;0.300000;30;;1783289140;0.527878;2822.000000;3100.266667;
cm200r1.dat;800;randomizado;0.300000;30;;1783289141;0.521442;2771.000000;3084.566667;
cm200r1.dat;800;randomizado;0.300000;30;;1783289142;0.336251;2886.000000;3093.200000;
cm200r1.dat;800;reativo;;300;30;1783289133;4.192920;686.000000;1456.676667;0.050000
cm200r1.dat;800;reativo;;300;30;1783289134;3.597019;634.000000;1375.393333;0.050000
cm200r1.dat;800;reativo;;300;30;1783289135;4.384168;690.000000;1482.373333;0.050000
cm200r1.dat;800;reativo;;300;30;1783289136;4.314816;667.000000;1432.513333;0.050000
cm200r1.dat;800;reativo;;300;30;1783289137;4.258190;680.000000;1478.440000;0.050000
cm200r1.dat;800;reativo;;300;30;1783289138;4.130227;675.000000;1365.503333;0.050000
cm200r1.dat;800;reativo;;300;30;1783289139;3.863580;662.000000;1372.236667;0.050000
cm200r1.dat;800;reativo;;300;30;1783289140;4.176458;660.000000;1380.056667;0.050000
cm200r1.dat;800;reativo;;300;30;1783289141;3.712328;683.000000;1429.013333;0.050000
cm200r1.dat;800;reativo;;300;30;1783289142;3.886168;669.000000;1407.733333;0.050000
cm200r5.dat;200;guloso;;1;;1783289133;0.015445;1807.000000;;
cm200r5.dat;200;guloso;;1;;1783289134;0.014897;1807.000000;;
cm200r5.dat;200;guloso;;1;;1783289135;0.009859;1807.000000;;
cm200r5.dat;200;guloso;;1;;1783289136;0.010224;1807.000000;;
cm200r5.dat;200;guloso;;1;;1783289137;0.015957;1807.000000;;
cm200r5.dat;200;guloso;;1;;1783289138;0.015095;1807.000000;;
cm200r5.dat;200;guloso;;1;;1783289139;0.010947;1807.000000;;
cm200r5.dat;200;guloso;;1;;1783289140;0.014322;1807.000000;;
cm200r5.dat;200;guloso;;1;;1783289141;0.006028;1807.000000;;
cm200r5.dat;200;guloso;;1;;1783289142;0.012647;1807.000000;;
cm200r5.dat;200;randomizado;0.050000;30;;1783289133;0.331054;1874.000000;2047.133333;
cm200r5.dat;200;randomizado;0.050000;30;;1783289134;0.342212;1883.000000;2038.600000;
cm200r5.dat;200;randomizado;0.050000;30;;1783289135;0.222967;1745.000000;1998.866667;
cm200r5.dat;200;randomizado;0.050000;30;;1783289136;0.313821;1860.000000;2013.833333;
cm200r5.dat;200;randomizado;0.050000;30;;1783289137;0.238871;1820.000000;2022.900000;
cm200r5.dat;200;randomizado;0.050000;30;;1783289138;0.310278;1821.000000;2027.133333;
cm200r5.dat;200;randomizado;0.050000;30;;1783289139;0.368651;1864.000000;1992.800000;
cm200r5.dat;200;randomizado;0.050000;30;;1783289140;0.227868;1885.000000;2043.900000;
cm200r5.dat;200;randomizado;0.050000;30;;1783289141;0.257742;1871.000000;2008.133333;
cm200r5.dat;200;randomizado;0.050000;30;;1783289142;0.302427;1819.000000;2041.633333;
cm200r5.dat;200;randomizado;0.150000;30;;1783289133;0.392359;2409.000000;2647.700000;
cm200r5.dat;200;randomizado;0.150000;30;;1783289134;0.311176;2333.000000;2619.500000;
cm200r5.dat;200;randomizado;0.150000;30;;1783289135;0.350414;2404.000000;2641.233333;
cm200r5.dat;200;randomizado;0.150000;30;;1783289136;0.363207;2387.000000;2654.600000;
cm200r5.dat;200;randomizado;0.150000;30;;1783289137;0.392852;2515.000000;2660.866667;
cm200r5.dat;200;randomizado;0.150000;30;;1783289138;0.345111;2330.000000;2643.233333;
cm200r5.dat;200;randomizado;0.150000;30;;1783289139;0.340136;2460.000000;2636.266667;
cm200r5.dat;200;randomizado;0.150000;30;;1783289140;0.344935;2398.000000;2629.066667;
cm200r5.dat;200;randomizado;0.150000;30;;1783289141;0.425755;2423.000000;2687.133333;
cm200r5.dat;200;randomizado;0.150000;30;;1783289142;0.328852;2450.000000;2650.000000;
cm200r5.dat;200;randomizado;0.300000;30;;1783289133;0.308070;3371.000000;3788.333333;
cm200r5.dat;200;randomizado;0.300000;30;;1783289134;0.305794;3607.000000;3804.900000;
cm200r5.dat;200;randomizado;0.300000;30;;1783289135;0.353739;3420.000000;3758.966667;
cm200r5.dat;200;randomizado;0.300000;30;;1783289136;0.361880;3450.000000;3756.966667;
cm200r5.dat;200;randomizado;0.300000;30;;1783289137;0.330679;3487.000000;3786.466667;
cm200r5.dat;200;randomizado;0.300000;30;;1783289138;0.356561;3372.000000;3729.833333;
cm200r5.dat;200;randomizado;0.300000;30;;1783289139;0.322213;3466.000000;3724.633333;
cm200r5.dat;200;randomizado;0.300000;30;;1783289140;0.368609;3396.000000;3768.466667;
cm200r5.dat;200;randomizado;0.300000;30;;1783289141;0.317316;3537.000000;3775.200000;
cm200r5.dat;200;randomizado;0.300000;30;;1783289142;0.339031;3441.000000;3744.833333;
cm200r5.dat;200;reativo;;300;30;1783289133;3.322380;1769.000000;2714.600000;0.050000
cm200r5.dat;200;reativo;;300;30;1783289134;3.063026;1791.000000;2658.133333;0.050000
cm200r5.dat;200;reativo;;300;30;1783289135;3.115945;1776.000000;2708.123333;0.050000
cm200r5.dat;200;reativo;;300;30;1783289136;3.227533;1764.000000;2650.020000;0.050000
cm200r5.dat;200;reativo;;300;30;1783289137;3.318297;1804.000000;2711.576667;0.050000
cm200r5.dat;200;reativo;;300;30;1783289138;3.533353;1803.000000;2576.970000;0.050000
cm200r5.dat;200;reativo;;300;30;1783289139;3.375356;1759.000000;2610.083333;0.050000
cm200r5.dat;200;reativo;;300;30;1783289140;3.423048;1744.000000;2643.670000;0.050000
cm200r5.dat;200;reativo;;300;30;1783289141;3.338234;1777.000000;2674.013333;0.050000
cm200r5.dat;200;reativo;;300;30;1783289142;3.013910;1764.000000;2628.686667;0.050000
cm200r5.dat;400;guloso;;1;;1783289133;0.016902;829.000000;;
cm200r5.dat;400;guloso;;1;;1783289134;0.010663;829.000000;;
cm200r5.dat;400;guloso;;1;;1783289135;0.006037;829.000000;;
cm200r5.dat;400;guloso;;1;;1783289136;0.011844;829.000000;;
cm200r5.dat;400;guloso;;1;;1783289137;0.012412;829.000000;;
cm200r5.dat;400;guloso;;1;;1783289138;0.007949;829.000000;;
cm200r5.dat;400;guloso;;1;;1783289139;0.012913;829.000000;;
cm200r5.dat;400;guloso;;1;;1783289140;0.012373;829.000000;;
cm200r5.dat;400;guloso;;1;;1783289141;0.014043;829.000000;;
cm200r5.dat;400;guloso;;1;;1783289142;0.006269;829.000000;;
cm200r5.dat;400;randomizado;0.050000;30;;1783289133;0.220845;934.000000;1079.066667;
cm200r5.dat;400;randomizado;0.050000;30;;1783289134;0.254482;1012.000000;1090.666667;
cm200r5.dat;400;randomizado;0.050000;30;;1783289135;0.281713;981.000000;1066.200000;
cm200r5.dat;400;randomizado;0.050000;30;;1783289136;0.253545;955.000000;1094.933333;
cm200r5.dat;400;randomizado;0.050000;30;;1783289137;0.386682;952.000000;1078.033333;
cm200r5.dat;400;randomizado;0.050000;30;;1783289138;0.307740;919.000000;1075.433333;
cm200r5.dat;400;randomizado;0.050000;30;;1783289139;0.218933;990.000000;1095.300000;
cm200r5.dat;400;randomizado;0.050000;30;;1783289140;0.226891;930.000000;1055.400000;
cm200r5.dat;400;randomizado;0.050000;30;;1783289141;0.282902;990.000000;1096.533333;
cm200r5.dat;400;randomizado;0.050000;30;;1783289142;0.395326;943.000000;1083.533333;
cm200r5.dat;400;randomizado;0.150000;30;;1783289133;0.425482;1756.000000;1871.533333;
cm200r5.dat;400;randomizado;0.150000;30;;1783289134;0.381516;1747.000000;1885.800000;
cm200r5.dat;400;randomizado;0.150000;30;;1783289135;0.372277;1720.000000;1874.866667;
cm200r5.dat;400;randomizado;0.150000;30;;1783289136;0.393503;1712.000000;1885.100000;
cm200r5.dat;400;randomizado;0.150000;30;;1783289137;0.390128;1769.000000;1894.066667;
cm200r5.dat;400;randomizado;0.150000;30;;1783289138;0.461217;1693.000000;1889.700000;
cm200r5.dat;400;randomizado;0.150000;30;;1783289139;0.388367;1761.000000;1906.166667;
cm200r5.dat;400;randomizado;0.150000;30;;1783289140;0.314144;1685.000000;1868.866667;
cm200r5.dat;400;randomizado;0.150000;30;;1783289141;0.394917;1723.000000;1890.166667;
cm200r5.dat;400;randomizado;0.150000;30;;1783289142;0.308392;1784.000000;1912.500000;
cm200r5.dat;400;randomizado;0.300000;30;;1783289133;0.386344;3037.000000;3274.233333;
cm200r5.dat;400;randomizado;0.300000;30;;1783289134;0.410735;2943.000000;3254.100000;
cm200r5.dat;400;randomizado;0.300000;30;;1783289135;0.353970;2920.000000;3215.600000;
cm200r5.dat;400;randomizado;0.300000;30;;1783289136;0.522855;3006.000000;3228.966667;
cm200r5.dat;400;randomizado;0.300000;30;;1783289137;0.403167;2988.000000;3257.933333;
cm200r5.dat;400;randomizado;0.300000;30;;1783289138;0.504483;2907.000000;3245.400000;
cm200r5.dat;400;randomizado;0.300000;30;;1783289139;0.363754;3031.000000;3257.966667;
cm200r5.dat;400;randomizado;0.300000;30;;1783289140;0.406753;2954.000000;3239.500000;
cm200r5.dat;400;randomizado;0.300000;30;;1783289141;0.357625;2997.000000;3225.933333;
cm200r5.dat;400;randomizado;0.300000;30;;1783289142;0.389050;2944.000000;3223.300000;
cm200r5.dat;400;reativo;;300;30;1783289133;3.710364;894.000000;1799.670000;0.050000
cm200r5.dat;400;reativo;;300;30;1783289134;3.976436;911.000000;1738.566667;0.050000
cm200r5.dat;400;reativo;;300;30;1783289135;3.718262;932.000000;1801.773333;0.050000
cm200r5.dat;400;reativo;;300;30;1783289136;2.862402;925.000000;1752.133333;0.050000
cm200r5.dat;400;reativo;;300;30;1783289137;3.647810;904.000000;1788.636667;0.050000
cm200r5.dat;400;reativo;;300;30;1783289138;2.787222;907.000000;1672.633333;0.050000
cm200r5.dat;400;reativo;;300;30;1783289139;3.401076;911.000000;1705.770000;0.050000
cm200r5.dat;400;reativo;;300;30;1783289140;3.557171;923.000000;1707.900000;0.050000
cm200r5.dat;400;reativo;;300;30;1783289141;3.708898;924.000000;1742.870000;0.050000
cm200r5.dat;400;reativo;;300;30;1783289142;3.724454;933.000000;1719.016667;0.050000
cm200r5.dat;800;guloso;;1;;1783289133;0.007605;447.000000;;
cm200r5.dat;800;guloso;;1;;1783289134;0.014740;447.000000;;
cm200r5.dat;800;guloso;;1;;1783289135;0.013046;447.000000;;
cm200r5.dat;800;guloso;;1;;1783289136;0.006443;447.000000;;
cm200r5.dat;800;guloso;;1;;1783289137;0.012309;447.000000;;
cm200r5.dat;800;guloso;;1;;1783289138;0.014731;447.000000;;
cm200r5.dat;800;guloso;;1;;1783289139;0.007916;447.000000;;
cm200r5.dat;800;guloso;;1;;1783289140;0.008442;447.000000;;
cm200r5.dat;800;guloso;;1;;1783289141;0.007285;447.000000;;
cm200r5.dat;800;guloso;;1;;1783289142;0.007241;447.000000;;
cm200r5.dat;800;randomizado;0.050000;30;;1783289133;0.275275;671.000000;775.200000;
cm200r5.dat;800;randomizado;0.050000;30;;1783289134;0.214738;707.000000;792.400000;
cm200r5.dat;800;randomizado;0.050000;30;;1783289135;0.220149;688.000000;790.966667;
cm200r5.dat;800;randomizado;0.050000;30;;1783289136;0.247477;688.000000;786.500000;
cm200r5.dat;800;randomizado;0.050000;30;;1783289137;0.226255;688.000000;795.000000;
cm200r5.dat;800;randomizado;0.050000;30;;1783289138;0.301730;705.000000;790.300000;
cm200r5.dat;800;randomizado;0.050000;30;;1783289139;0.335717;629.000000;780.000000;
cm200r5.dat;800;randomizado;0.050000;30;;1783289140;0.230742;683.000000;778.633333;
cm200r5.dat;800;randomizado;0.050000;30;;1783289141;0.246002;708.000000;796.533333;
cm200r5.dat;800;randomizado;0.050000;30;;1783289142;0.240613;702.000000;788.566667;
cm200r5.dat;800;randomizado;0.150000;30;;1783289133;0.355412;1548.000000;1657.766667;
cm200r5.dat;800;randomizado;0.150000;30;;1783289134;0.497092;1542.000000;1665.733333;
cm200r5.dat;800;randomizado;0.150000;30;;1783289135;0.586890;1473.000000;1657.466667;
cm200r5.dat;800;randomizado;0.150000;30;;1783289136;0.519239;1511.000000;1675.900000;
cm200r5.dat;800;randomizado;0.150000;30;;1783289137;0.464388;1482.000000;1670.400000;
cm200r5.dat;800;randomizado;0.150000;30;;1783289138;0.400958;1553.000000;1686.300000;
cm200r5.dat;800;randomizado;0.150000;30;;1783289139;0.535005;1520.000000;1658.066667;
cm200r5.dat;800;randomizado;0.150000;30;;1783289140;0.353324;1533.000000;1665.566667;
cm200r5.dat;800;randomizado;0.150000;30;;1783289141;0.460554;1486.000000;1667.666667;
cm200r5.dat;800;randomizado;0.150000;30;;1783289142;0.451501;1572.000000;1658.966667;
cm200r5.dat;800;randomizado;0.300000;30;;1783289133;0.635460;2873.000000;3178.333333;
cm200r5.dat;800;randomizado;0.300000;30;;1783289134;0.551146;2957.000000;3180.566667;
cm200r5.dat;800;randomizado;0.300000;30;;1783289135;0.552724;2926.000000;3167.366667;
cm200r5.dat;800;randomizado;0.300000;30;;1783289136;0.667490;2901.000000;3147.966667;
cm200r5.dat;800;randomizado;0.300000;30;;1783289137;0.636931;2892.000000;3132.033333;
cm200r5.dat;800;randomizado;0.300000;30;;1783289138;0.433810;2801.000000;3144.700000;
cm200r5.dat;800;randomizado;0.300000;30;;1783289139;0.595182;2980.000000;3146.766667;
cm200r5.dat;800;randomizado;0.300000;30;;1783289140;0.598614;2869.000000;3145.733333;
cm200r5.dat;800;randomizado;0.300000;30;;1783289141;0.528080;2982.000000;3164.400000;
cm200r5.dat;800;randomizado;0.300000;30;;1783289142;0.576332;2785.000000;3107.966667;
cm200r5.dat;800;reativo;;300;30;1783289133;3.829768;676.000000;1457.700000;0.050000
cm200r5.dat;800;reativo;;300;30;1783289134;3.008630;682.000000;1415.336667;0.050000
cm200r5.dat;800;reativo;;300;30;1783289135;3.336226;684.000000;1495.906667;0.050000
cm200r5.dat;800;reativo;;300;30;1783289136;3.916405;701.000000;1442.050000;0.050000
cm200r5.dat;800;reativo;;300;30;1783289137;4.176967;699.000000;1501.960000;0.050000
cm200r5.dat;800;reativo;;300;30;1783289138;4.009814;688.000000;1380.156667;0.050000
cm200r5.dat;800;reativo;;300;30;1783289139;4.090498;675.000000;1378.150000;0.050000
cm200r5.dat;800;reativo;;300;30;1783289140;3.934167;686.000000;1400.526667;0.050000
cm200r5.dat;800;reativo;;300;30;1783289141;4.367327;687.000000;1444.300000;0.050000
cm200r5.dat;800;reativo;;300;30;1783289142;4.327705;679.000000;1435.283333;0.050000
cm50r1.dat;200;guloso;;1;;1783289133;0.000081;1387.000000;;
cm50r1.dat;200;guloso;;1;;1783289134;0.000282;1387.000000;;
cm50r1.dat;200;guloso;;1;;1783289135;0.000316;1387.000000;;
cm50r1.dat;200;guloso;;1;;1783289136;0.000188;1387.000000;;
cm50r1.dat;200;guloso;;1;;1783289137;0.000286;1387.000000;;
cm50r1.dat;200;guloso;;1;;1783289138;0.000268;1387.000000;;
cm50r1.dat;200;guloso;;1;;1783289139;0.000324;1387.000000;;
cm50r1.dat;200;guloso;;1;;1783289140;0.000351;1387.000000;;
cm50r1.dat;200;guloso;;1;;1783289141;0.000322;1387.000000;;
cm50r1.dat;200;guloso;;1;;1783289142;0.000326;1387.000000;;
cm50r1.dat;200;randomizado;0.050000;30;;1783289133;0.012281;1383.000000;1468.500000;
cm50r1.dat;200;randomizado;0.050000;30;;1783289134;0.011002;1341.000000;1468.833333;
cm50r1.dat;200;randomizado;0.050000;30;;1783289135;0.010806;1349.000000;1469.633333;
cm50r1.dat;200;randomizado;0.050000;30;;1783289136;0.011324;1342.000000;1447.733333;
cm50r1.dat;200;randomizado;0.050000;30;;1783289137;0.009488;1341.000000;1467.266667;
cm50r1.dat;200;randomizado;0.050000;30;;1783289138;0.010442;1349.000000;1471.200000;
cm50r1.dat;200;randomizado;0.050000;30;;1783289139;0.008950;1382.000000;1478.300000;
cm50r1.dat;200;randomizado;0.050000;30;;1783289140;0.010248;1358.000000;1471.733333;
cm50r1.dat;200;randomizado;0.050000;30;;1783289141;0.010326;1384.000000;1480.600000;
cm50r1.dat;200;randomizado;0.050000;30;;1783289142;0.010986;1348.000000;1479.400000;
cm50r1.dat;200;randomizado;0.150000;30;;1783289133;0.012165;1477.000000;1597.300000;
cm50r1.dat;200;randomizado;0.150000;30;;1783289134;0.009888;1416.000000;1580.033333;
cm50r1.dat;200;randomizado;0.150000;30;;1783289135;0.008391;1441.000000;1580.933333;
cm50r1.dat;200;randomizado;0.150000;30;;1783289136;0.007137;1517.000000;1606.666667;
cm50r1.dat;200;randomizado;0.150000;30;;1783289137;0.012341;1444.000000;1602.066667;
cm50r1.dat;200;randomizado;0.150000;30;;1783289138;0.006026;1451.000000;1576.333333;
cm50r1.dat;200;randomizado;0.150000;30;;1783289139;0.004688;1476.000000;1577.433333;
cm50r1.dat;200;randomizado;0.150000;30;;1783289140;0.004861;1433.000000;1580.000000;
cm50r1.dat;200;randomizado;0.150000;30;;1783289141;0.010252;1467.000000;1600.766667;
cm50r1.dat;200;randomizado;0.150000;30;;1783289142;0.011668;1437.000000;1569.633333;
cm50r1.dat;200;randomizado;0.300000;30;;1783289133;0.013639;1594.000000;1785.766667;
cm50r1.dat;200;randomizado;0.300000;30;;1783289134;0.006064;1650.000000;1772.933333;
cm50r1.dat;200;randomizado;0.300000;30;;1783289135;0.008599;1648.000000;1770.900000;
cm50r1.dat;200;randomizado;0.300000;30;;1783289136;0.007595;1592.000000;1751.833333;
cm50r1.dat;200;randomizado;0.300000;30;;1783289137;0.011096;1622.000000;1787.000000;
cm50r1.dat;200;randomizado;0.300000;30;;1783289138;0.011364;1677.000000;1782.566667;
cm50r1.dat;200;randomizado;0.300000;30;;1783289139;0.009659;1590.000000;1742.666667;
cm50r1.dat;200;randomizado;0.300000;30;;1783289140;0.011132;1575.000000;1753.966667;
cm50r1.dat;200;randomizado;0.300000;30;;1783289141;0.009198;1642.000000;1770.366667;
cm50r1.dat;200;randomizado;0.300000;30;;1783289142;0.010715;1626.000000;1740.100000;
cm50r1.dat;200;reativo;;300;30;1783289133;0.090609;1348.000000;1606.330000;0.050000
cm50r1.dat;200;reativo;;300;30;1783289134;0.066328;1346.000000;1599.726667;0.050000
cm50r1.dat;200;reativo;;300;30;1783289135;0.082448;1304.000000;1598.310000;0.050000
cm50r1.dat;200;reativo;;300;30;1783289136;0.073034;1313.000000;1605.550000;0.050000
cm50r1.dat;200;reativo;;300;30;1783289137;0.112287;1338.000000;1608.933333;0.050000
cm50r1.dat;200;reativo;;300;30;1783289138;0.125424;1329.000000;1600.956667;0.050000
cm50r1.dat;200;reativo;;300;30;1783289139;0.058894;1321.000000;1606.693333;0.050000
cm50r1.dat;200;reativo;;300;30;1783289140;0.062429;1394.000000;1605.176667;0.050000
cm50r1.dat;200;reativo;;300;30;1783289141;0.099037;1308.000000;1588.203333;0.050000
cm50r1.dat;200;reativo;;300;30;1783289142;0.059082;1316.000000;1591.206667;0.050000
cm50r1.dat;400;guloso;;1;;1783289133;0.000141;829.000000;;
cm50r1.dat;400;guloso;;1;;1783289134;0.000120;829.000000;;
cm50r1.dat;400;guloso;;1;;1783289135;0.000124;829.000000;;
cm50r1.dat;400;guloso;;1;;1783289136;0.000174;829.000000;;
cm50r1.dat;400;guloso;;1;;1783289137;0.000250;829.000000;;
cm50r1.dat;400;guloso;;1;;1783289138;0.000233;829.000000;;
cm50r1.dat;400;guloso;;1;;1783289139;0.000218;829.000000;;
cm50r1.dat;400;guloso;;1;;1783289140;0.000197;829.000000;;
cm50r1.dat;400;guloso;;1;;1783289141;0.000120;829.000000;;
cm50r1.dat;400;guloso;;1;;1783289142;0.000121;829.000000;;
cm50r1.dat;400;randomizado;0.050000;30;;1783289133;0.005028;846.000000;907.766667;
cm50r1.dat;400;randomizado;0.050000;30;;1783289134;0.007181;817.000000;929.533333;
cm50r1.dat;400;randomizado;0.050000;30;;1783289135;0.005340;831.000000;903.033333;
cm50r1.dat;400;randomizado;0.050000;30;;1783289136;0.010208;818.000000;914.533333;
cm50r1.dat;400;randomizado;0.050000;30;;1783289137;0.006601;822.000000;921.133333;
cm50r1.dat;400;randomizado;0.050000;30;;1783289138;0.008333;844.000000;923.833333;
cm50r1.dat;400;randomizado;0.050000;30;;1783289139;0.012406;828.000000;906.900000;
cm50r1.dat;400;randomizado;0.050000;30;;1783289140;0.012136;810.000000;919.900000;
cm50r1.dat;400;randomizado;0.050000;30;;1783289141;0.005139;804.000000;913.733333;
cm50r1.dat;400;randomizado;0.050000;30;;1783289142;0.010565;805.000000;908.766667;
cm50r1.dat;400;randomizado;0.150000;30;;1783289133;0.008512;1005.000000;1119.900000;
cm50r1.dat;400;randomizado;0.150000;30;;1783289134;0.005342;1025.000000;1117.400000;
cm50r1.dat;400;randomizado;0.150000;30;;1783289135;0.005506;1013.000000;1111.266667;
cm50r1.dat;400;randomizado;0.150000;30;;1783289136;0.007132;1021.000000;1131.300000;
cm50r1.dat;400;randomizado;0.150000;30;;1783289137;0.009001;1007.000000;1112.633333;
cm50r1.dat;400;randomizado;0.150000;30;;1783289138;0.012032;1035.000000;1115.066667;
cm50r1.dat;400;randomizado;0.150000;30;;1783289139;0.011301;983.000000;1112.433333;
cm50r1.dat;400;randomizado;0.150000;30;;1783289140;0.013686;1023.000000;1099.433333;
cm50r1.dat;400;randomizado;0.150000;30;;1783289141;0.011470;1009.000000;1127.933333;
cm50r1.dat;400;randomizado;0.150000;30;;1783289142;0.009677;1045.000000;1109.666667;
cm50r1.dat;400;randomizado;0.300000;30;;1783289133;0.013076;1265.000000;1376.966667;
cm50r1.dat;400;randomizado;0.300000;30;;1783289134;0.008545;1252.000000;1380.100000;
cm50r1.dat;400;randomizado;0.300000;30;;1783289135;0.006955;1314.000000;1403.866667;
cm50r1.dat;400;randomizado;0.300000;30;;1783289136;0.011787;1292.000000;1409.600000;
cm50r1.dat;400;randomizado;0.300000;30;;1783289137;0.008896;1292.000000;1373.366667;
cm50r1.dat;400;randomizado;0.300000;30;;1783289138;0.007857;1217.000000;1353.366667;
cm50r1.dat;400;randomizado;0.300000;30;;1783289139;0.006142;1286.000000;1402.033333;
cm50r1.dat;400;randomizado;0.300000;30;;1783289140;0.006848;1225.000000;1377.266667;
cm50r1.dat;400;randomizado;0.300000;30;;1783289141;0.012078;1294.000000;1399.466667;
cm50r1.dat;400;randomizado;0.300000;30;;1783289142;0.009620;1286.000000;1378.833333;
cm50r1.dat;400;reativo;;300;30;1783289133;0.103708;772.000000;1109.336667;0.050000
cm50r1.dat;400;reativo;;300;30;1783289134;0.062118;795.000000;1092.606667;0.050000
cm50r1.dat;400;reativo;;300;30;1783289135;0.067090;759.000000;1104.070000;0.050000
cm50r1.dat;400;reativo;;300;30;1783289136;0.057874;797.000000;1107.943333;0.050000
cm50r1.dat;400;reativo;;300;30;1783289137;0.119071;790.000000;1115.636667;0.050000
cm50r1.dat;400;reativo;;300;30;1783289138;0.139038;814.000000;1105.423333;0.050000
cm50r1.dat;400;reativo;;300;30;1783289139;0.078739;792.000000;1126.353333;0.050000
cm50r1.dat;400;reativo;;300;30;1783289140;0.097364;808.000000;1114.910000;0.050000
cm50r1.dat;400;reativo;;300;30;1783289141;0.107226;817.000000;1088.763333;0.050000
cm50r1.dat;400;reativo;;300;30;1783289142;0.089791;803.000000;1095.850000;0.050000
cm50r1.dat;800;guloso;;1;;1783289133;0.000215;732.000000;;
cm50r1.dat;800;guloso;;1;;1783289134;0.000220;732.000000;;
cm50r1.dat;800;guloso;;1;;1783289135;0.000123;732.000000;;
cm50r1.dat;800;guloso;;1;;1783289136;0.000241;732.000000;;
cm50r1.dat;800;guloso;;1;;1783289137;0.000279;732.000000;;
cm50r1.dat;800;guloso;;1;;1783289138;0.000114;732.000000;;
cm50r1.dat;800;guloso;;1;;1783289139;0.000122;732.000000;;
cm50r1.dat;800;guloso;;1;;1783289140;0.000140;732.000000;;
cm50r1.dat;800;guloso;;1;;1783289141;0.000230;732.000000;;
cm50r1.dat;800;guloso;;1;;1783289142;0.000244;732.000000;;
cm50r1.dat;800;randomizado;0.050000;30;;1783289133;0.008014;650.000000;730.466667;
cm50r1.dat;800;randomizado;0.050000;30;;1783289134;0.014021;633.000000;722.800000;
cm50r1.dat;800;randomizado;0.050000;30;;1783289135;0.012301;651.000000;718.400000;
cm50r1.dat;800;randomizado;0.050000;30;;1783289136;0.010244;601.000000;721.033333;
cm50r1.dat;800;randomizado;0.050000;30;;1783289137;0.006746;652.000000;727.700000;
cm50r1.dat;800;randomizado;0.050000;30;;1783289138;0.013732;636.000000;726.900000;
cm50r1.dat;800;randomizado;0.050000;30;;1783289139;0.010621;638.000000;734.500000;
cm50r1.dat;800;randomizado;0.050000;30;;1783289140;0.009498;658.000000;728.533333;
cm50r1.dat;800;randomizado;0.050000;30;;1783289141;0.011727;658.000000;726.833333;
cm50r1.dat;800;randomizado;0.050000;30;;1783289142;0.007164;617.000000;727.266667;
cm50r1.dat;800;randomizado;0.150000;30;;1783289133;0.015020;779.000000;904.700000;
cm50r1.dat;800;randomizado;0.150000;30;;1783289134;0.014675;837.000000;910.966667;
cm50r1.dat;800;randomizado;0.150000;30;;1783289135;0.011008;835.000000;920.633333;
cm50r1.dat;800;randomizado;0.150000;30;;1783289136;0.011643;839.000000;934.900000;
cm50r1.dat;800;randomizado;0.150000;30;;1783289137;0.014363;854.000000;930.333333;
cm50r1.dat;800;randomizado;0.150000;30;;1783289138;0.016009;810.000000;915.233333;
cm50r1.dat;800;randomizado;0.150000;30;;1783289139;0.014822;796.000000;912.900000;
cm50r1.dat;800;randomizado;0.150000;30;;1783289140;0.017758;793.000000;931.233333;
cm50r1.dat;800;randomizado;0.150000;30;;1783289141;0.010554;841.000000;912.000000;
cm50r1.dat;800;randomizado;0.150000;30;;1783289142;0.014574;797.000000;925.033333;
cm50r1.dat;800;randomizado;0.300000;30;;1783289133;0.015239;1104.000000;1274.033333;
cm50r1.dat;800;randomizado;0.300000;30;;1783289134;0.012516;1102.000000;1261.166667;
cm50r1.dat;800;randomizado;0.300000;30;;1783289135;0.016180;1072.000000;1259.700000;
cm50r1.dat;800;randomizado;0.300000;30;;1783289136;0.010107;1102.000000;1238.433333;
cm50r1.dat;800;randomizado;0.300000;30;;1783289137;0.008027;1150.000000;1246.500000;
cm50r1.dat;800;randomizado;0.300000;30;;1783289138;0.012750;1183.000000;1278.266667;
cm50r1.dat;800;randomizado;0.300000;30;;1783289139;0.017269;1094.000000;1223.666667;
cm50r1.dat;800;randomizado;0.300000;30;;1783289140;0.011273;1114.000000;1241.166667;
cm50r1.dat;800;randomizado;0.300000;30;;1783289141;0.017341;1109.000000;1262.633333;
cm50r1.dat;800;randomizado;0.300000;30;;1783289142;0.015936;1072.000000;1256.633333;
cm50r1.dat;800;reativo;;300;30;1783289133;0.067568;620.000000;917.433333;0.050000
cm50r1.dat;800;reativo;;300;30;1783289134;0.114418;624.000000;923.413333;0.050000
cm50r1.dat;800;reativo;;300;30;1783289135;0.126322;597.000000;914.643333;0.050000
cm50r1.dat;800;reativo;;300;30;1783289136;0.119175;597.000000;925.790000;0.050000
cm50r1.dat;800;reativo;;300;30;1783289137;0.098515;609.000000;931.716667;0.050000
cm50r1.dat;800;reativo;;300;30;1783289138;0.106705;605.000000;926.806667;0.050000
cm50r1.dat;800;reativo;;300;30;1783289139;0.106547;603.000000;942.926667;0.050000
cm50r1.dat;800;reativo;;300;30;1783289140;0.073450;633.000000;929.240000;0.050000
cm50r1.dat;800;reativo;;300;30;1783289141;0.070776;616.000000;906.016667;0.050000
cm50r1.dat;800;reativo;;300;30;1783289142;0.076016;654.000000;913.550000;0.050000
cm50r2.dat;200;guloso;;1;;1783289133;0.000121;1278.000000;;
cm50r2.dat;200;guloso;;1;;1783289134;0.000149;1278.000000;;
cm50r2.dat;200;guloso;;1;;1783289135;0.000138;1278.000000;;
cm50r2.dat;200;guloso;;1;;1783289136;0.000298;1278.000000;;
cm50r2.dat;200;guloso;;1;;1783289137;0.000349;1278.000000;;
cm50r2.dat;200;guloso;;1;;1783289138;0.000144;1278.000000;;
cm50r2.dat;200;guloso;;1;;1783289139;0.000129;1278.000000;;
cm50r2.dat;200;guloso;;1;;1783289140;0.000119;1278.000000;;
cm50r2.dat;200;guloso;;1;;1783289141;0.000117;1278.000000;;
cm50r2.dat;200;guloso;;1;;1783289142;0.000299;1278.000000;;
cm50r2.dat;200;randomizado;0.050000;30;;1783289133;0.004860;1219.000000;1314.733333;
cm50r2.dat;200;randomizado;0.050000;30;;1783289134;0.010250;1223.000000;1297.666667;
cm50r2.dat;200;randomizado;0.050000;30;;1783289135;0.008110;1191.000000;1295.033333;
cm50r2.dat;200;randomizado;0.050000;30;;1783289136;0.006975;1196.000000;1306.900000;
cm50r2.dat;200;randomizado;0.050000;30;;1783289137;0.008100;1239.000000;1308.333333;
cm50r2.dat;200;randomizado;0.050000;30;;1783289138;0.007526;1200.000000;1316.600000;
cm50r2.dat;200;randomizado;0.050000;30;;1783289139;0.010026;1224.000000;1328.300000;
cm50r2.dat;200;randomizado;0.050000;30;;1783289140;0.004366;1234.000000;1324.933333;
cm50r2.dat;200;randomizado;0.050000;30;;1783289141;0.004523;1253.000000;1320.633333;
cm50r2.dat;200;randomizado;0.050000;30;;1783289142;0.005168;1220.000000;1317.200000;
cm50r2.dat;200;randomizado;0.150000;30;;1783289133;0.008414;1312.000000;1398.933333;
cm50r2.dat;200;randomizado;0.150000;30;;1783289134;0.012564;1307.000000;1391.300000;
cm50r2.dat;200;randomizado;0.150000;30;;1783289135;0.007278;1307.000000;1385.233333;
cm50r2.dat;200;randomizado;0.150000;30;;1783289136;0.011461;1309.000000;1392.766667;
cm50r2.dat;200;randomizado;0.150000;30;;1783289137;0.010278;1277.000000;1379.466667;
cm50r2.dat;200;randomizado;0.150000;30;;1783289138;0.010853;1314.000000;1379.700000;
cm50r2.dat;200;randomizado;0.150000;30;;1783289139;0.004913;1317.000000;1391.533333;
cm50r2.dat;200;randomizado;0.150000;30;;1783289140;0.010499;1224.000000;1373.600000;
cm50r2.dat;200;randomizado;0.150000;30;;1783289141;0.007286;1291.000000;1403.666667;
cm50r2.dat;200;randomizado;0.150000;30;;1783289142;0.008328;1300.000000;1394.566667;
cm50r2.dat;200;randomizado;0.300000;30;;1783289133;0.008825;1457.000000;1527.200000;
cm50r2.dat;200;randomizado;0.300000;30;;1783289134;0.012011;1443.000000;1519.033333;
cm50r2.dat;200;randomizado;0.300000;30;;1783289135;0.013147;1422.000000;1524.733333;
cm50r2.dat;200;randomizado;0.300000;30;;1783289136;0.011284;1416.000000;1547.333333;
cm50r2.dat;200;randomizado;0.300000;30;;1783289137;0.012318;1438.000000;1534.933333;
cm50r2.dat;200;randomizado;0.300000;30;;1783289138;0.005102;1418.000000;1556.166667;
cm50r2.dat;200;randomizado;0.300000;30;;1783289139;0.009215;1433.000000;1521.200000;
cm50r2.dat;200;randomizado;0.300000;30;;1783289140;0.008812;1359.000000;1548.100000;
cm50r2.dat;200;randomizado;0.300000;30;;1783289141;0.005103;1439.000000;1570.333333;
cm50r2.dat;200;randomizado;0.300000;30;;1783289142;0.010862;1424.000000;1538.833333;
cm50r2.dat;200;reativo;;300;30;1783289133;0.106130;1211.000000;1408.746667;0.050000
cm50r2.dat;200;reativo;;300;30;1783289134;0.115599;1157.000000;1399.293333;0.050000
cm50r2.dat;200;reativo;;300;30;1783289135;0.111352;1183.000000;1400.363333;0.050000
cm50r2.dat;200;reativo;;300;30;1783289136;0.105654;1189.000000;1407.966667;0.050000
cm50r2.dat;200;reativo;;300;30;1783289137;0.088962;1160.000000;1410.586667;0.050000
cm50r2.dat;200;reativo;;300;30;1783289138;0.093727;1213.000000;1403.110000;0.050000
cm50r2.dat;200;reativo;;300;30;1783289139;0.126319;1169.000000;1413.690000;0.050000
cm50r2.dat;200;reativo;;300;30;1783289140;0.061592;1205.000000;1407.836667;0.050000
cm50r2.dat;200;reativo;;300;30;1783289141;0.114982;1153.000000;1397.676667;0.050000
cm50r2.dat;200;reativo;;300;30;1783289142;0.095982;1135.000000;1402.536667;0.050000
cm50r2.dat;400;guloso;;1;;1783289133;0.000275;770.000000;;
cm50r2.dat;400;guloso;;1;;1783289134;0.000333;770.000000;;
cm50r2.dat;400;guloso;;1;;1783289135;0.000128;770.000000;;
cm50r2.dat;400;guloso;;1;;1783289136;0.000128;770.000000;;
cm50r2.dat;400;guloso;;1;;1783289137;0.000120;770.000000;;
cm50r2.dat;400;guloso;;1;;1783289138;0.000326;770.000000;;
cm50r2.dat;400;guloso;;1;;1783289139;0.000264;770.000000;;
cm50r2.dat;400;guloso;;1;;1783289140;0.000293;770.000000;;
cm50r2.dat;400;guloso;;1;;1783289141;0.000295;770.000000;;
cm50r2.dat;400;guloso;;1;;1783289142;0.000106;770.000000;;
cm50r2.dat;400;randomizado;0.050000;30;;1783289133;0.011993;792.000000;866.833333;
cm50r2.dat;400;randomizado;0.050000;30;;1783289134;0.006967;776.000000;875.566667;
cm50r2.dat;400;randomizado;0.050000;30;;1783289135;0.010824;790.000000;862.800000;
cm50r2.dat;400;randomizado;0.050000;30;;1783289136;0.012442;789.000000;862.066667;
cm50r2.dat;400;randomizado;0.050000;30;;1783289137;0.005762;811.000000;873.533333;
cm50r2.dat;400;randomizado;0.050000;30;;1783289138;0.010971;737.000000;867.900000;
cm50r2.dat;400;randomizado;0.050000;30;;1783289139;0.011320;807.000000;879.733333;
cm50r2.dat;400;randomizado;0.050000;30;;1783289140;0.009951;819.000000;871.533333;
cm50r2.dat;400;randomizado;0.050000;30;;1783289141;0.010732;802.000000;867.600000;
cm50r2.dat;400;randomizado;0.050000;30;;1783289142;0.011727;787.000000;880.633333;
cm50r2.dat;400;randomizado;0.150000;30;;1783289133;0.014505;881.000000;998.100000;
cm50r2.dat;400;randomizado;0.150000;30;;1783289134;0.011784;924.000000;1006.600000;
cm50r2.dat;400;randomizado;0.150000;30;;1783289135;0.016510;929.000000;1000.366667;
cm50r2.dat;400;randomizado;0.150000;30;;1783289136;0.009909;908.000000;1020.933333;
cm50r2.dat;400;randomizado;0.150000;30;;1783289137;0.012623;913.000000;1018.600000;
cm50r2.dat;400;randomizado;0.150000;30;;1783289138;0.010777;920.000000;1007.733333;
cm50r2.dat;400;randomizado;0.150000;30;;1783289139;0.010341;932.000000;1007.566667;
cm50r2.dat;400;randomizado;0.150000;30;;1783289140;0.013195;953.000000;1017.066667;
cm50r2.dat;400;randomizado;0.150000;30;;1783289141;0.011097;940.000000;1001.633333;
cm50r2.dat;400;randomizado;0.150000;30;;1783289142;0.005265;945.000000;995.566667;
cm50r2.dat;400;randomizado;0.300000;30;;1783289133;0.011675;1107.000000;1274.933333;
cm50r2.dat;400;randomizado;0.300000;30;;1783289134;0.012755;1144.000000;1249.166667;
cm50r2.dat;400;randomizado;0.300000;30;;1783289135;0.013153;1096.000000;1236.333333;
cm50r2.dat;400;randomizado;0.300000;30;;1783289136;0.015459;1159.000000;1253.133333;
cm50r2.dat;400;randomizado;0.300000;30;;1783289137;0.014160;1087.000000;1229.600000;
cm50r2.dat;400;randomizado;0.300000;30;;1783289138;0.009646;1143.000000;1248.133333;
cm50r2.dat;400;randomizado;0.300000;30;;1783289139;0.006950;1153.000000;1262.200000;
cm50r2.dat;400;randomizado;0.300000;30;;1783289140;0.012256;1137.000000;1241.400000;
cm50r2.dat;400;randomizado;0.300000;30;;1783289141;0.008391;1147.000000;1258.466667;
cm50r2.dat;400;randomizado;0.300000;30;;1783289142;0.006470;1149.000000;1239.766667;
cm50r2.dat;400;reativo;;300;30;1783289133;0.069810;801.000000;1026.226667;0.050000
cm50r2.dat;400;reativo;;300;30;1783289134;0.121487;766.000000;1022.023333;0.050000
cm50r2.dat;400;reativo;;300;30;1783289135;0.123396;760.000000;1014.510000;0.050000
cm50r2.dat;400;reativo;;300;30;1783289136;0.106825;796.000000;1020.210000;0.050000
cm50r2.dat;400;reativo;;300;30;1783289137;0.118822;802.000000;1035.233333;0.050000
cm50r2.dat;400;reativo;;300;30;1783289138;0.113786;759.000000;1026.343333;0.050000
cm50r2.dat;400;reativo;;300;30;1783289139;0.065103;795.000000;1034.213333;0.050000
cm50r2.dat;400;reativo;;300;30;1783289140;0.122785;773.000000;1030.413333;0.050000
cm50r2.dat;400;reativo;;300;30;1783289141;0.114007;792.000000;1007.450000;0.050000
cm50r2.dat;400;reativo;;300;30;1783289142;0.128559;785.000000;1009.420000;0.050000
cm50r2.dat;800;guloso;;1;;1783289133;0.000138;627.000000;;
cm50r2.dat;800;guloso;;1;;1783289134;0.000252;627.000000;;
cm50r2.dat;800;guloso;;1;;1783289135;0.000118;627.000000;;
cm50r2.dat;800;guloso;;1;;1783289136;0.000112;627.000000;;
cm50r2.dat;800;guloso;;1;;1783289137;0.000151;627.000000;;
cm50r2.dat;800;guloso;;1;;1783289138;0.000186;627.000000;;
cm50r2.dat;800;guloso;;1;;1783289139;0.000254;627.000000;;
cm50r2.dat;800;guloso;;1;;1783289140;0.000310;627.000000;;
cm50r2.dat;800;guloso;;1;;1783289141;0.000248;627.000000;;
cm50r2.dat;800;guloso;;1;;1783289142;0.000304;627.000000;;
cm50r2.dat;800;randomizado;0.050000;30;;1783289133;0.013041;643.000000;702.066667;
cm50r2.dat;800;randomizado;0.050000;30;;1783289134;0.012476;627.000000;701.333333;
cm50r2.dat;800;randomizado;0.050000;30;;1783289135;0.010250;632.000000;691.200000;
cm50r2.dat;800;randomizado;0.050000;30;;1783289136;0.012636;600.000000;695.100000;
cm50r2.dat;800;randomizado;0.050000;30;;1783289137;0.013507;603.000000;690.000000;
cm50r2.dat;800;randomizado;0.050000;30;;1783289138;0.014410;638.000000;679.366667;
cm50r2.dat;800;randomizado;0.050000;30;;1783289139;0.015666;628.000000;691.666667;
cm50r2.dat;800;randomizado;0.050000;30;;1783289140;0.008756;638.000000;682.866667;
cm50r2.dat;800;randomizado;0.050000;30;;1783289141;0.011833;634.000000;687.833333;
cm50r2.dat;800;randomizado;0.050000;30;;1783289142;0.005555;624.000000;686.500000;
cm50r2.dat;800;randomizado;0.150000;30;;1783289133;0.008806;806.000000;867.533333;
cm50r2.dat;800;randomizado;0.150000;30;;1783289134;0.017757;803.000000;865.633333;
cm50r2.dat;800;randomizado;0.150000;30;;1783289135;0.013318;810.000000;885.666667;
cm50r2.dat;800;randomizado;0.150000;30;;1783289136;0.014985;757.000000;862.466667;
cm50r2.dat;800;randomizado;0.150000;30;;1783289137;0.013257;809.000000;858.766667;
cm50r2.dat;800;randomizado;0.150000;30;;1783289138;0.012996;781.000000;866.233333;
cm50r2.dat;800;randomizado;0.150000;30;;1783289139;0.011514;771.000000;861.533333;
cm50r2.dat;800;randomizado;0.150000;30;;1783289140;0.013202;775.000000;867.066667;
cm50r2.dat;800;randomizado;0.150000;30;;1783289141;0.012651;720.000000;844.066667;
cm50r2.dat;800;randomizado;0.150000;30;;1783289142;0.008122;751.000000;856.733333;
cm50r2.dat;800;randomizado;0.300000;30;;1783289133;0.007492;1005.000000;1135.733333;
cm50r2.dat;800;randomizado;0.300000;30;;1783289134;0.015699;1010.000000;1155.966667;
cm50r2.dat;800;randomizado;0.300000;30;;1783289135;0.015714;983.000000;1150.333333;
cm50r2.dat;800;randomizado;0.300000;30;;1783289136;0.015766;1035.000000;1141.733333;
cm50r2.dat;800;randomizado;0.300000;30;;1783289137;0.008178;1043.000000;1144.566667;
cm50r2.dat;800;randomizado;0.300000;30;;1783289138;0.008558;1030.000000;1146.000000;
cm50r2.dat;800;randomizado;0.300000;30;;1783289139;0.013736;1041.000000;1155.833333;
cm50r2.dat;800;randomizado;0.300000;30;;1783289140;0.006800;980.000000;1164.233333;
cm50r2.dat;800;randomizado;0.300000;30;;1783289141;0.009823;1019.000000;1156.700000;
cm50r2.dat;800;randomizado;0.300000;30;;1783289142;0.014567;998.000000;1155.933333;
cm50r2.dat;800;reativo;;300;30;1783289133;0.103745;623.000000;864.156667;0.050000
cm50r2.dat;800;reativo;;300;30;1783289134;0.094179;616.000000;864.503333;0.050000
cm50r2.dat;800;reativo;;300;30;1783289135;0.119635;624.000000;867.120000;0.050000
cm50r2.dat;800;reativo;;300;30;1783289136;0.102784;590.000000;865.800000;0.050000
cm50r2.dat;800;reativo;;300;30;1783289137;0.094481;626.000000;872.926667;0.050000
cm50r2.dat;800;reativo;;300;30;1783289138;0.113175;605.000000;867.016667;0.050000
cm50r2.dat;800;reativo;;300;30;1783289139;0.141014;630.000000;887.690000;0.050000
cm50r2.dat;800;reativo;;300;30;1783289140;0.118500;608.000000;869.803333;0.050000
cm50r2.dat;800;reativo;;300;30;1783289141;0.154701;627.000000;853.910000;0.050000
cm50r2.dat;800;reativo;;300;30;1783289142;0.145594;628.000000;852.356667;0.050000
cm50r5.dat;200;guloso;;1;;1783289133;0.000298;1118.000000;;
cm50r5.dat;200;guloso;;1;;1783289134;0.000257;1118.000000;;
cm50r5.dat;200;guloso;;1;;1783289135;0.000205;1118.000000;;
cm50r5.dat;200;guloso;;1;;1783289136;0.000286;1118.000000;;
cm50r5.dat;200;guloso;;1;;1783289137;0.000237;1118.000000;;
cm50r5.dat;200;guloso;;1;;1783289138;0.000238;1118.000000;;
cm50r5.dat;200;guloso;;1;;1783289139;0.000125;1118.000000;;
cm50r5.dat;200;guloso;;1;;1783289140;0.000418;1118.000000;;
cm50r5.dat;200;guloso;;1;;1783289141;0.000203;1118.000000;;
cm50r5.dat;200;guloso;;1;;1783289142;0.000130;1118.000000;;
cm50r5.dat;200;randomizado;0.050000;30;;1783289133;0.009048;1056.000000;1169.733333;
cm50r5.dat;200;randomizado;0.050000;30;;1783289134;0.009788;1097.000000;1177.933333;
cm50r5.dat;200;randomizado;0.050000;30;;1783289135;0.008254;1108.000000;1187.100000;
cm50r5.dat;200;randomizado;0.050000;30;;1783289136;0.011147;1032.000000;1173.166667;
cm50r5.dat;200;randomizado;0.050000;30;;1783289137;0.011576;1067.000000;1183.366667;
cm50r5.dat;200;randomizado;0.050000;30;;1783289138;0.004947;1083.000000;1166.933333;
cm50r5.dat;200;randomizado;0.050000;30;;1783289139;0.006231;1056.000000;1186.766667;
cm50r5.dat;200;randomizado;0.050000;30;;1783289140;0.008467;1068.000000;1181.700000;
cm50r5.dat;200;randomizado;0.050000;30;;1783289141;0.004865;1069.000000;1174.166667;
cm50r5.dat;200;randomizado;0.050000;30;;1783289142;0.008559;1058.000000;1174.700000;
cm50r5.dat;200;randomizado;0.150000;30;;1783289133;0.010164;1238.000000;1320.900000;
cm50r5.dat;200;randomizado;0.150000;30;;1783289134;0.008822;1177.000000;1302.200000;
cm50r5.dat;200;randomizado;0.150000;30;;1783289135;0.010208;1211.000000;1309.100000;
cm50r5.dat;200;randomizado;0.150000;30;;1783289136;0.016274;1224.000000;1309.466667;
cm50r5.dat;200;randomizado;0.150000;30;;1783289137;0.011763;1222.000000;1309.566667;
cm50r5.dat;200;randomizado;0.150000;30;;1783289138;0.010851;1229.000000;1313.866667;
cm50r5.dat;200;randomizado;0.150000;30;;1783289139;0.006841;1184.000000;1320.400000;
cm50r5.dat;200;randomizado;0.150000;30;;1783289140;0.004967;1184.000000;1297.966667;
cm50r5.dat;200;randomizado;0.150000;30;;1783289141;0.006014;1216.000000;1333.100000;
cm50r5.dat;200;randomizado;0.150000;30;;1783289142;0.005089;1178.000000;1323.133333;
cm50r5.dat;200;randomizado;0.300000;30;;1783289133;0.006404;1391.000000;1516.066667;
cm50r5.dat;200;randomizado;0.300000;30;;1783289134;0.013586;1374.000000;1513.966667;
cm50r5.dat;200;randomizado;0.300000;30;;1783289135;0.013860;1399.000000;1524.600000;
cm50r5.dat;200;randomizado;0.300000;30;;1783289136;0.014147;1367.000000;1514.066667;
cm50r5.dat;200;randomizado;0.300000;30;;1783289137;0.014133;1404.000000;1523.400000;
cm50r5.dat;200;randomizado;0.300000;30;;1783289138;0.010323;1385.000000;1495.466667;
cm50r5.dat;200;randomizado;0.300000;30;;1783289139;0.013251;1438.000000;1520.900000;
cm50r5.dat;200;randomizado;0.300000;30;;1783289140;0.008908;1432.000000;1529.166667;
cm50r5.dat;200;randomizado;0.300000;30;;1783289141;0.005980;1417.000000;1516.700000;
cm50r5.dat;200;randomizado;0.300000;30;;1783289142;0.012378;1432.000000;1542.433333;
cm50r5.dat;200;reativo;;300;30;1783289133;0.089992;1043.000000;1331.780000;0.050000
cm50r5.dat;200;reativo;;300;30;1783289134;0.069450;1052.000000;1318.833333;0.050000
cm50r5.dat;200;reativo;;300;30;1783289135;0.126156;1078.000000;1314.463333;0.050000
cm50r5.dat;200;reativo;;300;30;1783289136;0.124471;1073.000000;1328.506667;0.050000
cm50r5.dat;200;reativo;;300;30;1783289137;0.088623;1057.000000;1330.396667;0.050000
cm50r5.dat;200;reativo;;300;30;1783289138;0.120348;1036.000000;1322.170000;0.050000
cm50r5.dat;200;reativo;;300;30;1783289139;0.108561;1066.000000;1332.783333;0.050000
cm50r5.dat;200;reativo;;300;30;1783289140;0.105771;1032.000000;1331.736667;0.050000
cm50r5.dat;200;reativo;;300;30;1783289141;0.113378;1026.000000;1310.176667;0.050000
cm50r5.dat;200;reativo;;300;30;1783289142;0.127917;1066.000000;1318.456667;0.050000
cm50r5.dat;400;guloso;;1;;1783289133;0.000327;814.000000;;
cm50r5.dat;400;guloso;;1;;1783289134;0.000308;814.000000;;
cm50r5.dat;400;guloso;;1;;1783289135;0.000252;814.000000;;
cm50r5.dat;400;guloso;;1;;1783289136;0.000592;814.000000;;
cm50r5.dat;400;guloso;;1;;1783289137;0.000125;814.000000;;
cm50r5.dat;400;guloso;;1;;1783289138;0.000118;814.000000;;
cm50r5.dat;400;guloso;;1;;1783289139;0.000124;814.000000;;
cm50r5.dat;400;guloso;;1;;1783289140;0.000271;814.000000;;
cm50r5.dat;400;guloso;;1;;1783289141;0.000332;814.000000;;
cm50r5.dat;400;guloso;;1;;1783289142;0.000328;814.000000;;
cm50r5.dat;400;randomizado;0.050000;30;;1783289133;0.013209;713.000000;803.033333;
cm50r5.dat;400;randomizado;0.050000;30;;1783289134;0.011802;728.000000;810.433333;
cm50r5.dat;400;randomizado;0.050000;30;;1783289135;0.013707;715.000000;808.500000;
cm50r5.dat;400;randomizado;0.050000;30;;1783289136;0.014099;725.000000;816.866667;
cm50r5.dat;400;randomizado;0.050000;30;;1783289137;0.006268;732.000000;833.866667;
cm50r5.dat;400;randomizado;0.050000;30;;1783289138;0.014862;728.000000;818.000000;
cm50r5.dat;400;randomizado;0.050000;30;;1783289139;0.014108;722.000000;821.500000;
cm50r5.dat;400;randomizado;0.050000;30;;1783289140;0.012962;726.000000;820.100000;
cm50r5.dat;400;randomizado;0.050000;30;;1783289141;0.010970;737.000000;818.766667;
cm50r5.dat;400;randomizado;0.050000;30;;1783289142;0.008909;719.000000;823.666667;
cm50r5.dat;400;randomizado;0.150000;30;;1783289133;0.010988;881.000000;973.766667;
cm50r5.dat;400;randomizado;0.150000;30;;1783289134;0.014295;856.000000;989.933333;
cm50r5.dat;400;randomizado;0.150000;30;;1783289135;0.009716;853.000000;979.500000;
cm50r5.dat;400;randomizado;0.150000;30;;1783289136;0.008834;919.000000;990.933333;
cm50r5.dat;400;randomizado;0.150000;30;;1783289137;0.010186;878.000000;991.100000;
cm50r5.dat;400;randomizado;0.150000;30;;1783289138;0.010858;868.000000;955.066667;
cm50r5.dat;400;randomizado;0.150000;30;;1783289139;0.008088;913.000000;984.466667;
cm50r5.dat;400;randomizado;0.150000;30;;1783289140;0.014803;854.000000;992.533333;
cm50r5.dat;400;randomizado;0.150000;30;;1783289141;0.015064;862.000000;973.333333;
cm50r5.dat;400;randomizado;0.150000;30;;1783289142;0.013346;860.000000;975.800000;
cm50r5.dat;400;randomizado;0.300000;30;;1783289133;0.016598;1151.000000;1282.966667;
cm50r5.dat;400;randomizado;0.300000;30;;1783289134;0.014028;1102.000000;1282.233333;
cm50r5.dat;400;randomizado;0.300000;30;;1783289135;0.015127;1173.000000;1265.833333;
cm50r5.dat;400;randomizado;0.300000;30;;1783289136;0.016646;1129.000000;1279.333333;
cm50r5.dat;400;randomizado;0.300000;30;;1783289137;0.007336;1157.000000;1299.900000;
cm50r5.dat;400;randomizado;0.300000;30;;1783289138;0.009927;1194.000000;1274.933333;
cm50r5.dat;400;randomizado;0.300000;30;;1783289139;0.008316;1173.000000;1286.966667;
cm50r5.dat;400;randomizado;0.300000;30;;1783289140;0.008464;1175.000000;1292.800000;
cm50r5.dat;400;randomizado;0.300000;30;;1783289141;0.006605;1155.000000;1296.733333;
cm50r5.dat;400;randomizado;0.300000;30;;1783289142;0.006431;1112.000000;1279.833333;
cm50r5.dat;400;reativo;;300;30;1783289133;0.115441;679.000000;989.146667;0.050000
cm50r5.dat;400;reativo;;300;30;1783289134;0.136471;710.000000;979.500000;0.050000
cm50r5.dat;400;reativo;;300;30;1783289135;0.108521;694.000000;986.600000;0.050000
cm50r5.dat;400;reativo;;300;30;1783289136;0.127081;705.000000;993.443333;0.050000
cm50r5.dat;400;reativo;;300;30;1783289137;0.115195;702.000000;995.263333;0.050000
cm50r5.dat;400;reativo;;300;30;1783289138;0.119854;700.000000;996.960000;0.050000
cm50r5.dat;400;reativo;;300;30;1783289139;0.131120;715.000000;1017.006667;0.050000
cm50r5.dat;400;reativo;;300;30;1783289140;0.093146;693.000000;998.293333;0.050000
cm50r5.dat;400;reativo;;300;30;1783289141;0.130303;702.000000;978.310000;0.050000
cm50r5.dat;400;reativo;;300;30;1783289142;0.133801;722.000000;978.910000;0.050000
cm50r5.dat;800;guloso;;1;;1783289133;0.000175;609.000000;;
cm50r5.dat;800;guloso;;1;;1783289134;0.000218;609.000000;;
cm50r5.dat;800;guloso;;1;;1783289135;0.000130;609.000000;;
cm50r5.dat;800;guloso;;1;;1783289136;0.000111;609.000000;;
cm50r5.dat;800;guloso;;1;;1783289137;0.000129;609.000000;;
cm50r5.dat;800;guloso;;1;;1783289138;0.000111;609.000000;;
cm50r5.dat;800;guloso;;1;;1783289139;0.000117;609.000000;;
cm50r5.dat;800;guloso;;1;;1783289140;0.000111;609.000000;;
cm50r5.dat;800;guloso;;1;;1783289141;0.000110;609.000000;;
cm50r5.dat;800;guloso;;1;;1783289142;0.000112;609.000000;;
cm50r5.dat;800;randomizado;0.050000;30;;1783289133;0.006142;600.000000;633.600000;
cm50r5.dat;800;randomizado;0.050000;30;;1783289134;0.009742;587.000000;640.500000;
cm50r5.dat;800;randomizado;0.050000;30;;1783289135;0.007927;605.000000;637.533333;
cm50r5.dat;800;randomizado;0.050000;30;;1783289136;0.013335;590.000000;630.033333;
cm50r5.dat;800;randomizado;0.050000;30;;1783289137;0.009745;586.000000;636.066667;
cm50r5.dat;800;randomizado;0.050000;30;;1783289138;0.015899;579.000000;633.333333;
cm50r5.dat;800;randomizado;0.050000;30;;1783289139;0.013156;597.000000;634.900000;
cm50r5.dat;800;randomizado;0.050000;30;;1783289140;0.009382;590.000000;626.233333;
cm50r5.dat;800;randomizado;0.050000;30;;1783289141;0.009150;575.000000;636.200000;
cm50r5.dat;800;randomizado;0.050000;30;;1783289142;0.008636;604.000000;638.133333;
cm50r5.dat;800;randomizado;0.150000;30;;1783289133;0.011243;751.000000;823.100000;
cm50r5.dat;800;randomizado;0.150000;30;;1783289134;0.012756;741.000000;814.133333;
cm50r5.dat;800;randomizado;0.150000;30;;1783289135;0.013656;769.000000;833.033333;
cm50r5.dat;800;randomizado;0.150000;30;;1783289136;0.010436;764.000000;827.766667;
cm50r5.dat;800;randomizado;0.150000;30;;1783289137;0.011007;750.000000;841.100000;
cm50r5.dat;800;randomizado;0.150000;30;;1783289138;0.013320;769.000000;839.133333;
cm50r5.dat;800;randomizado;0.150000;30;;1783289139;0.006493;752.000000;834.266667;
cm50r5.dat;800;randomizado;0.150000;30;;1783289140;0.012192;767.000000;841.766667;
cm50r5.dat;800;randomizado;0.150000;30;;1783289141;0.006580;761.000000;835.433333;
cm50r5.dat;800;randomizado;0.150000;30;;1783289142;0.012309;750.000000;845.566667;
cm50r5.dat;800;randomizado;0.300000;30;;1783289133;0.016116;1078.000000;1172.633333;
cm50r5.dat;800;randomizado;0.300000;30;;1783289134;0.014011;991.000000;1188.033333;
cm50r5.dat;800;randomizado;0.300000;30;;1783289135;0.017980;1050.000000;1203.333333;
cm50r5.dat;800;randomizado;0.300000;30;;1783289136;0.018185;1115.000000;1215.866667;
cm50r5.dat;800;randomizado;0.300000;30;;1783289137;0.012865;1045.000000;1200.300000;
cm50r5.dat;800;randomizado;0.300000;30;;1783289138;0.019520;1103.000000;1216.500000;
cm50r5.dat;800;randomizado;0.300000;30;;1783289139;0.015379;1066.000000;1197.233333;
cm50r5.dat;800;randomizado;0.300000;30;;1783289140;0.017019;1013.000000;1201.400000;
cm50r5.dat;800;randomizado;0.300000;30;;1783289141;0.013300;1085.000000;1190.300000;
cm50r5.dat;800;randomizado;0.300000;30;;1783289142;0.014391;1073.000000;1198.533333;
cm50r5.dat;800;reativo;;300;30;1783289133;0.099010;584.000000;823.843333;0.050000
cm50r5.dat;800;reativo;;300;30;1783289134;0.129746;585.000000;825.433333;0.050000
cm50r5.dat;800;reativo;;300;30;1783289135;0.123296;576.000000;828.923333;0.050000
cm50r5.dat;800;reativo;;300;30;1783289136;0.086489;584.000000;832.446667;0.050000
cm50r5.dat;800;reativo;;300;30;1783289137;0.133383;588.000000;840.476667;0.050000
cm50r5.dat;800;reativo;;300;30;1783289138;0.091287;581.000000;840.106667;0.050000
cm50r5.dat;800;reativo;;300;30;1783289139;0.148557;586.000000;853.690000;0.050000
cm50r5.dat;800;reativo;;300;30;1783289140;0.118486;572.000000;839.163333;0.050000
cm50r5.dat;800;reativo;;300;30;1783289141;0.112324;549.000000;819.106667;0.050000
cm50r5.dat;800;reativo;;300;30;1783289142;0.111395;531.000000;817.016667;0.050000
