200 
 0 94 95 23 47 54 
 10 78 59 78 29 24 
 86 43 43 60 67 93 
 76 91 16 36 23 50 
 92 68 43 60 9 18 
 49 93 46 71 15 60 
 28 53 49 100 14 40 
 60 82 79 67 50 10 
 26 7 71 34 1 4 
 86 44 66 4 45 85 
 90 90 50 35 15 61 
 99 97 63 62 80 58 
 32 90 25 42 59 4 
 77 38 79 56 83 7 
 80 60 71 55 72 37 
 28 89 64 34 17 26 
 81 69 78 77 2 84 
 29 82 60 81 18 15 
 84 98 55 29 17 16 
 44 65 95 57 87 99 
 23 41 39 45 34 93 
 9 87 54 43 89 63 
 81 24 83 73 78 10 
 43 33 100 87 71 39 
 68 9 99 82 74 46 
 97 63 67 39 36 45 
 84 2 44 10 78 80 
 81 42 19 81 88 5 
 99 26 12 49 34 7 
 75 98 91 7 99 56 
 29 75 29 6 85 1 
 88 4 85 98 100 61 
 30 24 11 22 21 50 
 49 24 94 0 74 19 
 47 42 98 92 74 6 
 81 26 7 6 56 88 
 68 60 93 42 70 60 
 93 11 15 75 22 65 
 46 33 75 24 32 46 
 85 30 79 8 90 71 
 36 36 68 30 94 73 
 36 28 57 28 42 25 
 70 72 45 69 86 63 
 2 40 61 28 53 95 
 60 60 49 45 51 67 
 91 71 86 32 16 29 
 41 20 32 33 100 85 
 17 62 82 20 67 98 
 68 4 49 34 43 80 
 12 49 16 28 20 97 
 12 61 66 15 10 12 
 22 82 37 32 96 38 
 62 78 36 7 12 7 
 65 19 77 50 79 78 
 86 84 95 69 44 81 
 83 68 21 54 66 25 
 54 62 20 92 83 14 
 60 74 63 25 54 65 
 74 59 32 53 88 26 
 42 49 94 58 26 36 
 46 25 59 83 48 31 
 25 17 23 44 75 11 
 88 97 43 73 87 17 
 59 87 92 20 45 14 
 36 28 22 72 80 42 
 16 28 83 37 3 17 
 71 100 63 6 95 74 
 0 79 89 90 38 68 
 29 46 58 74 16 72 
 70 98 60 64 15 13 
 24 37 19 68 97 61 
 19 76 64 6 91 77 
 90 81 3 47 1 100 
 17 53 84 57 54 25 
 58 50 59 36 68 35 
 65 74 53 40 9 91 
 6 37 80 6 27 90 
 73 65 51 68 15 9 
 56 75 40 79 55 47 
 79 100 47 85 43 56 
 58 87 72 29 27 19 
 6 88 75 10 80 13 
 19 13 77 40 58 96 
 49 7 2 19 46 93 
 58 71 51 19 62 2 
 63 21 62 36 38 52 
 30 94 24 13 29 27 
 83 95 2 70 64 19 
 5 21 4 43 58 71 
 21 49 32 69 82 60 
 54 61 2 1 37 78 
 64 72 17 22 21 24 
 18 20 52 11 14 86 
 43 26 9 83 81 78 
 15 4 98 14 36 66 
 84 61 44 56 92 76 
 61 98 47 82 16 94 
 4 92 13 4 45 78 
 61 23 70 96 8 9 
 74 31 36 26 56 62 
 23 19 79 0 51 71 
 63 21 25 16 12 34 
 32 63 80 30 26 33 
 24 97 6 83 17 75 
 24 77 46 74 63 6 
 76 82 58 78 20 76 
 81 75 24 95 64 3 
 87 76 72 23 54 25 
 17 99 83 25 12 39 
 22 37 54 78 21 13 
 57 70 76 70 86 38 
 66 50 52 57 67 100 
 98 15 91 8 26 16 
 57 37 33 85 26 77 
 66 44 9 61 75 91 
 90 75 93 78 60 94 
 100 14 12 87 11 79 
 90 13 35 84 42 49 
 57 61 74 94 89 19 
 48 58 28 50 24 2 
 81 13 96 32 97 93 
 11 12 51 53 25 98 
 26 87 88 67 58 75 
 7 25 54 63 86 82 
 71 64 88 86 76 97 
 9 75 41 80 28 67 
 19 61 9 39 60 34 
 20 5 90 10 52 58 
 20 90 98 72 24 12 
 71 49 38 15 34 86 
 14 7 6 53 92 58 
 24 69 27 15 31 53 
 24 70 57 39 14 65 
 72 38 47 47 89 51 
 0 45 63 75 37 99 
 80 5 1 21 4 20 
 94 64 88 51 70 46 
 49 66 40 14 69 51 
 90 7 10 44 39 33 
 50 32 22 30 63 46 
 73 32 27 59 2 20 
 97 27 55 73 30 77 
 20 86 90 85 89 92 
 24 38 44 48 35 34 
 56 5 49 14 82 44 
 94 64 45 97 93 2 
 79 12 92 83 23 8 
 9 16 54 66 52 58 
 35 99 65 60 70 58 
 64 31 47 7 30 98 
 49 28 94 29 28 90 
 6 1 15 42 23 63 
 62 58 87 95 84 13 
 39 9 6 90 59 82 
 83 18 47 81 82 40 
 46 59 15 94 35 89 
 4 31 77 18 54 27 
 60 88 44 36 6 38 
 80 25 92 8 41 46 
 61 65 55 82 70 80 
 38 26 33 70 31 27 
 23 39 65 58 1 12 
 99 58 6 27 51 73 
 97 67 74 73 83 75 
 85 67 8 66 20 77 
 53 69 2 9 13 2 
 7 82 1 19 54 42 
 90 71 45 0 13 35 
 58 40 12 96 96 96 
 76 25 73 100 55 99 
 22 72 97 76 22 40 
 68 99 50 39 70 56 
 90 20 11 88 43 18 
 60 45 11 55 15 76 
 3 56 20 69 31 51 
 72 16 51 12 41 19 
 9 39 53 18 50 23 
 47 54 56 89 74 44 
 60 70 26 94 11 7 
 90 1 33 17 92 4 
 54 33 33 11 47 53 
 93 62 60 13 84 76 
 76 6 50 12 84 67 
 82 24 94 57 41 9 
 88 44 76 51 26 35 
 13 51 8 54 7 42 
 22 100 37 94 50 5 
 31 85 86 16 3 63 
 32 14 84 69 26 9 
 45 41 61 9 74 73 
 56 13 12 51 44 20 
 20 38 21 6 68 25 
 38 59 25 31 71 30 
 39 60 45 82 86 97 
 68 99 86 61 32 43 
 42 89 33 100 27 70 
 96 34 59 100 24 69 
 90 88 69 14 54 72 
 57 70 2 79 49 22 
 55 94 68 52 22 61 
 10 98 38 63 63 13 
 0 86 83 100 92 1 
 93 7 93 86 94 71 
 3 46 35 13 37 69 
 5 67 35 6 8 43 
 16 56 83 17 19 6 
 36 20 58 93 65 26 
 47 36 36 8 30 16 
 98 60 91 36 97 62 
 48 53 67 71 21 12 
 60 27 90 63 10 56 
 5 100 68 59 89 9 
 20 56 90 52 19 97 
 9 75 38 91 81 77 
 95 67 19 17 28 33 
 4 5 90 23 43 49 
 43 17 54 99 10 22 
 12 72 76 88 30 94 
 79 51 83 36 5 88 
 63 87 16 70 70 42 
 16 80 28 49 8 12 
 38 80 21 3 41 89 
 73 8 8 7 58 77 
 47 44 1 54 26 56 
 85 36 98 17 91 20 
 42 94 54 97 8 41 
 73 85 60 6 79 78 
 12 88 13 19 80 20 
 88 40 94 18 15 3 
 34 76 62 76 17 55 
 3 78 1 23 63 30 
 34 14 88 40 14 59 
 51 65 88 51 34 71 
 52 5 78 92 68 21 
 75 35 86 0 86 51 
 95 63 100 99 23 23 
 16 10 27 21 77 11 
 30 64 59 84 66 34 
 5 88 29 57 64 44 
 57 64 86 87 71 37 
 66 44 46 66 80 58 
 33 6 26 2 3 70 
 88 99 38 35 58 21 
 35 4 22 46 56 4 
 45 58 83 52 68 100 
 6 79 42 14 15 43 
 28 3 27 20 65 70 
 95 91 57 30 53 39 
 69 67 45 59 85 41 
 68 86 16 8 1 70 
 22 54 46 74 23 12 
 42 49 60 65 86 44 
 5 97 21 9 51 100 
 27 65 3 2 72 69 
 85 11 57 74 98 52 
 15 9 41 99 3 54 
 15 51 38 70 43 86 
 16 41 14 20 75 82 
 86 17 33 83 62 70 
 65 37 61 2 40 24 
 6 12 5 95 63 97 
 13 32 23 4 87 27 
 90 17 43 60 56 41 
 20 2 22 95 66 51 
 49 72 41 4 99 70 
 56 76 55 64 21 87 
 72 18 29 6 59 74 
 29 25 37 58 83 86 
 0 46 1 45 77 58 
 19 18 31 95 16 92 
 97 69 60 42 9 62 
 68 93 41 31 80 63 
 53 55 48 83 81 1 
 43 31 60 80 33 39 
 10 56 61 9 73 88 
 65 99 28 80 48 100 
 82 98 79 84 57 37 
 6 44 65 12 61 87 
 4 27 60 17 61 21 
 49 67 51 34 23 11 
 85 92 63 22 90 59 
 1 1 80 48 84 49 
 94 44 32 1 5 31 
 61 97 20 77 69 9 
 60 58 59 1 58 93 
 94 37 53 58 48 10 
 14 54 74 27 96 1 
 22 95 27 23 52 61 
 49 13 62 51 25 23 
 77 51 94 80 32 85 
 26 80 70 23 46 37 
 16 88 65 62 28 82 
 8 44 92 1 67 97 
 68 70 61 56 41 58 
 52 84 2 8 82 71 
 95 32 81 88 60 28 
 18 74 22 52 41 24 
 37 93 80 60 52 17 
 59 31 92 97 85 54 
 34 100 66 27 71 66 
 78 6 46 16 99 40 
 100 51 46 0 30 13 
 36 30 87 57 80 32 
 8 12 81 67 75 31 
 82 7 58 28 17 67 
 83 39 45 34 53 99 
 33 30 68 64 20 35 
 27 83 2 37 39 76 
 56 37 39 92 66 74 
 36 20 53 95 74 25 
 66 45 52 83 59 94 
 79 80 94 73 94 55 
 95 45 46 57 98 83 
 69 77 23 66 17 51 
 12 82 24 72 51 47 
 42 25 33 17 15 69 
 73 10 64 81 30 24 
 11 8 50 50 45 7 
 91 71 41 43 27 66 
 35 22 11 76 78 20 
 85 79 64 99 14 21 
 54 52 37 41 89 85 
 12 55 24 76 50 24 
 67 2 5 76 57 100 
 22 3 67 35 15 9 
 66 39 76 25 23 13 
 63 68 86 34 9 64 
 24 72 73 4 71 59 
 69 63 38 8 24 42 
 48 25 70 67 74 19 
 37 8 95 55 50 43 
 89 32 94 39 61 62 
 58 79 21 16 3 84 
 24 5 29 81 58 12 
 80 12 92 95 1 30 
 0 89 85 68 87 92 
 88 85 37 46 70 1 
 98 46 72 5 37 45 
 11 15 17 82 89 66 
 32 62 9 17 91 55 
 80 89 9 3 31 54 
 99 12 4 70 7 30 
 45 77 93 74 70 68 
 3 10 32 37 26 57 
 44 21 86 7 98 32 
 66 37 48 9 11 14 
 64 75 100 47 52 40 
 48 16 46 14 22 9 
 46 93 19 100 28 79 
 14 13 100 81 13 90 
 12 73 9 20 16 57 
 99 31 66 96 44 18 
 65 67 25 4 51 12 
 100 2 12 24 95 81 
 44 47 33 100 27 32 
 47 17 39 29 82 31 
 83 45 9 76 44 64 
 80 6 49 56 45 5 
 59 51 40 61 56 36 
 90 29 47 31 30 30 
 67 100 73 2 89 75 
 46 60 23 16 22 79 
 25 14 57 52 80 48 
 65 37 90 99 49 52 
 34 42 10 28 26 6 
 53 73 33 41 19 70 
 93 69 58 53 24 26 
 74 34 5 96 1 63 
 45 13 89 0 78 49 
 67 79 60 61 17 56 
 8 18 88 31 86 6 
 33 5 76 86 6 72 
 90 31 42 59 11 48 
 62 56 4 54 72 18 
 65 56 20 24 18 7 
 2 76 55 74 63 25 
 13 8 96 5 85 50 
 77 65 73 52 38 75 
 56 46 25 2 98 58 
 39 20 70 86 3 74 
 95 40 48 32 13 60 
 87 67 56 23 36 98 
 32 48 70 19 28 95 
 76 71 98 96 78 60 
 73 92 8 86 53 20 
 84 94 5 28 92 2 
 46 54 4 14 23 57 
 50 89 65 28 76 57 
 33 73 89 55 39 93 
 38 94 47 53 21 1 
 45 74 82 63 85 27 
 64 22 93 68 4 33 
 46 97 30 44 99 75 
 36 9 84 84 8 93 
 49 67 68 74 62 21 
 22 8 49 99 57 66 
 93 76 92 91 60 49 
 24 100 74 16 68 86 
 24 4 36 18 2 9 
 58 12 75 81 80 80 
 86 7 16 32 1 96 
 93 100 77 36 85 78 
 0 80 62 49 13 41 
 78 22 99 12 99 2 
 63 29 77 49 1 84 
 71 49 100 100 70 10 
 33 28 12 65 97 32 
 33 32 4 86 24 37 
 77 67 32 31 67 44 
 2 16 54 52 68 9 
 29 69 4 57 26 61 
 58 37 13 27 45 47 
 94 8 57 27 45 86 
 41 18 23 45 15 90 
 84 12 80 52 40 53 
 71 83 90 48 41 74 
 69 11 88 46 28 83 
 42 22 8 64 18 17 
 11 10 31 21 34 68 
 13 47 73 64 7 27 
 54 28 72 95 97 60 
 91 76 89 27 16 9 
 57 5 22 6 2 32 
 18 100 20 7 96 72 
 50 96 50 2 69 69 
 46 53 90 46 87 17 
 72 67 50 38 8 57 
 32 48 87 21 87 8 
 100 15 92 21 1 50 
 24 94 73 64 82 98 
 13 15 41 39 1 45 
 70 67 49 51 96 32 
 6 22 59 30 14 82 
 26 36 43 6 72 63 
 21 96 7 99 58 30 
 68 49 80 0 84 90 
 12 73 90 33 86 7 
 62 79 100 27 57 16 
 23 93 99 38 7 11 
 68 17 93 25 22 13 
 56 70 47 62 10 97 
 96 4 80 94 34 71 
 36 28 36 18 30 26 
 63 5 5 17 57 9 
 22 61 81 93 88 82 
 56 95 15 30 100 55 
 96 90 38 76 36 69 
 88 3 15 69 75 32 
 32 80 1 38 86 11 
 5 12 69 77 49 28 
 14 66 66 3 64 18 
 99 79 25 16 71 98 
 52 32 17 89 48 41 
 17 43 99 22 51 93 
 49 73 34 75 39 63 
 40 91 87 35 70 45 
 63 90 78 71 20 69 
 15 33 38 62 97 10 
 43 51 59 44 60 30 
 2 69 61 96 94 97 
 56 74 35 76 8 44 
 45 2 9 46 82 93 
 93 42 49 16 33 85 
 10 69 92 4 58 100 
 79 29 53 88 74 72 
 93 50 79 9 22 97 
 62 47 29 24 43 56 
 70 80 4 76 93 23 
 19 87 87 67 62 84 
 0 31 37 63 26 36 
 23 12 55 15 75 51 
 92 74 1 30 50 52 
 92 12 93 24 88 2 
 75 3 14 98 91 18 
 93 15 34 95 59 86 
 76 29 100 4 28 93 
 51 21 26 50 38 52 
 2 12 38 97 50 31 
 28 46 89 55 84 71 
 15 32 27 61 30 98 
 53 21 68 33 55 80 
 85 14 80 33 41 67 
 11 57 38 24 34 34 
 45 100 74 15 77 96 
 58 58 49 40 93 81 
 76 75 9 50 50 95 
 68 59 50 57 77 8 
 27 54 12 41 11 89 
 92 60 88 20 4 55 
 99 24 24 85 96 67 
 31 49 13 93 65 65 
 92 47 16 17 17 34 
 2 76 97 27 28 57 
 46 42 73 20 8 64 
 94 71 85 69 16 87 
 79 18 79 98 51 55 
 4 65 86 5 72 90 
 53 95 62 79 86 86 
 46 19 39 52 82 69 
 60 91 15 30 36 97 
 60 88 98 30 20 25 
 86 23 18 57 92 79 
 49 90 31 0 15 9 
 44 85 69 22 73 95 
 55 60 45 68 6 72 
 95 22 13 65 50 13 
 47 99 60 22 75 71 
 17 43 36 56 28 8 
 49 5 59 45 32 71 
 35 86 96 70 6 21 
 87 19 54 31 55 93 
 68 77 11 28 49 91 
 51 1 77 46 24 33 
 6 35 92 38 12 57 
 96 59 61 32 50 22 
 25 33 78 44 12 74 
 37 31 41 30 13 99 
 19 31 59 41 57 11 
 40 6 88 47 67 82 
 16 67 86 56 51 73 
 90 54 81 57 41 21 
 23 37 53 58 90 9 
 26 61 53 48 91 83 
 97 35 45 77 65 47 
 42 19 3 2 22 93 
 75 83 32 13 77 31 
 33 82 12 39 46 60 
 60 35 21 25 9 84 
 90 30 60 95 94 8 
 97 71 32 41 28 77 
 22 59 76 70 41 57 
 34 76 10 20 77 35 
 5 33 17 14 63 61 
 14 14 67 68 60 26 
 94 73 94 16 31 80 
 88 60 13 12 37 15 
 0 43 93 29 58 42 
 21 18 92 99 49 69 
 88 3 2 66 77 28 
 51 99 99 22 86 87 
 14 65 83 48 35 16 
 96 68 48 86 92 11 
 70 38 98 35 16 54 
 52 24 20 75 33 33 
 80 53 69 37 91 19 
 90 85 98 9 26 64 
 74 40 20 43 30 100 
 58 33 66 29 79 23 
 82 51 71 14 36 47 
 18 33 92 20 98 37 
 26 47 3 83 46 66 
 85 95 88 93 79 83 
 39 14 29 45 62 59 
 63 33 66 94 35 82 
 90 25 85 98 57 81 
 30 9 64 47 55 66 
 49 13 95 96 21 28 
 81 3 87 3 54 18 
 60 70 11 85 76 32 
 83 91 15 11 20 27 
 57 35 69 87 50 58 
 34 92 33 73 99 42 
 99 97 92 91 23 90 
 92 46 46 98 40 73 
 56 62 63 29 31 6 
 69 95 5 29 28 25 
 10 18 89 88 93 60 
 64 33 64 100 71 10 
 95 32 85 61 41 73 
 63 9 43 0 59 16 
 50 29 36 47 38 6 
 27 45 10 43 90 78 
 29 60 83 28 31 2 
 43 4 38 46 51 54 
 30 97 58 58 27 57 
 23 59 8 78 27 24 
 3 80 16 83 84 47 
 48 42 14 84 71 20 
 54 43 39 100 92 99 
 78 51 5 4 91 9 
 16 70 52 65 47 29 
 52 68 32 15 41 67 
 1 17 57 18 94 54 
 65 75 10 1 91 83 
 54 42 3 7 94 64 
 90 97 82 73 12 46 
 46 45 77 18 29 86 
 86 8 57 34 43 31 
 23 50 46 78 82 52 
 57 41 8 35 78 53 
 49 19 20 47 10 81 
 100 60 96 10 50 9 
 57 41 70 62 56 100 
 12 3 18 24 30 59 
 66 90 78 56 96 13 
 90 72 27 33 32 78 
 47 83 49 10 96 32 
 6 75 38 99 47 33 
 13 40 57 53 54 100 
 66 97 65 34 80 10 
 76 93 15 24 88 55 
 3 27 16 8 37 17 
 78 90 26 44 93 59 
 0 22 78 60 89 99 
 91 60 7 95 39 25 
 48 56 39 62 43 55 
 48 5 71 51 100 54 
 98 63 74 39 16 95 
 23 72 80 47 9 43 
 79 43 2 23 50 21 
 80 30 71 92 81 21 
 39 49 53 66 74 4 
 49 65 48 41 15 66 
 87 76 17 51 40 91 
 53 28 63 47 93 25 
 18 46 12 99 27 33 
 30 70 88 19 48 87 
 87 14 76 35 15 40 
 63 2 30 43 1 94 
 62 35 31 40 8 7 
 17 52 17 53 9 3 
 5 16 81 80 7 28 
 38 59 100 32 95 94 
 4 73 28 32 10 36 
 80 66 14 18 34 35 
 30 31 45 77 53 85 
 19 46 46 88 50 6 
 14 93 2 8 51 21 
 39 55 20 11 94 78 
 39 6 79 13 61 41 
 27 8 88 34 74 56 
 28 43 62 67 34 3 
 74 89 23 93 89 93 
 26 50 91 42 13 97 
 51 99 46 21 92 12 
 46 56 22 33 36 85 
 29 16 22 0 64 18 
 61 85 17 97 76 14 
 49 68 65 60 46 85 
 93 41 20 30 41 87 
 29 38 2 28 13 52 
 43 68 23 9 56 100 
 47 65 25 86 25 78 
 27 29 59 47 84 95 
 99 28 99 87 22 23 
 86 39 83 67 31 36 
 49 4 81 13 95 84 
 20 60 88 64 6 64 
 16 47 46 32 3 52 
 75 22 64 32 9 16 
 39 46 57 77 60 96 
 46 11 85 39 43 87 
 73 81 43 28 9 65 
 95 28 62 62 31 10 
 94 67 89 78 95 28 
 70 82 56 92 42 41 
 66 2 20 47 47 33 
 28 6 93 98 98 13 
 53 6 79 47 4 17 
 30 61 69 62 76 59 
 13 80 80 47 74 39 
 28 28 81 94 73 46 
 82 49 35 44 65 65 
 4 33 84 6 43 49 
 60 40 36 93 87 92 
 83 20 15 86 81 83 
 22 50 97 97 16 70 
 24 6 70 22 35 77 
 97 81 70 8 99 86 
 23 69 58 50 78 64 
 0 54 18 73 21 58 
 32 59 38 70 50 28 
 13 91 71 69 20 14 
 92 90 22 27 93 52 
 76 68 81 62 73 47 
 72 30 64 10 54 33 
 92 68 14 90 81 61 
 53 83 90 82 89 34 
 8 25 71 78 74 91 
 90 24 1 10 32 61 
 6 18 36 3 6 41 
 15 15 91 23 9 17 
 27 64 8 27 10 88 
 34 14 20 25 6 36 
 85 2 89 35 28 53 
 40 60 83 28 57 90 
 59 16 49 24 57 59 
 16 27 90 74 86 69 
 28 62 64 81 20 15 
 65 43 100 8 82 19 
 51 79 43 89 14 91 
 37 61 18 71 38 17 
 40 33 20 100 42 61 
 88 62 8 78 21 4 
 33 69 46 28 73 75 
 44 7 22 43 11 26 
 18 41 59 83 38 17 
 100 95 99 22 87 16 
 15 65 54 6 24 33 
 31 49 43 34 83 66 
 36 60 37 83 46 72 
 13 11 69 67 1 18 
 12 7 12 22 42 29 
 60 18 54 0 66 92 
 36 26 51 71 49 96 
 22 36 92 22 32 36 
 86 5 2 27 71 51 
 100 99 56 49 58 45 
 7 78 95 27 45 78 
 54 72 3 1 11 63 
 97 68 66 56 90 37 
 74 82 81 43 27 70 
 9 78 49 47 99 86 
 4 54 42 50 91 39 
 34 33 18 46 73 54 
 31 88 29 60 96 1 
 89 87 96 81 5 50 
 60 96 21 66 70 65 
 27 56 63 23 17 23 
 94 30 89 46 51 71 
 60 1 2 88 52 37 
 68 95 13 27 91 30 
 13 16 98 70 13 82 
 33 82 13 49 46 35 
 97 49 25 36 79 80 
 53 23 61 58 72 78 
 10 11 49 83 66 9 
 9 99 94 76 47 80 
 75 90 68 97 68 100 
 75 96 29 80 66 60 
 12 44 34 1 59 37 
 49 43 80 40 13 30 
 41 80 63 29 70 13 
 22 37 23 93 19 17 
 49 97 37 30 60 75 
 98 88 99 62 55 73 
 21 36 89 61 18 66 
 0 82 49 61 83 37 
 90 78 33 46 60 56 
 80 27 93 15 25 19 
 48 2 41 72 29 46 
 27 11 88 22 34 100 
 57 48 71 91 18 62 
 82 96 47 95 98 66 
 36 96 46 100 31 25 
 39 94 94 58 2 34 
 30 41 83 37 73 15 
 98 74 83 57 36 46 
 49 76 11 61 48 75 
 60 90 47 46 79 39 
 7 1 6 18 80 4 
 27 44 43 2 31 62 
 76 31 79 20 15 94 
 8 75 95 71 57 77 
 15 76 14 4 31 23 
 71 88 18 93 13 11 
 3 85 90 18 13 41 
 25 15 31 20 5 97 
 22 11 83 89 2 71 
 80 27 17 66 73 80 
 23 6 88 24 8 57 
 68 76 62 7 36 4 
 32 82 42 8 73 88 
 77 1 23 71 82 84 
 16 61 10 26 71 21 
 77 70 54 32 65 60 
 67 61 1 2 50 11 
 68 75 66 76 69 64 
 42 31 46 31 2 79 
 15 95 18 47 99 85 
 73 92 82 0 48 34 
 82 86 42 54 78 37 
 32 2 68 62 81 43 
 44 41 78 87 51 26 
 39 27 83 15 53 98 
 12 42 33 79 64 63 
 52 90 18 81 27 99 
 55 85 33 90 23 42 
 6 10 33 25 27 52 
 77 11 31 81 72 39 
 44 60 10 51 88 98 
 31 14 61 60 3 41 
 22 68 14 17 1 36 
 57 41 56 61 33 85 
 98 19 36 100 5 86 
 48 48 49 33 9 3 
 65 12 97 97 58 86 
 72 53 6 20 18 83 
 55 87 59 90 36 96 
 51 55 22 10 47 46 
 63 58 34 36 89 93 
 35 47 42 26 81 39 
 24 70 28 38 8 24 
 54 18 14 46 90 56 
 97 23 16 52 30 8 
 99 39 57 20 77 78 
 77 74 84 68 42 53 
 21 49 36 73 48 50 
 100 58 28 40 92 77 
 80 41 36 61 78 80 
 92 15 97 24 40 22 
 5 59 9 82 72 86 
 63 100 75 55 92 38 
 91 17 21 36 49 48 
 0 47 54 56 100 83 
 5 46 36 28 68 24 
 83 39 16 79 23 70 
 18 81 80 3 11 70 
 52 99 5 35 81 100 
 38 9 25 96 48 51 
 85 87 55 30 56 50 
 30 94 45 50 47 38 
 38 96 83 47 50 86 
 79 31 43 44 11 29 
 44 81 90 3 58 97 
 51 91 86 60 23 42 
 67 50 72 6 42 40 
 88 3 59 82 9 38 
 20 63 68 84 83 31 
 37 11 37 16 64 77 
 35 66 81 55 29 38 
 70 15 83 32 65 43 
 96 23 90 1 33 93 
 95 17 82 96 96 23 
 30 63 86 99 97 92 
 16 68 95 17 18 91 
 73 8 66 7 2 95 
 40 62 61 57 14 80 
 92 92 99 22 63 93 
 86 67 24 38 17 86 
 97 41 10 35 63 60 
 100 22 12 2 91 93 
 8 36 89 89 30 47 
 28 12 68 75 61 77 
 14 40 67 84 62 7 
 5 6 29 27 51 60 
 99 6 60 97 58 26 
 61 34 47 0 53 37 
 39 60 24 9 74 52 
 90 51 51 35 45 43 
 22 61 48 2 25 42 
 76 97 34 74 68 50 
 60 24 25 49 14 90 
 17 83 93 9 61 46 
 4 41 38 94 68 80 
 83 24 34 49 43 47 
 48 16 26 19 95 72 
 34 27 64 37 6 59 
 58 26 68 84 97 23 
 5 53 29 14 62 58 
 7 29 88 58 41 25 
 25 96 88 82 61 42 
 81 29 41 55 68 73 
 67 27 59 58 77 88 
 47 24 20 27 12 77 
 38 28 65 60 69 64 
 44 35 55 48 18 49 
 11 83 10 11 9 18 
 1 44 36 45 24 45 
 97 42 98 8 4 9 
 25 56 32 86 1 25 
 72 9 57 49 81 96 
 75 98 44 10 8 4 
 45 98 51 39 74 53 
 70 65 67 89 65 42 
 92 90 49 98 88 14 
 32 46 76 8 43 22 
 19 46 69 68 35 66 
 68 58 37 33 77 57 
 92 45 49 27 7 76 
 32 51 83 82 54 53 
 0 100 57 32 33 52 
 82 60 36 12 19 36 
 74 63 15 79 38 24 
 21 9 69 22 65 50 
 6 75 74 38 87 33 
 17 94 21 3 73 24 
 47 4 27 93 19 67 
 86 56 19 44 4 80 
 36 19 37 31 19 3 
 87 81 40 5 76 99 
 79 42 5 76 55 8 
 31 55 23 43 29 12 
 68 29 56 64 7 60 
 7 44 27 2 58 24 
 72 100 92 21 23 46 
 16 71 62 53 48 4 
 66 63 88 10 43 43 
 56 22 36 62 6 1 
 7 35 99 70 38 25 
 52 64 60 66 34 41 
 32 19 31 36 1 20 
 56 93 53 28 23 57 
 86 34 51 60 23 38 
 31 94 83 54 26 93 
 46 54 9 11 9 13 
 39 46 91 52 77 66 
 61 57 12 97 67 70 
 36 47 29 9 24 98 
 77 42 50 54 99 60 
 60 65 76 74 51 99 
 6 34 93 28 45 5 
 49 16 74 68 69 45 
 95 14 59 71 37 86 
 56 37 100 0 5 79 
 70 61 39 10 45 10 
 7 76 70 82 35 12 
 4 39 69 99 1 68 
 48 18 44 18 60 44 
 92 67 3 77 15 57 
 27 34 80 27 76 90 
 88 89 8 4 88 57 
 5 12 88 97 52 21 
 97 8 5 91 1 71 
 17 38 10 12 53 42 
 86 6 53 93 92 46 
 75 64 57 40 83 39 
 9 32 10 89 66 24 
 60 16 45 86 71 71 
 67 37 20 56 18 91 
 82 13 66 30 17 28 
 67 17 12 29 66 10 
 47 23 44 75 96 48 
 92 71 62 74 81 9 
 36 48 4 46 72 7 
 51 23 97 39 6 9 
 24 45 15 52 88 69 
 28 10 85 34 52 61 
 29 80 13 49 100 17 
 86 91 8 98 74 85 
 42 36 92 39 25 53 
 51 84 51 85 91 69 
 21 48 51 6 55 83 
 38 73 9 46 64 63 
 90 50 8 5 41 17 
 11 76 1 23 1 6 
 88 10 39 49 38 49 
 90 42 100 39 57 5 
 0 97 61 75 28 86 
 3 91 58 20 77 33 
 2 76 22 68 77 17 
 71 47 55 49 21 99 
 99 56 20 41 27 88 
 15 55 6 12 49 21 
 38 6 23 71 42 25 
 30 36 3 89 77 56 
 87 44 97 34 82 37 
 64 88 79 56 17 1 
 58 84 11 1 64 5 
 89 89 67 17 5 50 
 87 98 83 33 56 68 
 49 77 27 98 15 49 
 82 9 56 56 59 7 
 61 29 45 17 86 22 
 58 30 9 17 64 47 
 9 98 46 36 49 73 
 86 73 19 2 64 96 
 96 28 34 29 76 45 
 94 18 54 22 94 33 
 87 10 12 65 22 36 
 37 98 29 32 80 59 
 24 99 77 35 4 46 
 74 74 95 1 75 35 
 35 46 52 19 87 74 
 70 48 99 7 57 7 
 23 76 52 42 95 15 
 62 7 88 54 18 33 
 6 6 7 39 43 88 
 31 67 15 86 84 93 
 30 72 3 43 25 68 
 70 96 78 54 83 60 
 32 79 97 0 75 56 
 54 73 45 91 51 97 
 3 34 81 96 8 62 
 30 74 96 51 39 97 
 33 76 95 65 36 24 
 71 59 71 44 6 77 
 82 13 54 92 71 28 
 87 41 72 8 93 79 
 49 20 42 8 57 4 
 60 15 92 13 4 26 
 76 59 55 21 98 54 
 28 1 63 51 22 60 
 58 88 12 55 99 9 
 88 27 69 90 63 62 
 95 38 47 40 92 83 
 99 79 15 37 80 6 
 42 44 87 60 39 90 
 14 81 19 95 17 58 
 58 60 15 18 71 88 
 20 15 12 60 21 1 
 2 71 15 43 59 17 
 11 64 13 42 100 83 
 93 20 16 5 80 96 
 79 66 84 58 58 75 
 71 55 22 46 69 45 
 38 70 2 84 70 30 
 72 31 52 95 28 99 
 72 96 66 3 51 30 
 72 60 60 92 71 71 
 49 75 91 76 10 70 
 16 29 80 83 17 6 
 71 99 50 95 2 90 
 48 65 50 22 33 78 
 5 24 33 70 61 75 
 0 35 71 90 51 66 
 27 89 42 86 68 79 
 51 69 52 77 84 36 
 43 16 86 88 21 58 
 75 76 100 38 75 4 
 44 71 38 100 25 61 
 60 28 32 50 71 91 
 64 29 24 98 18 56 
 51 34 100 12 99 19 
 78 30 40 81 7 30 
 55 42 30 96 72 40 
 1 25 87 73 27 94 
 24 10 72 60 76 29 
 31 52 79 51 5 64 
 52 22 84 1 78 93 
 88 10 34 87 53 19 
 56 75 13 34 58 49 
 78 18 65 35 54 87 
 1 19 95 66 88 25 
 43 26 85 35 52 50 
 38 70 28 47 66 38 
 13 71 45 63 18 48 
 23 88 47 82 31 95 
 17 36 17 9 6 59 
 70 30 48 65 56 84 
 92 15 42 8 60 22 
 31 79 6 42 67 92 
 24 37 52 5 92 3 
 28 50 93 24 77 82 
 44 56 56 57 63 39 
 82 72 49 38 52 22 
 66 78 56 60 28 36 
 46 37 46 9 52 61 
 75 56 35 0 18 41 
 62 22 62 52 88 72 
 99 55 47 76 12 93 
 84 35 61 25 27 75 
 28 82 21 89 82 80 
 37 3 69 59 37 96 
 58 46 96 70 53 23 
 76 95 22 80 62 6 
 16 41 30 14 58 53 
 76 79 68 100 77 12 
 94 66 94 65 31 85 
 10 63 86 5 2 46 
 70 11 43 73 90 32 
 26 50 5 76 16 42 
 23 15 22 27 14 65 
 79 54 5 92 58 62 
 27 79 68 15 98 80 
 85 28 99 16 66 18 
 23 15 86 70 76 74 
 53 50 74 28 29 39 
 52 4 42 44 9 66 
 88 48 4 95 9 53 
 37 44 69 78 22 94 
 97 74 89 40 12 13 
 25 69 21 6 79 19 
 85 21 62 7 53 43 
 46 4 64 62 3 48 
 99 8 92 79 5 44 
 19 63 58 21 46 32 
 90 58 39 90 83 64 
 53 45 89 90 100 7 
 92 13 77 29 39 46 
 13 92 60 32 36 74 
 82 39 28 54 71 18 
 0 2 29 94 9 42 
 55 73 9 51 25 98 
 60 22 18 69 48 5 
 33 87 25 67 13 77 
 49 1 74 60 56 68 
 99 43 73 21 13 46 
 72 17 87 35 94 49 
 91 100 31 8 44 22 
 90 18 88 82 44 30 
 22 54 77 46 30 27 
 31 41 38 20 78 54 
 31 1 3 34 78 4 
 31 79 71 42 91 92 
 51 14 35 67 13 94 
 13 28 69 12 30 57 
 57 20 69 9 75 26 
 18 57 34 18 84 76 
 100 47 23 97 31 1 
 83 43 63 18 81 80 
 63 90 5 90 5 7 
 77 13 74 75 53 40 
 65 72 11 30 79 73 
 84 22 85 7 8 2 
 44 72 34 26 65 81 
 64 31 2 60 82 45 
 43 65 24 36 10 48 
 54 98 21 39 6 22 
 36 68 55 48 25 94 
 71 46 81 78 33 20 
 17 44 55 34 66 31 
 100 11 12 65 28 60 
 62 85 91 22 56 2 
 28 52 60 10 86 73 
 90 41 2 0 58 42 
 93 73 54 5 1 22 
 51 43 2 16 89 17 
 53 84 10 98 1 19 
 23 43 18 81 91 27 
 81 24 35 26 69 94 
 81 11 70 45 39 38 
 73 29 45 84 46 91 
 53 26 66 36 10 16 
 96 88 100 35 87 24 
 85 88 3 86 44 27 
 29 63 16 51 78 50 
 68 83 43 64 83 69 
 26 39 89 91 72 60 
 32 55 51 80 4 27 
 21 67 43 94 96 21 
 87 17 73 29 41 49 
 27 71 6 92 35 62 
 38 60 41 37 93 28 
 18 73 17 26 31 39 
 44 72 71 77 52 79 
 68 15 55 59 31 91 
 63 40 38 15 1 16 
 27 26 14 67 4 85 
 49 47 15 60 44 89 
 12 32 9 17 48 97 
 37 28 33 78 22 14 
 90 22 29 6 41 10 
 87 1 15 85 3 20 
 50 11 19 57 48 53 
 32 42 70 68 93 50 
 51 83 43 93 71 32 
 80 68 68 90 36 45 
 3 45 51 62 29 58 
 0 62 36 53 45 33 
 3 23 58 30 78 24 
 47 78 47 75 10 22 
 40 55 68 15 42 47 
 39 98 66 15 76 76 
 4 79 92 40 40 29 
 98 58 34 66 67 89 
 57 2 54 25 94 1 
 91 23 91 97 77 49 
 61 72 88 62 38 36 
 26 91 70 81 29 18 
 58 50 76 17 42 12 
 75 80 99 59 8 54 
 7 31 100 40 7 90 
 78 77 10 25 12 48 
 25 39 77 44 100 78 
 51 16 85 62 74 59 
 12 82 83 49 78 9 
 55 79 40 93 74 21 
 16 95 41 52 87 19 
 58 83 87 4 99 2 
 10 40 91 13 84 40 
 37 40 55 79 86 1 
 37 1 88 21 68 100 
 44 73 21 6 83 37 
 9 48 73 49 55 50 
 9 43 37 22 81 44 
 93 98 55 28 60 30 
 47 76 32 88 6 64 
 83 99 62 59 10 17 
 24 13 99 28 55 41 
 69 36 27 62 24 51 
 12 10 91 91 66 22 
 94 42 62 0 99 92 
 78 1 96 18 47 14 
 91 49 42 64 93 53 
 68 3 19 94 96 94 
 32 25 69 53 41 63 
 50 8 20 81 65 97 
 96 93 48 72 42 78 
 17 96 26 20 94 21 
 76 100 6 29 79 21 
 67 19 94 14 90 27 
 1 87 22 60 46 72 
 52 35 21 40 84 98 
 37 34 33 19 17 81 
 23 28 88 44 55 8 
 73 79 20 89 86 38 
 27 70 20 2 20 15 
 22 85 46 35 69 74 
 70 23 13 70 74 42 
 28 80 50 32 16 19 
 19 37 9 2 89 25 
 28 49 86 97 23 100 
 62 49 73 69 25 2 
 57 21 85 48 75 9 
 69 35 42 52 93 36 
 21 91 51 26 16 7 
 2 10 11 36 15 31 
 58 58 64 96 96 10 
 14 49 25 91 8 35 
 28 79 1 81 22 43 
 36 86 81 33 9 11 
 33 93 88 47 99 31 
 48 20 20 86 93 81 
 83 51 19 7 58 51 
 27 62 9 93 36 99 
 0 100 5 90 75 69 
 16 65 5 34 61 47 
 93 42 97 85 85 96 
 20 14 5 90 36 40 
 49 57 25 85 99 34 
 79 13 4 35 48 58 
 50 37 75 77 62 60 
 65 54 65 61 59 60 
 51 19 59 26 62 12 
 80 97 62 97 67 56 
 85 68 64 71 37 2 
 62 42 58 97 18 38 
 90 74 73 62 81 67 
 64 49 67 84 44 42 
 54 36 19 44 47 28 
 23 93 47 31 9 50 
 73 93 5 56 5 23 
 15 53 30 23 90 12 
 85 76 67 66 53 72 
 99 100 41 94 69 83 
 75 33 16 8 38 51 
 61 16 11 71 69 61 
 7 9 23 23 85 28 
 53 88 34 25 8 27 
 89 30 86 86 95 43 
 27 15 78 67 100 60 
 18 76 54 29 9 72 
 82 66 53 8 100 75 
 30 18 20 87 1 30 
 17 48 28 25 2 99 
 22 2 5 30 14 5 
 15 43 39 35 36 76 
 20 97 89 52 42 73 
 53 92 100 0 89 72 
 82 46 15 80 37 24 
 93 75 12 40 11 82 
 97 30 95 61 76 36 
 46 59 67 56 56 77 
 3 50 86 4 6 27 
 86 51 19 19 40 42 
 49 98 36 6 88 13 
 18 22 62 13 31 47 
 84 40 29 6 40 47 
 32 46 9 33 18 48 
 35 44 42 6 42 34 
 40 49 30 38 48 23 
 27 51 66 13 44 59 
 2 23 2 18 36 81 
 79 34 34 98 58 32 
 43 53 100 68 10 20 
 45 79 54 8 57 15 
 21 51 9 54 72 95 
 40 41 14 32 66 58 
 37 25 78 64 60 69 
 19 95 56 45 66 94 
 53 97 7 42 79 98 
 40 52 58 36 94 20 
 12 76 82 78 87 39 
 97 45 58 55 64 29 
 17 18 46 68 12 18 
 31 64 43 62 49 90 
 17 24 63 60 58 71 
 43 68 91 62 12 22 
 75 60 86 43 71 41 
 92 2 25 44 16 45 
 74 70 77 3 42 88 
 55 54 45 78 5 89 
 0 89 4 75 70 25 
 13 71 49 29 43 19 
 38 35 36 47 32 98 
 59 88 56 99 71 22 
 24 77 96 26 38 29 
 70 62 65 39 46 57 
 46 91 14 81 80 44 
 16 90 34 1 28 29 
 19 61 80 73 87 79 
 77 2 89 36 18 73 
 47 28 46 1 75 88 
 45 2 22 51 14 20 
 42 54 27 78 89 14 
 15 80 31 57 82 19 
 79 37 81 91 38 28 
 70 86 53 29 76 59 
 84 52 74 47 62 54 
 22 27 70 58 61 95 
 99 43 3 54 21 45 
 37 92 34 37 63 34 
 15 47 87 57 40 68 
 91 47 5 32 3 85 
 6 82 92 52 20 41 
 100 14 33 92 46 17 
 63 68 14 17 26 79 
 52 86 89 67 99 39 
 63 18 68 83 73 10 
 100 71 53 95 46 45 
 93 37 31 64 55 56 
 65 13 3 22 87 4 
 51 87 90 27 19 41 
 79 43 63 82 33 34 
 86 72 73 5 33 1 
 90 72 89 0 1 73 
 64 52 26 53 71 70 
 23 68 33 99 44 41 
 54 51 79 77 1 96 
 23 10 48 49 34 43 
 48 82 31 97 48 57 
 31 23 17 15 71 99 
 23 98 7 47 9 36 
 45 9 12 6 95 17 
 77 58 97 79 5 38 
 16 41 94 100 50 25 
 7 25 54 10 20 58 
 22 67 98 60 24 3 
 48 11 43 15 78 28 
 21 39 44 67 43 75 
 92 62 66 63 71 46 
 43 14 51 52 29 65 
 98 99 23 45 42 80 
 43 44 5 63 79 59 
 13 96 14 6 64 60 
 76 90 64 34 3 98 
 21 29 76 23 4 60 
 9 81 49 93 60 29 
 18 61 32 41 7 68 
 42 54 2 76 27 40 
 70 9 59 26 98 53 
 42 96 57 91 59 15 
 12 55 14 36 84 64 
 73 11 65 66 60 20 
 80 4 97 56 14 75 
 14 38 100 29 22 71 
 48 78 23 22 15 35 
 2 81 68 99 9 1 
 3 96 75 82 4 1 
 0 48 9 43 30 71 
 25 17 95 54 23 56 
 37 66 19 50 16 10 
 22 68 20 100 91 94 
 1 94 65 67 10 50 
 67 39 28 93 60 20 
 31 38 47 46 55 70 
 77 23 14 33 85 86 
 48 10 92 35 33 55 
 7 71 44 68 72 8 
 95 56 63 76 54 91 
 5 95 55 89 20 38 
 100 35 52 51 76 72 
 91 57 89 71 50 20 
 23 29 2 73 33 70 
 46 9 94 28 97 32 
 93 82 72 52 94 3 
 78 46 73 5 53 56 
 38 58 85 37 42 34 
 55 44 98 69 15 63 
 3 2 73 72 87 65 
 73 40 88 7 52 48 
 74 1 64 47 1 31 
 48 27 46 14 27 19 
 92 37 26 100 3 74 
 94 28 74 64 98 70 
 87 14 3 54 40 36 
 57 3 32 55 26 44 
 80 35 89 54 32 70 
 98 71 65 46 54 38 
 27 51 2 87 70 61 
 79 12 76 96 79 55 
 51 22 23 18 69 46 
 75 73 48 0 67 2 
 91 12 54 54 32 36 
 96 60 61 21 82 9 
 82 16 10 14 42 54 
 15 86 97 77 49 52 
 27 50 45 66 9 51 
 44 100 98 45 32 79 
 42 32 55 37 79 70 
 63 59 29 68 51 96 
 39 41 46 95 89 39 
 18 59 26 27 42 61 
 24 28 14 30 40 19 
 35 39 66 78 58 3 
 45 78 38 28 53 32 
 53 12 14 70 43 41 
 47 66 52 75 17 91 
 97 87 87 6 60 20 
 43 80 27 46 85 36 
 70 97 63 20 93 25 
 50 90 40 87 23 22 
 87 5 56 32 10 88 
 84 2 63 76 50 26 
 47 92 94 43 7 57 
 89 91 39 55 96 41 
 46 7 24 44 20 43 
 82 49 92 20 11 33 
 31 80 70 95 24 8 
 60 68 54 87 27 15 
 47 46 33 27 9 72 
 33 47 91 17 83 51 
 98 2 93 100 41 51 
 18 48 38 4 22 8 
 51 47 25 51 58 47 
 16 15 70 64 9 67 
 0 71 51 25 68 36 
 96 7 76 78 48 1 
 8 68 62 52 78 91 
 19 86 99 65 75 10 
 63 17 86 44 33 78 
 72 2 11 20 68 28 
 65 76 1 94 56 61 
 38 72 86 59 72 98 
 88 73 61 13 71 8 
 97 23 59 87 30 56 
 23 69 12 53 59 76 
 84 76 96 76 88 69 
 93 54 9 56 14 11 
 34 7 35 5 38 64 
 72 3 82 51 80 43 
 28 64 26 64 61 65 
 73 25 27 72 74 60 
 62 68 33 88 35 39 
 16 25 82 35 63 27 
 42 82 10 4 70 45 
 44 18 62 46 13 43 
 41 63 19 66 50 2 
 6 12 98 61 69 97 
 9 92 10 61 24 74 
 64 93 83 99 93 22 
 73 94 17 55 37 65 
 51 47 82 30 25 76 
 59 76 36 66 39 83 
 3 18 32 62 18 43 
 48 54 63 28 52 99 
 72 26 81 2 24 39 
 68 62 69 76 98 43 
 30 14 65 80 25 52 
 43 2 71 0 44 5 
 14 4 25 40 96 72 
 44 52 38 29 48 71 
 15 37 35 48 74 64 
 96 28 23 31 74 18 
 10 3 80 69 6 73 
 34 83 18 55 46 41 
 48 42 20 80 27 39 
 89 15 42 34 68 18 
 80 9 37 68 1 60 
 28 74 84 23 40 91 
 40 81 46 25 40 46 
 32 46 58 84 17 19 
 68 93 92 49 3 89 
 43 79 13 10 83 1 
 24 100 64 53 44 85 
 87 47 11 88 88 92 
 35 10 20 81 23 17 
 98 74 41 65 38 82 
 5 100 54 57 52 54 
 34 95 86 2 81 77 
 43 69 15 37 75 72 
 41 80 6 91 71 54 
 36 20 98 89 72 38 
 32 7 51 23 67 18 
 22 42 12 2 78 74 
 48 8 80 62 79 94 
 58 72 2 3 36 80 
 10 2 31 65 4 10 
 93 36 35 30 74 13 
 76 56 29 39 80 25 
 21 69 77 30 52 12 
 60 2 78 91 5 37 
 13 26 30 91 51 44 
 0 37 47 85 70 55 
 18 100 43 67 59 85 
 34 25 40 34 7 98 
 1 43 75 19 57 96 
 81 59 57 87 85 10 
 38 4 63 91 46 90 
 77 54 72 15 29 13 
 75 56 56 57 37 48 
 73 84 26 79 31 20 
 6 93 88 42 81 97 
 63 81 95 6 78 33 
 89 36 48 34 40 92 
 20 35 65 33 43 45 
 25 80 49 59 28 52 
 27 51 33 80 90 46 
 79 91 95 48 40 27 
 26 44 14 67 98 61 
 56 22 99 80 74 95 
 14 11 84 44 56 14 
 37 56 57 65 36 68 
 24 81 39 47 29 69 
 72 55 31 27 43 21 
 2 74 87 40 56 20 
 35 19 44 51 28 1 
 25 61 69 78 75 87 
 51 19 36 79 36 39 
 67 73 50 23 20 56 
 8 58 56 37 54 56 
 86 97 15 56 16 97 
 39 52 68 49 46 27 
 3 42 9 99 17 74 
 77 93 22 16 24 49 
 34 24 71 53 71 12 
 25 5 37 0 70 75 
 20 24 29 4 83 38 
 93 85 35 31 92 44 
 64 79 69 30 4 59 
 95 36 23 3 93 14 
 48 39 79 91 27 40 
 84 68 51 15 66 22 
 27 49 64 76 37 25 
 15 68 59 44 84 87 
 94 71 17 95 82 14 
 85 14 29 82 19 92 
 54 19 96 22 63 56 
 94 48 50 86 66 2 
 64 98 46 27 6 84 
 44 32 17 40 49 17 
 14 90 83 29 33 48 
 29 78 45 41 89 84 
 90 21 78 71 12 76 
 12 89 20 75 12 77 
 74 61 63 47 23 13 
 59 1 73 6 76 70 
 32 85 92 69 10 69 
 8 71 2 33 91 4 
 58 43 73 36 45 27 
 52 99 16 37 14 85 
 98 86 26 71 94 36 
 18 22 50 36 59 54 
 97 20 30 33 61 39 
 99 20 24 96 34 28 
 96 58 16 43 81 58 
 27 83 11 76 69 1 
 71 96 84 84 18 89 
 47 42 61 93 49 71 
 25 54 68 14 47 70 
 0 33 87 1 3 44 
 63 56 74 1 59 14 
 78 16 10 79 14 13 
 71 11 93 69 69 31 
 73 61 1 36 70 100 
 50 16 41 77 95 57 
 44 27 80 95 53 24 
 15 40 50 1 93 19 
 63 32 71 48 83 55 
 13 4 8 68 45 84 
 64 94 13 41 56 39 
 97 72 76 24 71 46 
 43 42 64 70 95 9 
 9 42 99 46 41 28 
 13 81 21 85 60 6 
 56 79 42 68 90 22 
 66 29 29 66 3 82 
 88 92 49 63 14 13 
 13 24 68 58 7 30 
 37 25 51 37 41 86 
 70 99 16 33 12 96 
 41 46 43 92 72 70 
 54 36 78 71 47 25 
 22 91 25 11 80 34 
 45 97 65 26 84 98 
 18 75 51 5 10 28 
 36 25 27 69 16 6 
 9 76 12 24 37 4 
 95 8 68 58 95 68 
 62 45 11 15 70 97 
 22 68 47 51 36 35 
 69 17 78 64 47 75 
 29 70 17 54 36 4 
 85 75 33 0 54 72 
 7 36 22 62 31 5 
 54 22 78 1 85 85 
 89 4 90 31 72 21 
 51 97 43 92 77 23 
 23 24 95 84 89 15 
 46 30 80 31 88 75 
 45 83 52 71 47 81 
 48 92 93 8 68 73 
 20 90 82 34 2 95 
 72 20 2 59 11 1 
 40 56 17 49 6 10 
 91 54 73 71 88 76 
 54 59 7 12 54 81 
 54 65 55 36 73 91 
 96 21 97 31 73 31 
 3 74 34 88 35 83 
 83 82 76 22 75 53 
 31 3 15 8 96 21 
 37 2 90 63 85 65 
 21 73 69 19 43 76 
 13 52 2 11 70 6 
 17 94 29 46 91 65 
 81 44 97 31 66 82 
 45 59 77 81 67 35 
 40 65 19 45 40 71 
 26 57 68 17 55 31 
 98 26 73 56 4 18 
 77 80 59 49 48 27 
 23 23 73 7 88 53 
 52 34 65 48 55 39 
 43 61 48 53 47 93 
 93 12 43 23 95 32 
 96 25 70 20 87 54 
 0 51 88 21 19 40 
 79 22 40 29 52 86 
 80 75 27 95 94 49 
 44 66 20 84 20 84 
 67 22 56 71 7 56 
 31 97 97 6 7 15 
 14 42 4 35 53 80 
 39 17 51 68 13 91 
 89 98 38 97 45 37 
 62 37 38 39 12 54 
 50 19 14 1 47 43 
 84 39 3 33 72 24 
 44 28 44 6 8 5 
 86 17 48 99 19 60 
 65 26 99 90 12 50 
 98 83 35 93 37 84 
 8 42 79 55 35 32 
 29 78 44 77 67 61 
 83 17 67 91 23 57 
 1 81 74 71 7 67 
 37 32 17 75 87 58 
 3 52 1 29 60 49 
 44 58 78 57 21 79 
 18 8 96 35 39 3 
 4 23 7 6 46 88 
 21 62 7 28 35 99 
 73 51 60 2 88 37 
 70 7 67 94 86 5 
 86 57 72 9 47 78 
 22 98 99 74 50 18 
 49 97 16 25 5 84 
 75 53 42 40 19 68 
 54 36 7 40 55 24 
 1 72 51 0 98 10 
 84 72 17 91 73 81 
 81 79 6 28 51 24 
 85 93 77 32 14 99 
 48 84 44 17 12 94 
 70 3 44 88 33 46 
 13 56 22 32 19 68 
 68 20 38 12 4 22 
 57 42 72 90 46 81 
 82 7 27 86 81 67 
 4 13 34 63 12 82 
 96 56 35 87 62 41 
 73 58 69 88 95 97 
 52 82 51 19 22 24 
 98 18 61 24 3 62 
 11 58 72 73 49 97 
 81 75 24 6 51 71 
 47 3 42 30 14 78 
 11 47 56 81 5 61 
 76 41 39 82 95 68 
 33 29 53 69 40 11 
 78 40 64 72 87 78 
 82 18 27 44 73 50 
 4 54 78 25 32 13 
 74 69 37 63 6 59 
 42 76 55 98 71 42 
 65 83 30 72 91 3 
 65 39 7 2 32 34 
 76 59 92 23 80 56 
 72 95 34 12 5 68 
 6 44 21 33 86 27 
 33 10 10 68 97 11 
 38 33 23 96 76 96 
 18 29 3 7 88 98 
 0 86 50 69 12 90 
 48 60 72 17 28 85 
 89 62 14 99 79 97 
 52 24 39 6 96 99 
 42 66 80 74 81 66 
 7 95 82 49 23 53 
 8 65 97 53 72 5 
 84 50 88 24 84 36 
 75 10 80 9 44 12 
 68 6 74 81 55 49 
 28 41 44 61 87 38 
 81 20 79 93 88 8 
 67 100 44 1 70 90 
 45 85 95 21 16 30 
 42 94 90 5 60 64 
 24 73 25 51 89 45 
 17 11 91 34 48 73 
 43 79 46 11 79 98 
 33 50 12 31 92 66 
 14 16 82 5 44 88 
 87 53 93 22 47 91 
 69 27 73 84 89 91 
 89 13 3 100 99 8 
 33 34 25 100 23 44 
 13 42 96 33 60 9 
 34 25 74 25 77 16 
 36 70 99 92 30 76 
 31 71 29 45 11 59 
 47 100 30 27 100 42 
 35 50 75 18 99 76 
 88 75 87 98 22 3 
 85 82 35 99 56 60 
 78 72 100 4 44 36 
 21 10 86 0 34 33 
 42 45 42 8 13 61 
 31 66 53 33 84 23 
 21 30 36 92 9 18 
 21 37 38 50 34 78 
 7 3 57 79 19 76 
 87 5 8 100 21 75 
 91 75 43 10 52 92 
 59 98 11 50 27 61 
 57 28 28 69 14 14 
 26 71 15 65 65 88 
 49 90 50 49 65 34 
 53 2 93 53 96 89 
 61 56 67 14 70 11 
 86 94 23 86 14 26 
 40 20 100 46 78 1 
 59 27 85 41 94 97 
 90 23 32 3 82 27 
 4 17 69 79 31 6 
 60 58 44 67 81 97 
 9 40 49 3 81 9 
 33 45 49 97 11 28 
 10 64 55 4 25 27 
 64 36 1 95 60 74 
 49 45 87 45 53 36 
 3 27 1 70 53 12 
 20 51 97 88 28 66 
 45 55 67 36 100 32 
 70 8 9 47 64 45 
 57 33 81 60 74 60 
 99 95 21 28 25 1 
 40 19 85 97 36 44 
 37 61 48 44 43 83 
 63 22 19 84 50 34 
 0 16 76 24 7 15 
 53 14 90 19 37 59 
 62 11 51 32 71 70 
 56 94 30 44 6 18 
 13 90 34 5 37 87 
 43 58 100 8 33 91 
 87 68 54 50 88 23 
 15 3 62 34 42 88 
 79 76 7 73 68 11 
 17 22 29 95 10 14 
 8 44 16 12 2 32 
 46 25 6 31 71 70 
 51 88 38 70 56 36 
 6 87 41 28 30 49 
 17 3 82 46 12 75 
 46 62 41 42 66 28 
 76 5 83 49 37 14 
 49 99 49 11 45 29 
 82 96 96 91 32 77 
 12 18 57 42 37 65 
 14 16 48 43 28 21 
 87 65 24 17 46 30 
 63 50 17 56 14 64 
 10 98 87 15 50 56 
 85 49 73 22 4 72 
 40 39 86 12 62 99 
 80 74 77 74 44 28 
 4 71 38 78 43 65 
 10 78 48 79 100 24 
 38 44 56 65 58 82 
 67 19 55 94 96 30 
 47 41 66 21 1 52 
 67 38 56 62 40 72 
 69 33 16 0 73 72 
 3 47 45 73 59 98 
 71 42 60 79 9 31 
 74 85 75 96 88 61 
 34 89 41 42 27 16 
 89 39 90 44 66 49 
 62 58 86 60 73 75 
 52 15 81 91 48 25 
 53 79 37 74 74 27 
 61 29 58 99 80 72 
 69 45 21 91 99 29 
 82 35 30 90 75 66 
 28 21 39 30 80 72 
 1 51 37 68 42 9 
 70 43 17 71 96 80 
 6 48 88 67 35 60 
 24 46 42 63 92 76 
 46 27 97 83 62 23 
 96 14 51 6 1 74 
 28 44 85 64 23 96 
 16 91 29 73 68 72 
 6 92 34 9 4 62 
 72 49 56 99 29 6 
 2 24 69 66 16 32 
 46 46 71 82 45 33 
 86 45 9 22 90 41 
 48 38 48 36 93 63 
 2 36 28 35 98 27 
 79 25 54 54 71 64 
 38 25 87 92 20 36 
 75 21 13 23 68 96 
 20 95 32 54 19 82 
 8 38 59 93 74 31 
 79 17 12 42 76 73 
 0 30 10 43 60 94 
 1 3 70 95 30 59 
 3 61 9 4 61 49 
 37 30 4 70 9 48 
 99 96 72 31 6 79 
 74 91 13 72 15 65 
 90 83 29 97 93 45 
 12 89 84 38 26 32 
 88 52 91 66 65 15 
 99 91 7 78 62 73 
 47 96 16 70 93 70 
 11 29 54 10 5 62 
 96 84 75 70 82 96 
 84 7 28 77 9 64 
 49 17 65 66 5 33 
 37 52 34 100 51 39 
 79 27 93 38 97 23 
 20 21 55 24 51 12 
 97 30 100 93 99 20 
 36 8 87 93 21 49 
 30 15 28 4 2 3 
 69 65 1 32 56 58 
 36 6 15 6 68 64 
 71 80 2 70 37 60 
 43 61 44 69 91 37 
 85 19 53 35 100 20 
 74 25 16 18 93 86 
 35 24 43 86 33 72 
 91 63 9 49 33 67 
 41 24 76 89 77 43 
 15 94 14 61 98 51 
 50 9 68 29 85 85 
 1 5 22 91 90 45 
 24 72 30 0 13 42 
 81 93 32 26 42 64 
 64 27 61 52 9 25 
 13 58 89 14 61 76 
 76 56 54 83 61 2 
 41 78 7 89 22 67 
 79 71 7 3 7 93 
 20 2 70 76 91 26 
 55 3 87 61 79 88 
 32 87 36 23 56 48 
 45 64 32 55 67 71 
 20 84 70 57 12 41 
 4 56 68 38 69 67 
 45 43 36 94 18 84 
 10 23 81 22 75 65 
 38 9 43 9 61 30 
 21 4 46 49 17 23 
 14 62 24 27 10 63 
 78 75 46 51 32 3 
 26 51 62 22 15 5 
 21 53 84 100 73 44 
 90 73 21 98 27 78 
 50 52 4 52 21 32 
 93 56 13 34 92 34 
 67 42 49 73 66 86 
 6 54 89 9 67 58 
 82 53 70 13 54 30 
 51 96 16 3 2 25 
 92 3 18 52 25 14 
 17 3 27 71 100 82 
 49 18 42 32 5 76 
 59 79 16 82 62 48 
 34 35 59 54 40 73 
 48 42 7 3 10 13 
 0 13 46 9 90 48 
 64 2 40 49 32 50 
 83 65 70 13 74 94 
 83 45 34 89 2 85 
 76 88 38 48 12 12 
 36 48 46 37 17 11 
 66 76 86 21 33 82 
 96 45 97 98 50 77 
 24 72 19 71 66 75 
 82 76 69 12 39 57 
 36 87 16 6 47 6 
 14 42 57 74 17 93 
 65 80 20 51 84 12 
 72 13 98 5 18 87 
 38 69 21 79 65 92 
 51 28 94 56 24 29 
 40 87 77 95 22 55 
 62 91 9 48 44 15 
 50 45 84 36 53 8 
 1 73 75 10 83 27 
 77 30 44 47 7 32 
 11 44 73 46 5 33 
 53 82 38 9 21 87 
 70 57 32 85 42 86 
 4 63 37 78 92 39 
 71 21 98 95 68 8 
 52 26 21 70 54 80 
 23 78 68 1 62 90 
 96 90 94 77 88 59 
 38 80 1 81 47 25 
 90 36 88 77 10 16 
 52 71 25 31 14 22 
 29 81 60 8 15 47 
 43 42 13 0 29 95 
 46 78 38 81 36 76 
 5 26 51 67 32 74 
 37 99 78 45 57 91 
 77 63 70 64 42 97 
 60 69 3 62 11 20 
 49 76 91 23 20 16 
 62 3 32 79 61 17 
 59 88 73 66 72 42 
 51 79 56 52 93 96 
 97 72 34 13 72 58 
 64 22 22 59 34 4 
 51 92 49 9 24 81 
 24 96 12 28 97 36 
 55 93 64 75 85 53 
 50 63 95 5 71 26 
 80 97 87 95 42 48 
 32 85 92 36 96 15 
 33 24 50 75 50 91 
 97 23 12 51 32 31 
 95 14 96 50 31 86 
 9 13 3 53 72 63 
 85 43 100 3 43 19 
 11 65 95 95 7 96 
 67 27 45 2 80 21 
 24 53 21 35 79 74 
 3 96 68 63 26 6 
 52 16 50 27 14 11 
 82 18 48 17 21 15 
 15 71 75 37 74 91 
 39 69 36 46 56 1 
 22 10 78 15 40 92 
 78 78 52 81 72 13 
 53 45 60 81 46 29 
 0 73 66 13 65 51 
 70 50 31 92 59 81 
 100 48 53 53 47 21 
 75 15 43 16 69 33 
 61 13 22 31 79 23 
 75 91 27 31 20 13 
 80 78 89 49 46 11 
 18 10 31 45 98 73 
 45 48 99 76 42 13 
 63 30 29 26 75 45 
 57 86 98 84 32 88 
 68 49 42 26 53 25 
 50 35 74 63 57 17 
 70 44 61 73 26 99 
 31 86 38 34 35 89 
 33 27 8 43 24 42 
 30 69 9 44 88 69 
 2 46 79 54 97 73 
 57 41 64 78 56 26 
 70 99 100 90 20 79 
 39 46 26 50 6 99 
 83 97 55 11 69 6 
 57 42 47 15 16 68 
 79 55 3 52 85 40 
 6 13 38 18 12 4 
 84 25 10 5 9 5 
 50 21 24 83 21 29 
 90 63 96 81 51 83 
 3 57 55 44 4 3 
 60 27 98 53 40 59 
 99 96 68 14 91 37 
 34 44 16 1 86 79 
 17 61 14 73 94 93 
 9 95 73 0 46 25 
 37 49 64 76 33 36 
 5 36 48 52 7 71 
 24 20 78 13 88 58 
 93 25 81 36 70 66 
 92 88 34 8 66 45 
 53 67 59 90 66 13 
 13 98 62 6 16 71 
 50 34 31 31 82 90 
 56 65 49 78 93 5 
 27 72 83 32 97 18 
 14 76 97 20 24 9 
 54 78 19 7 31 29 
 43 78 53 65 92 16 
 43 63 35 94 25 25 
 18 59 44 37 14 29 
 25 53 10 58 60 36 
 79 73 28 24 26 55 
 26 77 76 56 33 74 
 70 19 77 100 46 19 
 34 11 82 70 19 100 
 55 17 98 67 16 64 
 95 100 19 60 11 87 
 8 93 30 57 11 96 
 90 61 27 57 44 50 
 60 22 57 66 32 85 
 29 5 38 87 20 84 
 80 59 81 97 47 27 
 85 93 73 27 6 6 
 44 69 56 81 66 41 
 49 67 71 23 20 42 
 19 35 7 64 10 85 
 80 6 28 31 90 59 
 1 32 90 46 66 46 
 0 30 57 25 42 75 
 3 58 22 8 63 6 
 68 23 37 25 42 16 
 96 90 27 27 33 87 
 58 47 89 35 30 100 
 8 88 1 7 95 13 
 49 98 11 85 94 3 
 97 7 43 97 54 87 
 61 4 64 87 39 55 
 89 71 62 1 35 72 
 36 64 8 95 82 48 
 50 87 60 80 93 92 
 38 95 9 2 44 56 
 95 54 40 6 76 58 
 51 49 56 8 79 62 
 15 83 40 21 66 67 
 59 58 72 98 58 26 
 57 85 63 84 82 1 
 79 85 37 84 54 88 
 22 51 75 49 58 79 
 23 39 4 29 30 44 
 26 87 63 66 94 92 
 82 14 43 22 88 89 
 82 14 90 28 90 70 
 48 23 27 46 37 45 
 37 50 69 17 52 19 
 75 47 30 47 61 68 
 95 99 87 9 24 34 
 12 77 71 59 68 24 
 15 63 57 56 22 10 
 100 54 86 48 98 79 
 79 85 75 28 85 66 
 19 98 3 26 48 78 
 13 25 30 0 16 44 
 91 81 88 39 79 13 
 81 68 52 14 19 64 
 59 67 53 76 66 82 
 32 20 32 14 33 93 
 24 6 44 54 60 47 
 83 60 2 99 36 71 
 6 86 98 93 30 90 
 1 91 25 51 16 33 
 100 28 16 93 89 4 
 69 84 12 85 69 42 
 51 1 66 36 52 36 
 2 14 45 9 14 79 
 19 29 11 94 27 31 
 86 2 75 48 73 77 
 50 100 10 79 47 58 
 10 41 75 76 10 45 
 54 38 98 24 26 18 
 80 56 78 2 4 72 
 80 56 88 43 73 11 
 70 87 85 37 33 44 
 10 67 25 58 35 68 
 22 32 58 97 46 76 
 62 47 1 25 50 53 
 73 76 35 47 90 56 
 6 52 26 77 4 57 
 2 54 33 48 71 84 
 53 66 98 55 55 61 
 47 80 49 82 38 37 
 99 35 76 50 25 56 
 24 48 91 15 99 74 
 1 69 14 89 27 51 
 89 53 37 71 70 42 
 64 38 65 37 57 16 
 0 3 26 40 42 77 
 71 7 87 10 33 83 
 62 51 45 75 16 11 
 3 81 24 21 72 66 
 15 46 54 77 69 48 
 24 45 58 23 64 91 
 47 1 16 88 37 35 
 78 99 60 85 54 34 
 2 98 3 54 90 5 
 75 67 82 36 95 34 
 23 67 77 39 99 3 
 28 38 49 15 31 35 
 69 35 55 14 61 11 
 88 66 84 51 51 29 
 30 43 66 6 95 81 
 53 65 78 83 29 68 
 66 39 75 70 33 70 
 51 10 28 28 20 33 
 68 37 70 85 14 86 
 79 100 40 79 29 29 
 86 67 8 31 100 48 
 1 78 46 66 9 88 
 5 98 7 36 33 68 
 35 95 65 70 34 54 
 63 4 44 83 57 65 
 57 9 12 31 33 42 
 92 95 83 56 66 85 
 30 46 4 27 21 13 
 100 96 43 26 76 8 
 85 77 77 49 94 86 
 65 64 43 30 13 4 
 95 24 62 33 59 42 
 95 64 2 81 51 49 
 25 44 3 0 79 70 
 7 55 18 68 15 51 
 63 73 37 36 43 36 
 60 14 88 100 73 96 
 10 73 99 48 81 100 
 93 18 30 96 76 43 
 80 48 23 43 48 48 
 85 32 30 60 61 26 
 87 89 94 78 67 51 
 5 44 71 17 58 89 
 91 25 49 33 44 29 
 18 75 22 1 84 60 
 73 18 90 47 50 85 
 74 43 34 10 35 49 
 65 73 25 98 94 34 
 26 22 83 89 45 29 
 74 38 95 20 50 71 
 82 53 2 33 71 49 
 43 80 57 66 56 78 
 4 49 51 61 84 44 
 87 6 79 19 48 31 
 74 76 37 82 12 71 
 53 10 27 51 43 3 
 39 24 15 60 51 86 
 56 56 10 45 65 59 
 44 73 26 22 38 55 
 80 14 81 99 90 90 
 36 33 56 4 27 76 
 38 54 25 58 73 69 
 4 20 99 3 96 34 
 1 97 75 96 75 4 
 71 90 94 85 14 84 
 62 60 30 64 40 36 
 70 64 42 91 26 79 
 0 73 86 17 59 22 
 33 94 38 38 22 56 
 53 56 74 65 84 27 
 96 53 32 52 80 47 
 52 71 79 55 68 97 
 2 79 94 52 55 80 
 69 96 75 68 8 89 
 73 35 84 2 42 3 
 56 4 40 19 36 32 
 11 50 24 88 49 20 
 2 65 59 45 16 41 
 47 96 28 39 62 63 
 86 11 38 38 75 24 
 68 85 7 12 28 32 
 11 86 14 44 80 36 
 100 1 38 45 67 64 
 79 45 31 34 53 12 
 11 85 33 60 53 3 
 52 16 75 73 44 31 
 35 74 67 22 86 21 
 49 93 20 97 41 30 
 73 37 9 17 88 87 
 45 69 1 16 61 60 
 68 38 5 89 56 58 
 12 94 21 52 61 61 
 97 93 53 84 21 28 
 82 37 96 90 50 41 
 93 90 6 92 61 46 
 21 94 79 81 34 50 
 26 43 94 77 10 28 
 19 59 11 31 49 93 
 99 23 11 79 59 27 
 49 76 50 76 75 81 
 40 70 73 0 46 39 
 61 91 26 73 40 4 
 11 87 45 49 97 44 
 84 48 94 86 10 30 
 64 11 89 34 63 56 
 5 70 88 63 67 5 
 54 95 15 85 88 82 
 4 83 84 53 50 81 
 78 54 23 63 12 87 
 76 43 42 76 82 97 
 37 10 81 19 53 44 
 5 77 22 26 79 89 
 19 30 64 91 72 49 
 54 18 72 48 81 73 
 36 14 37 1 97 9 
 80 42 57 71 22 93 
 94 57 72 27 49 73 
 25 29 80 99 78 77 
 20 43 69 29 25 22 
 91 61 31 35 19 91 
 32 92 70 56 85 81 
 46 70 48 46 81 23 
 68 27 33 53 17 71 
 99 49 15 66 49 74 
 5 83 61 79 86 38 
 58 81 50 68 69 71 
 39 99 89 74 46 23 
 30 38 19 88 23 71 
 60 96 13 81 92 65 
 79 86 38 48 65 49 
 63 23 57 95 93 72 
 44 77 79 21 51 9 
 3 61 32 5 31 33 
 3 88 42 7 86 46 
 0 64 64 9 47 15 
 5 67 67 49 79 97 
 62 58 22 37 3 1 
 97 19 27 78 54 39 
 51 6 2 46 23 96 
 30 64 21 97 48 52 
 24 23 59 14 72 7 
 54 70 55 100 25 85 
 16 77 95 89 42 55 
 68 74 8 82 77 87 
 46 12 53 34 23 13 
 93 97 79 35 26 65 
 22 80 80 19 21 100 
 53 34 5 64 53 61 
 8 20 58 43 52 1 
 29 26 25 93 36 29 
 47 8 39 27 69 98 
 61 4 99 39 28 47 
 13 22 80 27 38 87 
 45 34 53 27 91 24 
 13 15 14 34 38 56 
 13 33 62 36 95 57 
 94 72 97 45 9 50 
 14 44 100 52 87 80 
 7 75 37 93 31 77 
 37 20 49 87 34 82 
 100 42 94 94 67 89 
 71 28 28 70 46 11 
 40 97 13 4 29 82 
 67 52 17 31 96 36 
 69 21 66 32 97 30 
 32 31 61 52 50 26 
 92 36 58 39 77 55 
 17 39 64 0 45 98 
 82 17 38 92 33 40 
 3 90 81 30 18 42 
 51 42 56 76 18 36 
 58 15 8 31 43 15 
 30 12 44 41 2 26 
 76 100 47 5 22 26 
 28 37 40 34 97 37 
 88 54 24 35 66 43 
 93 35 59 11 7 55 
 4 27 14 8 39 63 
 89 36 78 47 68 54 
 65 57 92 6 31 55 
 45 11 46 72 41 90 
 52 56 58 42 88 94 
 52 75 97 7 71 57 
 6 43 96 90 95 59 
 13 73 22 26 65 47 
 39 32 81 14 53 34 
 17 99 71 26 31 47 
 87 73 8 47 46 78 
 56 51 44 36 12 85 
 92 43 49 32 63 51 
 56 52 82 60 68 68 
 4 94 98 56 13 88 
 28 11 91 54 53 22 
 8 81 31 6 45 68 
 86 8 42 87 32 53 
 72 70 40 96 4 6 
 70 31 10 27 86 74 
 81 23 69 51 20 14 
 52 36 71 74 9 9 
 83 51 59 5 22 79 
 71 18 59 61 64 45 
 0 23 7 37 74 47 
 29 59 68 44 11 15 
 62 99 53 28 99 71 
 90 86 39 96 45 21 
 42 20 30 74 25 57 
 89 40 60 66 11 43 
 5 62 96 29 55 23 
 9 42 90 35 17 60 
 6 23 23 45 24 13 
 100 14 40 77 48 63 
 27 100 70 46 44 24 
 82 63 71 10 64 38 
 14 68 69 57 2 100 
 86 36 36 4 83 89 
 87 86 17 81 16 29 
 49 9 13 53 46 25 
 34 41 98 26 12 42 
 51 30 45 28 65 60 
 28 35 10 61 17 42 
 15 72 24 26 56 64 
 99 59 24 89 20 69 
 59 30 34 32 73 10 
 62 67 75 57 44 70 
 59 100 27 73 32 46 
 27 82 46 28 19 43 
 66 23 25 43 25 10 
 50 80 56 4 25 41 
 50 23 17 45 29 93 
 35 27 62 97 50 50 
 44 18 59 3 31 97 
 84 99 24 92 70 85 
 4 25 65 67 81 36 
 8 13 7 68 22 91 
 9 98 23 0 76 28 
 59 46 9 24 6 3 
 7 7 25 39 35 39 
 1 92 36 64 60 3 
 78 26 98 25 89 23 
 37 12 12 84 54 34 
 21 63 73 23 22 50 
 35 82 85 100 50 69 
 36 68 54 95 37 56 
 59 34 2 57 34 88 
 73 14 91 19 94 58 
 22 70 14 62 65 96 
 64 69 31 40 22 23 
 89 46 26 75 22 74 
 48 77 64 89 78 54 
 25 95 34 59 18 96 
 64 83 94 33 33 61 
 88 97 72 19 6 68 
 82 7 31 65 69 76 
 91 68 2 25 72 98 
 73 90 1 10 44 100 
 98 85 67 64 20 86 
 64 19 80 91 40 67 
 94 26 89 6 60 94 
 66 25 45 56 89 49 
 90 39 74 86 71 27 
 39 33 47 83 19 88 
 30 72 71 76 87 39 
 98 48 48 86 65 48 
 67 45 33 10 57 93 
 73 43 20 48 39 9 
 56 75 61 13 70 32 
 100 48 63 81 87 15 
 33 26 47 82 7 76 
 0 83 53 42 8 6 
 3 43 3 47 14 89 
 61 77 64 40 20 65 
 89 14 9 26 42 83 
 100 97 23 6 75 85 
 39 2 18 72 90 31 
 16 12 29 89 84 97 
 82 69 91 32 95 11 
 5 8 85 86 26 98 
 51 42 43 63 47 45 
 63 7 49 52 60 63 
 30 55 96 40 77 16 
 47 19 51 54 99 42 
 41 75 42 52 5 35 
 32 50 40 20 36 30 
 88 6 47 42 20 28 
 70 49 92 87 73 38 
 26 28 9 42 2 44 
 88 29 30 1 17 31 
 69 65 85 48 60 25 
 8 17 75 72 17 76 
 2 55 94 7 58 71 
 79 100 64 94 9 79 
 17 55 37 2 47 95 
 55 91 85 100 4 39 
 78 70 94 25 38 24 
 44 57 36 8 91 95 
 35 38 58 72 58 51 
 39 57 39 66 78 3 
 87 14 61 92 84 84 
 6 18 94 96 49 58 
 13 74 48 52 6 68 
 10 51 94 73 15 17 
 37 28 83 0 92 62 
 42 92 99 38 10 74 
 14 1 36 47 36 67 
 38 63 89 41 17 93 
 11 76 9 25 35 83 
 37 33 93 65 100 97 
 42 75 70 19 69 69 
 10 11 59 47 91 87 
 79 63 33 53 77 85 
 33 22 36 1 11 42 
 90 40 39 68 37 1 
 79 64 52 77 99 73 
 54 53 94 32 10 61 
 74 72 28 83 55 87 
 41 80 9 4 29 37 
 9 38 61 3 31 73 
 24 14 43 39 28 81 
 39 40 20 33 65 99 
 35 84 76 59 96 36 
 75 37 86 68 91 43 
 27 30 18 69 62 91 
 91 73 94 66 25 35 
 32 86 55 98 45 11 
 20 42 61 95 48 98 
 94 15 84 51 98 92 
 49 83 74 9 94 27 
 38 34 4 5 3 93 
 64 22 94 73 34 42 
 50 19 46 31 28 9 
 72 80 85 48 1 77 
 67 44 96 21 30 88 
 37 89 74 37 53 7 
 68 52 33 63 38 40 
 5 38 74 59 53 92 
 0 73 60 75 43 78 
 59 52 61 98 14 62 
 43 45 36 90 60 14 
 51 100 79 17 35 75 
 76 9 84 68 28 32 
 28 82 52 88 44 61 
 36 89 91 2 49 62 
 11 67 50 84 10 15 
 97 22 90 27 84 31 
 18 42 82 11 20 85 
 32 68 79 91 71 70 
 23 25 11 57 100 87 
 81 85 91 100 41 68 
 92 90 72 7 4 35 
 66 48 54 100 95 75 
 95 34 15 82 8 52 
 61 13 48 67 92 37 
 64 99 56 23 32 39 
 12 100 25 74 96 62 
 73 59 67 96 25 51 
 10 6 68 83 38 99 
 15 87 90 32 47 15 
 97 7 56 14 21 45 
 9 58 8 30 71 1 
 9 99 65 67 91 78 
 58 52 96 49 80 12 
 89 79 29 80 49 29 
 66 78 37 19 57 23 
 93 51 2 69 10 39 
 36 23 22 17 99 37 
 44 61 30 14 94 99 
 53 71 23 14 83 73 
 38 4 67 92 47 46 
 42 62 73 0 72 8 
 28 56 38 27 73 52 
 61 29 71 37 93 27 
 63 50 61 74 37 6 
 63 46 26 22 4 5 
 53 67 100 91 7 38 
 42 41 32 37 43 74 
 24 84 64 51 4 17 
 49 46 70 24 46 31 
 93 55 64 20 59 59 
 37 69 28 97 32 79 
 2 71 90 98 86 24 
 34 72 23 51 21 36 
 85 74 79 100 17 19 
 14 15 99 57 17 84 
 37 32 57 93 26 54 
 99 28 27 73 20 60 
 80 3 73 62 89 34 
 68 28 30 75 15 78 
 85 86 11 6 73 35 
 99 52 79 32 94 69 
 43 91 3 51 25 16 
 79 91 93 90 90 15 
 49 46 11 39 57 100 
 15 77 26 78 48 31 
 90 49 2 77 83 43 
 36 88 77 49 24 62 
 91 45 67 17 75 40 
 46 17 60 44 11 6 
 38 79 70 23 56 12 
 42 38 6 34 4 61 
 83 78 47 24 37 19 
 62 37 22 11 67 33 
 29 9 8 42 60 72 
 0 18 52 23 6 59 
 34 58 30 47 35 30 
 66 13 60 27 17 66 
 93 69 82 91 82 25 
 85 18 71 63 85 32 
 33 79 8 20 41 72 
 10 30 46 19 10 33 
 78 12 87 67 39 15 
 100 60 32 4 14 87 
 66 43 90 93 85 63 
 26 6 76 94 6 89 
 91 24 45 58 43 21 
 85 91 8 7 26 86 
 95 16 58 76 17 16 
 75 59 25 35 22 53 
 30 78 75 38 90 55 
 99 89 77 22 80 68 
 98 64 81 75 93 90 
 11 20 83 1 67 34 
 84 88 31 60 68 19 
 82 58 84 76 10 59 
 42 29 100 8 2 1 
 52 43 67 57 14 20 
 27 55 32 46 64 51 
 41 36 24 47 34 11 
 47 47 19 97 56 20 
 98 6 100 84 89 96 
 77 42 91 15 20 100 
 20 73 4 91 100 24 
 71 94 66 50 18 89 
 70 76 45 45 21 20 
 25 64 51 36 56 87 
 49 40 59 24 6 92 
 75 8 18 0 15 97 
 86 93 95 93 80 45 
 57 82 73 49 22 22 
 72 83 29 75 52 61 
 90 91 47 4 79 45 
 19 76 48 9 8 62 
 63 93 17 85 64 47 
 8 31 38 44 84 87 
 8 47 32 44 32 77 
 83 96 14 76 83 65 
 10 99 27 85 44 14 
 42 96 19 51 85 56 
 25 80 23 30 31 52 
 81 69 82 94 13 35 
 62 82 78 86 57 82 
 98 75 87 2 48 70 
 16 13 81 72 39 11 
 30 10 38 71 83 5 
 98 43 80 88 100 77 
 33 45 61 97 3 88 
 43 31 47 26 8 6 
 72 30 59 41 47 26 
 79 33 19 28 51 98 
 64 70 45 96 27 24 
 74 5 15 49 1 99 
 30 31 50 48 37 52 
 87 42 18 16 31 46 
 57 26 62 49 14 71 
 31 98 68 34 63 27 
 50 95 7 70 80 34 
 13 41 9 76 34 57 
 75 78 42 59 45 43 
 53 45 79 3 68 6 
 3 99 43 28 52 15 
 0 31 10 92 59 52 
 49 42 57 88 85 40 
 77 72 90 44 46 39 
 92 7 23 43 66 67 
 66 16 29 81 70 43 
 2 33 69 75 96 38 
 86 56 74 55 17 82 
 71 44 27 59 98 81 
 52 97 23 46 77 94 
 65 30 97 43 67 48 
 17 33 13 16 3 59 
 45 79 41 25 31 51 
 21 46 60 43 96 36 
 6 47 26 96 36 60 
 75 72 6 97 65 13 
 19 95 39 91 95 48 
 56 15 16 73 71 1 
 98 58 8 30 71 80 
 83 53 91 46 97 78 
 82 54 46 7 34 20 
 65 36 46 64 4 20 
 85 16 12 17 97 3 
 34 83 75 86 86 90 
 61 33 40 4 66 4 
 10 86 41 81 86 16 
 31 21 44 8 56 41 
 8 91 2 20 60 98 
 81 99 38 45 28 83 
 91 40 16 84 56 3 
 74 78 90 42 48 56 
 89 91 15 13 16 67 
 75 36 56 49 97 90 
 44 3 43 38 78 56 
 23 97 31 0 63 2 
 41 7 61 95 51 74 
 84 1 89 53 27 6 
 6 97 48 29 61 27 
 4 7 95 31 74 100 
 30 99 98 44 90 94 
 80 24 77 15 63 76 
 79 33 46 11 50 58 
 35 67 49 30 10 59 
 60 86 95 70 96 90 
 7 24 8 78 79 92 
 81 21 37 84 64 44 
 14 54 10 98 82 92 
 64 41 100 28 71 15 
 46 7 64 69 28 74 
 89 27 49 25 18 51 
 30 57 30 78 43 85 
 96 8 76 49 42 12 
 77 74 46 19 100 26 
 28 83 94 10 87 63 
 68 51 61 36 65 20 
 77 32 43 57 92 92 
 9 27 23 69 100 3 
 41 38 30 6 20 91 
 87 81 32 4 83 72 
 79 26 19 97 97 57 
 51 30 44 53 54 94 
 65 36 80 23 47 32 
 65 18 46 84 41 89 
 31 44 81 7 34 27 
 99 54 2 77 43 88 
 96 53 16 60 74 97 
 62 81 11 7 3 10 
 59 38 6 86 10 63 
 0 41 57 81 35 35 
 95 64 99 3 74 20 
 1 54 19 77 61 47 
 56 20 21 58 61 51 
 77 76 8 92 51 86 
 6 80 98 97 83 75 
 48 78 98 27 69 49 
 50 26 74 12 56 84 
 27 52 61 55 93 85 
 77 72 87 10 87 85 
 49 20 25 77 20 37 
 62 60 36 23 12 17 
 13 31 96 86 52 65 
 59 62 19 80 91 12 
 44 17 50 74 93 5 
 32 43 40 6 76 98 
 19 47 74 97 63 20 
 56 80 19 83 15 99 
 41 46 59 33 56 84 
 49 3 100 46 1 31 
 19 12 38 33 56 37 
 83 4 75 20 11 77 
 47 74 18 76 98 35 
 43 9 76 13 61 54 
 37 39 31 19 3 8 
 34 4 34 14 22 26 
 25 21 54 6 44 98 
 46 79 76 55 90 68 
 77 15 97 88 66 3 
 5 16 96 83 85 63 
 16 58 90 76 11 14 
 65 44 58 30 15 7 
 47 74 52 27 59 93 
 92 2 41 0 19 68 
 42 69 40 46 99 49 
 47 55 15 5 49 20 
 46 71 58 72 72 74 
 86 80 29 53 86 53 
 7 48 45 77 62 13 
 74 76 94 19 93 82 
 36 97 55 12 100 97 
 4 2 28 97 24 25 
 92 51 67 43 100 8 
 1 96 33 85 95 6 
 90 28 69 88 58 50 
 12 28 81 81 18 56 
 46 97 32 48 67 95 
 59 86 76 64 23 23 
 4 8 36 72 68 2 
 60 72 41 9 22 37 
 16 43 67 64 51 24 
 4 84 5 94 42 42 
 40 37 53 91 17 83 
 74 80 46 42 79 100 
 58 33 23 54 38 65 
 85 23 52 95 23 36 
 53 92 30 16 17 95 
 6 42 73 44 43 95 
 87 5 82 60 100 58 
 90 66 94 76 65 88 
 16 7 55 42 1 46 
 77 51 95 46 97 33 
 7 57 37 89 72 61 
 76 70 69 93 27 66 
 3 88 84 84 22 18 
 62 25 14 14 61 73 
 34 95 59 41 57 19 
 0 83 35 25 29 47 
 85 28 43 98 65 74 
 60 25 29 41 86 28 
 3 49 61 38 25 94 
 26 46 86 31 65 38 
 34 5 36 80 45 37 
 80 59 19 35 53 11 
 23 59 48 53 23 13 
 59 51 28 75 52 22 
 98 49 1 23 28 55 
 50 27 64 31 50 13 
 73 61 53 96 4 17 
 93 18 71 20 41 12 
 4 4 69 82 85 97 
 9 92 24 95 35 18 
 81 50 61 51 7 45 
 78 12 99 73 32 55 
 31 100 55 26 79 27 
 54 61 90 22 78 76 
 9 56 57 45 21 97 
 56 85 87 85 8 33 
 91 70 92 66 40 40 
 45 69 21 38 100 70 
 51 84 18 50 15 60 
 44 72 81 91 37 15 
 12 53 18 36 1 100 
 61 13 90 47 70 32 
 94 41 54 15 57 30 
 6 46 95 79 87 39 
 31 2 88 64 33 25 
 27 82 81 100 27 48 
 37 42 99 39 89 1 
 98 52 58 93 52 7 
 81 68 83 0 36 9 
 19 98 7 19 61 42 
 49 57 12 74 83 30 
 49 86 62 88 26 72 
 88 55 58 45 83 35 
 43 11 5 72 69 89 
 46 23 28 1 82 34 
 83 87 25 73 11 86 
 58 13 69 43 75 3 
 1 71 29 47 45 27 
 12 8 40 45 48 63 
 8 79 41 33 100 86 
 63 97 90 17 5 33 
 4 50 94 90 57 16 
 85 19 1 59 46 86 
 46 89 31 91 65 62 
 63 4 35 45 31 59 
 37 98 11 5 56 42 
 20 56 9 33 10 46 
 44 19 23 29 35 95 
 93 19 83 17 72 26 
 9 33 81 95 63 17 
 48 48 15 88 68 12 
 58 52 40 20 36 91 
 98 10 11 34 40 1 
 64 92 99 76 88 10 
 91 6 59 18 34 9 
 77 55 56 48 72 66 
 44 80 7 13 82 19 
 43 90 6 41 38 42 
 61 81 33 32 24 73 
 96 94 3 51 53 35 
 61 36 14 61 30 80 
 49 61 35 42 35 36 
 0 18 28 39 26 88 
 89 13 77 9 39 62 
 69 52 8 73 54 18 
 43 35 8 52 22 11 
 63 15 40 48 73 18 
 58 9 88 74 10 69 
 4 91 73 44 63 46 
 82 13 75 66 7 79 
 36 69 73 52 2 69 
 25 87 19 18 35 58 
 38 76 51 16 35 89 
 76 87 61 65 85 89 
 39 22 69 97 40 10 
 7 45 37 63 57 5 
 98 7 74 12 89 59 
 37 85 59 46 98 22 
 95 97 34 98 79 11 
 15 63 77 75 66 63 
 69 23 43 69 45 13 
 92 63 3 20 7 62 
 29 77 16 11 77 91 
 22 51 16 32 90 3 
 33 57 33 65 91 60 
 3 39 74 51 29 27 
 5 71 88 13 19 79 
 82 16 23 29 60 22 
 1 36 23 37 61 42 
 15 22 27 31 15 56 
 49 76 58 44 79 78 
 48 97 13 36 87 20 
 21 96 53 86 1 42 
 28 39 77 47 62 29 
 47 45 42 95 35 69 
 25 9 18 0 21 42 
 45 3 46 92 17 72 
 44 17 2 90 69 36 
 91 38 79 66 49 98 
 13 93 18 56 72 36 
 41 93 46 30 71 72 
 40 20 56 75 39 81 
 40 8 56 78 87 20 
 35 73 71 65 10 83 
 22 47 19 4 89 67 
 71 12 4 33 61 45 
 2 37 29 73 88 60 
 59 84 2 17 25 64 
 78 99 58 14 45 20 
 67 81 60 35 65 48 
 29 24 43 51 10 25 
 49 78 43 98 6 12 
 3 1 26 71 24 73 
 60 21 99 98 37 98 
 84 42 29 15 24 35 
 80 82 27 66 54 47 
 95 57 90 12 46 13 
 84 15 55 96 66 47 
 53 88 6 34 83 88 
 44 64 76 17 79 4 
 78 68 44 96 91 79 
 51 62 28 45 14 79 
 38 20 29 27 80 88 
 14 22 23 87 100 66 
 74 7 12 60 22 70 
 58 32 72 10 32 10 
 97 56 99 1 64 36 
 43 71 35 57 57 51 
 95 40 29 19 28 21 
 0 7 10 33 5 8 
 90 32 20 94 38 90 
 48 10 32 61 100 30 
 43 77 58 97 78 71 
 48 43 99 5 77 97 
 23 72 81 69 9 44 
 98 11 49 40 28 52 
 64 82 89 4 12 19 
 22 31 40 74 63 89 
 48 13 37 17 26 72 
 82 94 25 59 64 49 
 1 50 97 18 35 100 
 18 51 33 9 31 72 
 19 30 86 64 31 79 
 90 14 28 38 16 73 
 21 98 23 65 28 37 
 36 17 74 87 10 16 
 36 76 19 92 55 5 
 95 19 98 43 75 34 
 23 100 60 20 19 44 
 66 53 67 30 59 82 
 14 60 12 69 80 59 
 29 29 28 64 41 33 
 57 98 81 37 99 38 
 56 26 30 100 30 88 
 97 21 19 13 29 9 
 33 70 72 80 13 49 
 95 75 42 32 53 5 
 8 49 91 89 12 69 
 31 66 47 14 66 73 
 52 30 19 76 71 92 
 40 67 45 37 30 82 
 88 74 64 46 47 98 
 39 42 7 0 49 70 
 1 60 92 97 62 41 
 75 77 23 54 8 14 
 51 37 51 16 28 27 
 19 46 73 51 12 74 
 84 7 28 18 56 94 
 59 78 33 87 34 48 
 59 5 22 19 86 56 
 50 54 90 31 45 50 
 69 12 65 57 66 78 
 20 86 94 64 47 66 
 5 62 51 81 75 25 
 69 54 58 43 59 100 
 75 86 91 21 83 44 
 25 69 2 85 66 40 
 48 59 68 26 30 57 
 89 98 78 56 62 43 
 62 76 82 18 40 55 
 90 53 34 81 20 73 
 55 99 36 51 71 67 
 6 9 52 93 19 53 
 1 24 22 87 80 75 
 85 61 79 52 63 6 
 15 18 36 31 90 6 
 79 10 17 76 40 77 
 22 100 77 67 59 31 
 19 12 85 63 86 27 
 75 64 53 45 4 19 
 8 8 33 62 13 22 
 36 3 79 92 89 33 
 15 99 80 64 27 18 
 90 36 20 38 36 93 
 66 73 85 84 99 99 
 85 7 26 45 10 49 
 0 55 95 86 84 65 
 18 15 87 76 21 74 
 8 20 72 41 50 14 
 39 22 12 18 85 26 
 34 92 80 86 38 67 
 67 28 92 39 92 52 
 47 99 24 28 86 5 
 93 79 60 9 53 44 
 11 35 11 91 83 43 
 27 90 16 61 13 96 
 17 16 65 65 12 50 
 19 48 60 66 93 83 
 59 70 2 42 91 55 
 90 39 55 13 85 56 
 47 97 20 14 100 39 
 13 18 84 28 56 18 
 50 69 18 19 27 17 
 89 67 65 11 79 60 
 10 7 20 1 35 20 
 55 98 88 61 58 62 
 17 39 1 72 9 67 
 52 32 14 32 23 68 
 47 64 15 46 46 14 
 3 59 42 12 1 59 
 81 12 54 35 49 19 
 26 47 61 6 86 59 
 59 39 56 76 24 83 
 35 68 65 100 91 58 
 72 67 48 62 23 88 
 35 93 46 48 47 11 
 78 36 86 64 65 63 
 90 27 13 49 40 1 
 3 49 28 19 88 3 
 33 70 55 0 51 41 
 92 98 51 38 4 5 
 4 78 81 70 52 67 
 71 61 29 69 23 37 
 20 75 84 51 47 89 
 96 44 27 16 24 15 
 96 28 81 98 53 13 
 71 27 11 61 26 38 
 9 3 59 75 86 60 
 95 45 44 13 20 98 
 29 44 3 82 42 79 
 19 39 4 61 46 83 
 7 98 64 53 54 13 
 7 65 33 25 20 46 
 21 17 60 94 65 94 
 97 44 44 1 55 71 
 43 93 35 17 55 42 
 92 74 39 63 68 20 
 51 39 85 19 74 42 
 83 90 72 68 75 75 
 35 60 28 69 80 51 
 46 56 40 32 80 50 
 82 32 93 16 91 73 
 49 61 58 58 5 53 
 58 55 7 94 77 87 
 61 94 62 84 80 95 
 48 29 72 89 56 37 
 15 52 53 68 97 21 
 87 86 15 79 46 11 
 75 34 30 24 54 81 
 52 89 54 58 39 60 
 89 89 60 63 60 22 
 77 89 74 47 43 61 
 89 46 5 1 95 51 
 0 63 19 11 72 33 
 43 62 67 7 93 47 
 95 55 73 14 59 26 
 33 94 26 23 86 92 
 45 15 2 90 99 31 
 72 99 10 39 9 9 
 2 46 92 83 26 32 
 14 48 73 50 42 16 
 60 93 54 2 29 81 
 54 63 31 59 25 27 
 43 49 43 39 94 71 
 88 88 41 47 85 50 
 68 27 17 97 56 46 
 31 24 100 26 86 36 
 7 80 64 34 67 89 
 92 73 19 20 92 98 
 12 78 15 56 79 29 
 72 74 21 100 14 6 
 33 8 82 44 37 4 
 10 91 99 13 33 67 
 48 47 93 23 53 80 
 33 22 51 15 25 47 
 23 54 76 60 97 26 
 76 42 84 21 30 66 
 46 24 72 14 12 40 
 73 17 10 68 98 15 
 57 25 40 71 80 20 
 53 75 68 60 65 71 
 37 20 91 8 100 6 
 77 100 71 34 39 15 
 96 3 14 41 14 50 
 27 22 72 53 20 55 
 98 42 13 92 8 60 
 86 41 63 0 41 94 
 69 88 18 35 24 78 
 24 11 45 73 32 83 
 65 92 19 79 9 89 
 42 28 15 92 2 53 
 78 59 24 49 47 3 
 32 61 1 22 54 7 
 49 89 58 27 84 48 
 22 23 18 58 57 85 
 50 39 89 31 84 57 
 7 87 40 11 86 28 
 85 48 3 90 42 74 
 43 5 65 84 10 34 
 71 90 61 73 15 57 
 48 7 76 26 16 69 
 60 47 19 99 89 89 
 10 50 67 52 73 39 
 8 51 46 84 5 1 
 6 29 26 61 56 13 
 28 49 80 90 65 84 
 4 45 84 42 19 36 
 71 1 41 25 71 41 
 18 46 9 31 11 3 
 51 68 55 86 11 98 
 55 94 30 85 88 90 
 80 29 87 77 92 51 
 88 42 37 15 50 47 
 39 38 72 91 54 73 
 90 7 17 49 27 66 
 8 44 69 93 79 63 
 51 8 45 78 9 17 
 51 61 17 72 90 27 
 1 15 65 49 77 17 
 90 92 84 92 19 41 
 0 33 70 2 53 84 
 45 50 20 32 63 7 
 82 75 93 19 70 72 
 6 41 64 78 34 59 
 45 14 2 55 5 28 
 97 50 69 53 100 12 
 27 31 61 55 11 99 
 26 21 27 9 94 73 
 86 88 25 93 18 88 
 74 12 39 46 69 50 
 49 17 4 18 13 71 
 73 55 28 34 12 28 
 13 68 79 97 23 59 
 34 65 45 14 45 99 
 49 33 94 69 60 63 
 6 69 48 90 62 72 
 67 87 36 93 57 67 
 6 1 46 57 87 57 
 54 52 89 34 13 75 
 60 76 5 59 49 25 
 100 98 83 38 67 33 
 14 67 46 32 17 88 
 61 41 91 84 8 6 
 1 54 42 65 27 88 
 62 27 97 6 79 58 
 35 96 73 34 48 68 
 1 81 17 12 5 75 
 50 75 83 3 11 76 
 31 45 88 54 48 18 
 55 56 6 31 21 26 
 26 93 100 74 66 83 
 44 6 54 5 74 57 
 9 72 32 97 65 98 
 11 94 33 0 29 23 
 42 56 24 12 4 70 
 90 30 53 37 39 76 
 86 6 22 56 97 15 
 58 72 6 67 26 39 
 76 93 38 4 100 76 
 64 9 15 31 43 71 
 27 12 28 27 5 50 
 15 17 42 81 5 50 
 17 75 30 23 68 27 
 25 43 16 12 40 29 
 41 78 100 20 53 65 
 3 99 56 35 49 28 
 54 93 6 24 93 92 
 6 68 88 99 66 61 
 31 1 26 49 26 60 
 24 3 51 63 66 87 
 90 94 29 2 30 70 
 62 36 83 66 64 43 
 19 93 70 76 90 85 
 94 33 28 32 90 86 
 11 78 36 1 12 3 
 27 29 48 22 86 97 
 31 53 64 28 30 31 
 31 3 38 1 62 40 
 77 97 33 39 61 68 
 73 59 93 48 51 4 
 84 43 88 52 29 7 
 66 91 20 53 1 60 
 24 30 68 5 2 43 
 42 98 42 11 79 37 
 93 29 46 6 19 49 
 60 12 39 44 20 62 
 18 51 72 69 70 29 
 0 3 12 12 75 93 
 57 17 26 99 84 80 
 3 28 24 13 91 43 
 86 3 98 64 75 6 
 63 65 72 81 13 50 
 87 23 79 19 82 70 
 25 2 100 59 6 86 
 77 98 5 98 74 31 
 71 71 19 66 8 68 
 84 30 25 80 86 42 
 13 69 51 50 50 90 
 17 35 96 45 14 14 
 98 7 7 63 39 78 
 35 80 72 6 30 4 
 76 26 47 36 45 62 
 2 38 84 45 34 89 
 8 74 87 70 3 3 
 50 32 69 61 27 52 
 34 80 13 78 58 6 
 23 41 44 17 79 48 
 48 11 57 44 47 17 
 99 52 64 60 75 68 
 60 23 55 93 5 1 
 96 85 41 86 36 87 
 97 47 2 79 55 41 
 13 18 84 44 19 92 
 68 22 50 10 23 15 
 97 93 76 23 13 67 
 7 47 45 96 97 70 
 46 15 20 25 83 76 
 17 6 69 75 39 97 
 77 20 25 74 62 17 
 94 41 15 38 33 88 
 2 23 3 0 95 80 
 81 7 78 64 28 82 
 46 54 34 46 94 24 
 67 94 96 75 75 10 
 91 49 44 36 19 30 
 94 8 99 70 74 38 
 26 88 17 7 81 87 
 11 58 21 43 46 29 
 56 98 8 32 79 31 
 48 31 46 16 27 93 
 75 52 66 83 73 79 
 70 89 41 59 85 22 
 84 37 56 90 64 53 
 22 99 22 39 40 70 
 24 55 61 17 30 100 
 58 93 66 66 20 46 
 87 53 18 74 9 20 
 60 38 96 97 29 29 
 96 20 17 12 77 60 
 64 50 43 68 32 15 
 14 70 41 5 38 12 
 18 57 27 75 8 96 
 60 14 23 5 23 92 
 89 63 72 10 38 44 
 26 22 67 32 89 5 
 7 46 71 80 26 84 
 63 93 13 57 88 52 
 15 81 93 20 86 20 
 80 59 95 83 58 76 
 2 88 23 30 30 89 
 100 9 35 63 82 52 
 92 48 61 46 29 83 
 69 2 38 75 87 4 
 43 18 53 42 12 95 
 0 33 20 94 25 59 
 23 79 60 57 79 8 
 44 42 90 41 43 45 
 33 49 81 10 54 59 
 72 53 92 40 73 78 
 27 98 48 84 100 81 
 54 49 2 52 33 14 
 76 55 16 70 32 12 
 22 64 27 72 72 20 
 91 79 87 7 64 44 
 94 36 30 12 14 16 
 96 3 46 75 17 12 
 31 42 12 57 4 18 
 64 49 19 34 57 82 
 58 6 42 17 7 2 
 84 48 8 19 83 36 
 68 4 10 90 45 88 
 73 86 84 87 26 49 
 40 94 31 12 49 86 
 1 69 13 19 74 12 
 24 74 33 18 33 22 
 27 1 90 17 42 53 
 43 46 89 51 40 63 
 20 27 91 60 56 46 
 36 38 71 95 8 9 
 79 87 32 8 91 42 
 24 92 3 91 45 2 
 21 16 78 90 13 60 
 23 43 79 63 96 12 
 74 23 97 25 75 46 
 91 61 7 29 47 71 
 41 30 52 90 90 77 
 76 5 62 35 84 56 
 12 80 33 0 41 8 
 19 44 29 81 17 48 
 99 12 92 12 60 79 
 50 49 28 2 87 31 
 26 30 31 57 92 80 
 15 24 73 60 94 29 
 61 10 92 93 66 98 
 74 32 76 5 50 64 
 97 33 1 96 16 62 
 25 56 96 13 95 18 
 39 21 42 2 16 81 
 34 84 17 76 79 94 
 10 48 18 45 59 15 
 29 75 1 3 21 26 
 20 96 36 66 29 62 
 26 65 94 70 34 26 
 98 53 48 99 3 29 
 56 57 96 38 51 84 
 81 16 58 100 47 84 
 43 16 5 73 100 28 
 69 69 34 37 92 94 
 30 64 10 89 47 1 
 67 29 29 75 67 22 
 1 86 78 29 70 46 
 85 9 18 16 44 89 
 97 37 31 94 71 68 
 89 72 84 59 62 48 
 12 70 33 62 89 66 
 49 2 64 80 94 67 
 30 44 25 37 23 35 
 76 26 82 90 23 61 
 56 58 86 49 8 69 
 48 23 21 4 67 24 
 45 24 75 81 20 41 
 0 65 2 48 41 16 
 75 41 54 55 82 59 
 14 56 16 60 10 48 
 94 21 85 12 42 56 
 58 58 100 19 81 52 
 35 45 78 58 38 48 
 42 83 93 64 30 83 
 5 50 40 5 70 6 
 99 38 70 55 51 49 
 71 44 79 70 30 91 
 47 6 67 44 90 47 
 5 91 43 42 60 65 
 40 16 61 93 68 2 
 81 45 15 48 82 11 
 81 95 24 75 14 70 
 70 11 20 81 18 66 
 19 91 92 64 94 28 
 41 91 69 28 96 14 
 7 67 17 8 31 10 
 81 95 11 77 34 31 
 20 54 70 32 88 87 
 46 36 50 14 12 64 
 17 60 25 5 54 63 
 81 72 68 33 73 41 
 68 39 23 68 20 71 
 48 73 98 90 36 98 
 34 25 89 76 82 3 
 49 13 98 99 91 48 
 52 5 64 41 57 12 
 6 83 9 22 25 91 
 43 27 20 72 28 86 
 73 36 10 54 74 78 
 7 78 50 12 93 7 
 94 8 65 0 2 10 
 55 88 6 67 65 27 
 71 9 25 83 17 35 
 44 81 48 39 78 44 
 51 98 34 97 97 95 
 99 71 28 72 57 60 
 71 68 2 62 45 21 
 96 79 18 99 3 90 
 85 48 33 67 4 5 
 25 76 74 74 20 99 
 90 9 34 43 64 5 
 91 63 34 42 24 59 
 62 79 9 96 39 43 
 31 70 95 12 53 10 
 36 42 88 13 7 24 
 39 4 1 32 16 28 
 3 51 83 63 13 28 
 56 50 19 53 78 20 
 49 12 30 82 54 1 
 61 64 13 76 88 49 
 45 41 98 65 88 9 
 34 96 79 57 72 62 
 68 57 5 58 87 2 
 31 16 29 52 64 18 
 47 94 72 18 59 1 
 6 17 83 20 38 46 
 75 11 42 53 84 91 
 96 32 46 13 11 36 
 47 23 55 54 21 2 
 89 12 75 37 84 4 
 85 47 66 4 21 72 
 3 62 54 91 32 8 
 8 81 93 24 20 4 
 57 78 25 19 2 2 
 0 97 45 54 12 31 
 85 41 2 24 57 34 
 70 55 85 55 57 15 
 14 64 9 72 100 32 
 34 35 93 66 71 38 
 23 60 54 13 67 15 
 26 34 18 3 89 28 
 29 21 57 23 43 4 
 83 31 6 50 31 40 
 53 23 73 6 61 83 
 62 25 91 16 88 69 
 73 9 48 84 75 44 
 41 3 18 55 17 99 
 61 26 6 28 28 63 
 39 66 1 32 85 16 
 44 90 39 76 88 1 
 57 38 47 57 93 31 
 77 97 7 87 98 24 
 99 70 97 81 90 71 
 46 28 100 30 37 75 
 19 16 14 81 39 41 
 6 58 29 40 50 88 
 73 46 1 51 18 35 
 71 48 28 100 8 59 
 87 60 93 95 55 90 
 97 81 10 50 88 79 
 38 26 45 79 11 98 
 85 71 1 43 80 95 
 97 26 40 84 85 33 
 68 5 18 4 67 7 
 58 74 49 88 18 38 
 61 14 20 70 47 11 
 32 70 17 64 59 44 
 48 10 97 0 81 11 
 23 49 88 30 13 99 
 32 79 28 7 100 42 
 17 5 84 97 83 44 
 92 47 87 62 69 12 
 63 51 44 16 19 35 
 87 37 96 24 76 73 
 53 47 75 2 48 31 
 11 60 98 23 62 44 
 79 27 27 47 38 63 
 13 34 2 97 92 76 
 31 66 63 38 21 46 
 88 45 91 80 27 20 
 61 19 26 25 61 93 
 15 81 78 64 43 20 
 70 69 19 33 67 27 
 90 62 83 4 100 15 
 52 92 2 12 2 11 
 49 94 10 22 20 30 
 12 98 28 14 74 13 
 26 10 48 39 20 5 
 7 56 42 7 56 83 
 87 12 27 70 3 78 
 58 21 37 35 46 50 
 95 26 30 28 88 82 
 13 82 45 82 80 27 
 79 37 26 55 97 61 
 18 62 94 6 16 48 
 69 15 48 76 60 54 
 39 93 28 53 71 79 
 66 95 61 86 61 26 
 43 79 100 51 72 52 
 95 45 63 90 26 28 
 23 29 41 55 45 81 
 0 5 41 30 39 48 
 44 59 50 81 77 33 
 1 47 1 85 11 6 
 28 10 77 9 61 51 
 51 8 32 75 36 14 
 53 42 100 79 92 20 
 80 23 66 31 64 81 
 95 87 39 83 81 1 
 84 52 69 29 97 25 
 53 41 36 91 80 53 
 61 41 23 40 64 31 
 62 55 65 54 65 65 
 58 5 87 44 10 72 
 84 24 59 91 75 47 
 46 34 31 20 10 52 
 34 11 87 39 77 92 
 41 59 50 79 84 61 
 19 79 28 57 22 54 
 77 24 73 96 83 66 
 15 99 47 1 87 46 
 25 50 1 61 40 29 
 64 39 98 55 94 11 
 34 50 50 40 2 44 
 1 25 56 27 56 74 
 42 14 4 34 37 7 
 9 61 76 74 32 3 
 98 17 10 6 3 86 
 88 48 96 85 52 100 
 66 34 2 65 32 67 
 63 45 16 31 51 80 
 38 72 35 66 30 37 
 41 67 55 73 7 30 
 99 82 79 81 16 88 
 54 11 5 0 66 67 
 4 42 91 6 100 69 
 25 81 55 48 72 5 
 11 30 50 21 99 71 
 62 78 57 88 29 89 
 54 43 45 29 90 81 
 64 12 30 43 80 4 
 12 78 7 2 25 65 
 16 47 78 92 46 96 
 47 72 38 29 44 74 
 14 91 77 31 49 79 
 50 97 50 57 74 44 
 1 95 38 30 86 48 
 9 64 46 40 11 91 
 79 91 47 98 43 33 
 26 1 78 71 53 93 
 89 22 30 12 25 95 
 29 66 46 90 94 41 
 12 46 69 11 9 78 
 42 66 77 19 3 91 
 87 57 6 60 6 33 
 88 88 7 9 83 99 
 24 43 78 68 76 84 
 62 42 75 7 63 42 
 23 84 81 85 8 2 
 62 27 44 57 7 74 
 88 87 50 59 31 16 
 97 98 37 85 75 88 
 24 47 11 21 18 100 
 28 100 85 19 29 74 
 77 29 25 88 8 49 
 43 51 50 71 73 32 
 82 53 84 46 60 17 
 75 6 12 23 41 66 
 0 51 19 89 45 25 
 33 1 53 7 30 74 
 84 79 35 4 57 57 
 21 45 95 70 50 64 
 72 74 64 55 39 68 
 55 98 39 62 38 40 
 93 56 42 4 75 1 
 45 74 45 85 78 86 
 69 21 10 66 87 73 
 51 28 64 15 74 1 
 86 34 4 88 25 91 
 69 9 48 47 58 51 
 91 60 88 76 65 69 
 20 99 24 64 31 92 
 56 72 76 32 36 36 
 50 39 89 34 82 25 
 9 7 82 15 93 13 
 29 9 72 74 9 8 
 20 60 22 3 96 31 
 83 83 14 77 36 96 
 18 85 3 58 60 32 
 33 9 10 73 4 83 
 17 98 42 6 88 25 
 76 61 69 23 97 14 
 68 95 37 86 12 28 
 73 27 52 61 77 88 
 45 71 7 93 35 32 
 68 82 23 5 43 63 
 72 97 82 91 32 76 
 81 100 76 53 94 55 
 52 98 77 16 14 61 
 14 83 75 37 80 54 
 57 48 41 67 31 49 
 30 67 51 0 76 10 
 92 51 30 12 2 37 
 35 73 56 1 8 24 
 39 97 46 67 20 34 
 49 51 98 83 17 38 
 46 6 61 44 73 63 
 21 15 80 52 52 64 
 30 67 59 14 3 89 
 37 56 56 17 15 92 
 69 61 37 65 85 84 
 96 31 28 26 57 94 
 15 97 60 58 36 71 
 66 95 20 73 29 11 
 62 73 48 95 37 2 
 94 31 64 92 55 67 
 50 53 6 5 76 1 
 36 31 60 30 60 10 
 58 35 28 88 76 23 
 60 50 16 73 8 64 
 58 59 46 54 76 60 
 85 21 80 98 59 41 
 7 10 56 88 72 90 
 31 43 42 37 58 42 
 45 54 54 24 12 40 
 63 29 45 72 38 81 
 68 28 68 61 91 79 
 24 73 98 50 43 30 
 78 30 8 4 59 22 
 5 73 90 42 52 7 
 33 48 70 30 8 86 
 26 58 22 13 58 28 
 39 29 59 65 93 39 
 3 34 79 99 54 65 
 85 88 39 4 19 76 
 0 49 30 60 63 61 
 100 37 60 13 31 60 
 30 30 53 64 17 38 
 6 40 97 67 58 72 
 87 61 11 5 74 10 
 22 53 70 40 84 19 
 14 74 85 69 17 73 
 5 98 69 16 50 45 
 10 95 97 100 82 82 
 48 48 68 73 56 2 
 21 36 40 59 6 82 
 29 57 50 85 66 26 
 20 70 21 48 35 89 
 17 6 14 13 45 24 
 89 55 56 100 63 50 
 9 22 55 20 71 69 
 81 12 71 84 90 44 
 88 12 58 50 57 92 
 64 18 58 41 66 42 
 35 96 2 66 4 19 
 82 25 44 89 68 27 
 60 32 79 64 12 34 
 97 34 2 10 91 28 
 53 91 81 82 84 20 
 39 67 6 69 11 29 
 66 88 72 66 73 34 
 97 90 99 60 89 83 
 14 26 62 23 31 75 
 88 38 79 9 43 99 
 92 53 46 45 11 93 
 97 27 22 69 26 92 
 19 76 28 46 8 12 
 55 27 41 30 48 42 
 89 10 49 0 14 19 
 36 85 27 26 67 39 
 26 61 25 53 5 78 
 93 98 47 36 50 59 
 91 89 14 70 22 100 
 98 97 21 14 10 92 
 53 94 35 89 38 72 
 21 63 79 1 25 29 
 93 58 26 91 9 4 
 71 27 97 34 57 22 
 82 24 7 28 99 16 
 58 61 67 46 14 26 
 7 47 72 72 7 40 
 87 64 46 52 74 80 
 88 56 27 21 52 87 
 36 44 61 21 84 87 
 4 74 18 22 51 42 
 6 76 30 42 59 45 
 99 8 18 99 49 57 
 85 3 15 46 89 70 
 27 36 9 25 27 66 
 49 69 76 26 71 83 
 75 33 18 40 22 20 
 5 14 59 40 95 19 
 64 2 12 4 74 14 
 17 58 65 32 19 72 
 45 31 54 1 60 61 
 73 84 72 28 96 22 
 16 70 44 42 8 8 
 2 98 51 7 86 83 
 63 18 78 19 12 23 
 33 19 70 86 24 94 
 44 92 82 71 2 13 
 44 91 45 92 30 14 
 0 30 29 85 12 22 
 24 97 20 73 64 20 
 26 36 16 46 28 6 
 79 54 26 96 6 32 
 91 6 42 64 88 34 
 22 85 79 47 74 18 
 25 67 86 2 9 86 
 57 15 3 59 18 9 
 3 97 25 60 45 15 
 19 50 37 35 47 78 
 17 21 47 24 72 40 
 93 64 14 16 83 52 
 77 82 93 73 14 98 
 71 86 41 34 78 47 
 41 81 67 53 61 99 
 11 77 100 70 15 82 
 19 49 1 51 94 49 
 1 7 31 86 17 79 
 40 11 95 7 40 11 
 35 65 44 100 38 96 
 2 24 77 90 29 50 
 42 69 80 19 38 49 
 51 58 95 30 76 81 
 6 92 94 59 54 13 
 81 14 22 99 15 87 
 71 42 48 31 87 91 
 85 26 35 53 7 37 
 29 50 12 19 61 41 
 20 62 33 44 86 48 
 31 35 15 56 71 46 
 18 37 94 79 72 6 
 13 24 42 12 59 9 
 24 99 59 6 25 51 
 60 19 30 0 54 40 
 38 51 6 4 5 94 
 59 10 36 41 35 59 
 96 59 52 61 50 13 
 18 38 40 49 32 22 
 49 82 8 18 23 64 
 2 85 11 31 55 4 
 24 88 32 74 42 54 
 67 21 86 3 7 53 
 88 39 48 41 64 37 
 66 71 31 81 33 42 
 69 46 24 45 71 37 
 4 14 89 43 89 77 
 100 20 96 94 15 54 
 54 16 59 25 93 48 
 32 17 92 51 85 98 
 84 37 62 57 15 26 
 79 60 58 91 66 53 
 11 25 93 40 88 94 
 63 85 28 27 43 5 
 20 88 58 60 27 63 
 31 5 91 26 99 17 
 90 30 14 22 55 40 
 84 46 78 54 13 11 
 50 34 55 26 29 80 
 99 36 66 51 99 82 
 61 25 54 87 84 50 
 54 40 55 35 29 69 
 36 32 41 63 69 90 
 6 45 65 43 40 72 
 48 73 85 20 26 9 
 6 22 91 67 90 60 
 14 25 57 32 50 100 
 33 30 63 36 29 54 
 0 4 75 19 18 26 
 40 46 40 37 68 20 
 64 90 86 62 49 51 
 96 12 94 85 39 13 
 96 99 35 59 26 8 
 45 36 49 61 27 51 
 42 83 26 10 19 64 
 85 28 15 68 1 26 
 58 81 29 4 64 61 
 43 47 85 34 64 59 
 55 81 72 55 54 65 
 93 39 39 43 93 83 
 60 11 68 27 18 27 
 59 37 74 60 79 12 
 64 18 85 7 33 88 
 80 40 98 32 2 61 
 42 35 51 65 93 71 
 96 20 10 16 81 6 
 93 64 2 39 53 56 
 2 86 63 82 24 16 
 98 62 52 76 92 39 
 59 81 74 38 20 67 
 89 19 76 25 33 19 
 41 1 19 63 49 71 
 95 72 91 23 75 79 
 76 90 4 51 34 89 
 2 81 70 34 23 82 
 89 69 89 37 72 93 
 75 94 80 77 38 11 
 48 36 43 51 26 75 
 23 89 41 56 43 94 
 41 79 56 83 34 79 
 81 69 1 12 61 85 
 85 40 4 0 59 50 
 85 61 48 98 52 54 
 88 29 64 33 60 32 
 6 24 57 42 30 86 
 36 80 19 58 54 61 
 56 82 94 74 13 9 
 50 28 71 20 71 66 
 67 65 31 30 98 74 
 27 98 69 23 74 60 
 18 13 90 59 3 57 
 55 68 81 11 28 26 
 77 70 99 98 52 43 
 75 96 86 37 65 12 
 87 69 77 6 14 26 
 69 2 61 4 90 34 
 71 22 44 90 55 96 
 63 74 23 13 83 86 
 94 41 44 84 31 71 
 76 88 79 90 30 43 
 40 63 31 48 68 61 
 72 45 15 95 79 16 
 51 89 8 23 73 48 
 42 98 20 35 96 40 
 89 96 56 40 14 12 
 28 15 10 69 7 56 
 82 56 42 56 64 16 
 2 94 42 78 55 97 
 9 85 84 10 91 43 
 10 17 96 80 98 62 
 34 5 73 41 99 12 
 34 84 86 42 64 97 
 86 96 43 50 16 17 
 70 28 77 25 53 2 
 100 27 12 38 75 59 
 0 22 80 6 99 70 
 23 38 16 82 91 19 
 37 41 31 50 11 58 
 25 34 70 82 33 5 
 59 34 90 2 65 48 
 65 60 48 71 19 7 
 71 76 64 56 9 54 
 68 74 59 49 6 3 
 33 73 98 33 31 99 
 38 100 93 42 52 2 
 33 43 93 100 36 57 
 8 21 42 61 87 5 
 75 91 27 20 55 10 
 18 1 59 28 90 18 
 49 72 34 35 41 29 
 29 38 21 94 63 51 
 36 44 37 43 18 94 
 21 98 75 47 83 97 
 43 87 60 23 62 48 
 84 42 100 86 49 38 
 51 42 14 91 54 28 
 62 23 54 60 38 39 
 76 46 36 22 39 56 
 1 82 41 65 14 45 
 78 48 76 52 13 65 
 87 33 98 78 3 54 
 100 37 42 100 97 11 
 2 74 30 85 38 24 
 97 13 5 72 18 93 
 5 74 92 51 92 28 
 78 15 3 75 45 49 
 60 35 55 7 33 81 
 7 37 37 26 22 51 
 19 50 22 0 16 71 
 42 48 8 22 20 44 
 72 47 34 78 84 92 
 87 53 70 44 40 9 
 19 82 41 52 50 43 
 6 97 10 49 8 70 
 55 5 17 40 14 41 
 37 28 83 93 88 61 
 42 88 86 32 41 44 
 49 17 59 40 2 10 
 74 71 6 51 53 40 
 75 76 89 5 5 83 
 6 34 96 41 61 76 
 72 33 46 19 89 58 
 35 28 40 87 84 32 
 36 2 17 62 62 89 
 62 8 5 5 53 27 
 65 5 34 52 9 67 
 39 82 1 73 83 17 
 76 49 83 81 92 71 
 82 47 5 23 35 72 
 7 88 81 27 27 24 
 100 66 88 32 48 63 
 97 17 47 96 44 65 
 8 21 62 45 69 93 
 63 49 39 100 3 67 
 56 23 25 88 90 50 
 82 59 49 24 46 64 
 86 77 83 74 36 69 
 58 46 77 84 80 47 
 45 15 34 58 98 75 
 33 28 10 44 85 100 
 1 55 30 35 60 67 
 24 6 18 85 80 16 
 0 5 73 76 97 44 
 65 91 92 85 83 77 
 21 81 34 79 50 73 
 23 71 97 76 74 81 
 91 93 12 95 57 37 
 71 12 59 31 30 63 
 82 65 42 80 98 57 
 62 22 86 29 38 39 
 55 30 71 95 42 12 
 99 21 29 1 23 15 
 51 58 33 68 51 90 
 35 38 38 91 47 36 
 7 65 70 53 92 38 
 98 100 90 93 64 75 
 43 29 99 40 16 78 
 36 19 58 54 88 97 
 58 66 67 28 68 32 
 50 82 14 73 94 81 
 28 23 31 33 31 29 
 21 71 9 40 64 15 
 67 60 31 44 67 51 
 78 3 35 78 69 46 
 34 56 72 49 43 56 
 61 88 44 91 73 64 
 12 96 30 78 55 28 
 54 51 4 63 85 54 
 35 69 69 47 62 84 
 19 47 56 15 75 76 
 80 89 9 30 97 7 
 86 89 15 92 59 72 
 64 10 49 2 48 81 
 55 42 47 48 74 73 
 13 39 97 4 26 61 
 6 71 5 0 2 93 
 96 23 75 84 51 15 
 79 66 87 92 79 97 
 16 25 67 18 49 6 
 38 96 28 60 26 69 
 59 63 56 98 41 40 
 75 51 75 65 21 49 
 17 36 79 87 96 39 
 6 52 44 85 60 69 
 49 36 9 82 99 87 
 64 12 18 34 25 88 
 50 95 50 3 15 10 
 65 84 84 86 22 33 
 81 14 4 25 85 27 
 5 21 27 23 72 78 
 44 36 38 48 87 7 
 63 21 48 35 25 92 
 13 17 50 16 29 12 
 62 43 57 94 79 9 
 37 41 23 67 56 92 
 52 22 13 32 100 55 
 64 66 89 48 52 58 
 93 58 40 94 76 6 
 84 35 87 49 16 99 
 47 32 39 97 29 93 
 89 16 90 5 40 12 
 16 24 17 36 91 91 
 11 64 10 8 74 63 
 48 94 45 46 88 71 
 23 28 38 96 2 2 
 45 6 75 91 81 87 
 94 48 57 17 1 72 
 84 56 31 26 20 5 
 40 48 99 42 73 2 
 0 45 22 45 22 16 
 84 75 66 9 51 58 
 22 80 45 66 15 63 
 91 14 25 70 75 41 
 80 54 33 51 21 52 
 66 79 58 56 78 39 
 46 37 32 18 93 63 
 26 70 32 42 83 70 
 68 25 49 93 36 1 
 1 71 77 25 56 85 
 64 3 89 68 95 84 
 38 54 79 71 18 50 
 30 14 10 87 100 83 
 57 6 63 1 32 35 
 83 21 65 7 52 58 
 95 42 87 9 10 22 
 4 2 47 89 95 67 
 45 46 35 28 90 30 
 20 3 11 55 46 37 
 56 83 22 27 94 55 
 40 8 49 13 14 11 
 51 3 54 84 92 48 
 24 10 39 87 38 90 
 12 29 96 55 57 72 
 26 5 71 93 5 44 
 19 87 77 35 60 68 
 32 87 67 51 33 31 
 55 76 78 19 37 23 
 74 72 72 18 67 44 
 90 53 14 67 6 49 
 10 31 21 39 15 5 
 85 5 79 1 60 61 
 73 94 46 98 70 48 
 76 93 45 0 93 31 
 74 28 22 26 92 65 
 34 60 59 37 59 30 
 62 22 4 50 33 25 
 64 47 43 96 22 87 
 19 80 80 46 30 87 
 75 42 27 58 30 29 
 95 35 69 60 17 86 
 69 43 84 1 73 81 
 55 17 23 22 21 81 
 54 10 51 12 8 70 
 90 64 91 12 87 64 
 48 83 7 19 80 58 
 32 59 69 3 78 27 
 33 94 47 72 95 12 
 30 28 84 22 16 51 
 14 11 51 46 73 48 
 68 86 62 46 31 9 
 59 89 15 65 37 68 
 16 20 59 99 84 14 
 13 51 7 73 67 44 
 15 43 76 45 9 17 
 20 50 71 91 3 62 
 81 50 2 82 16 67 
 36 34 75 27 62 89 
 75 71 36 76 95 66 
 6 54 95 79 50 4 
 78 38 17 79 98 93 
 80 28 10 40 81 56 
 67 27 99 78 2 26 
 63 44 54 26 85 78 
 14 84 11 11 35 8 
 30 25 64 59 40 52 
 23 8 97 96 22 93 
 0 92 17 44 49 53 
 57 71 5 3 84 21 
 28 7 31 3 59 17 
 11 12 32 78 28 65 
 44 29 55 27 32 10 
 19 54 30 47 72 69 
 20 40 96 87 26 21 
 99 27 64 13 75 20 
 11 52 69 39 99 94 
 30 72 90 94 76 59 
 54 54 76 22 91 39 
 63 99 22 56 77 4 
 3 92 61 61 65 20 
 1 80 52 37 51 64 
 57 7 94 50 13 100 
 70 100 54 76 12 54 
 64 41 59 56 59 45 
 40 65 16 46 94 12 
 16 73 71 56 7 79 
 1 65 28 80 90 79 
 84 59 80 15 72 78 
 56 19 35 86 46 54 
 33 41 20 49 32 35 
 70 71 87 13 45 72 
 1 4 67 17 32 43 
 89 43 23 95 11 63 
 84 17 12 44 82 33 
 27 82 59 1 69 20 
 69 94 28 16 31 59 
 55 39 65 36 59 30 
 12 44 64 97 6 30 
 4 24 30 53 20 10 
 37 54 38 22 44 23 
 45 31 92 0 53 82 
 5 7 2 79 80 51 
 41 37 65 92 14 87 
 99 82 95 66 36 27 
 23 19 50 22 36 58 
 55 24 68 29 82 11 
 37 17 83 23 47 71 
 14 24 53 51 73 100 
 18 86 22 16 86 56 
 91 54 32 74 80 56 
 87 84 65 86 10 57 
 23 49 5 97 73 66 
 51 31 59 48 57 13 
 69 81 80 100 11 44 
 52 36 87 65 24 24 
 39 37 70 27 74 78 
 100 4 7 17 50 51 
 63 77 8 95 49 51 
 8 97 64 67 62 18 
 61 15 78 79 69 4 
 78 20 44 2 31 78 
 91 38 14 68 65 66 
 43 73 72 73 79 65 
 46 30 93 20 16 72 
 57 83 35 69 82 58 
 11 42 42 93 23 37 
 5 33 10 49 87 84 
 71 46 69 36 19 82 
 4 56 9 59 92 24 
 72 24 5 76 72 19 
 72 31 42 51 9 83 
 28 50 57 39 53 5 
 26 36 68 88 16 20 
 65 75 22 74 17 53 
 0 47 80 34 2 1 
 55 43 72 43 100 85 
 22 69 96 18 40 73 
 81 99 89 33 39 29 
 59 9 67 40 66 78 
 57 61 34 92 100 95 
 22 96 59 34 21 86 
 96 59 97 50 16 47 
 87 63 10 36 48 84 
 60 55 48 31 86 92 
 92 69 91 87 3 99 
 4 39 21 82 56 1 
 52 75 1 59 25 28 
 18 74 2 8 99 19 
 13 2 9 94 42 65 
 27 20 2 14 27 43 
 57 73 33 18 7 28 
 24 71 75 97 77 27 
 53 91 29 37 93 54 
 12 27 77 89 42 23 
 57 28 57 28 11 93 
 33 2 42 71 24 58 
 93 34 25 90 70 84 
 6 58 86 32 72 84 
 36 89 50 76 55 35 
 45 56 8 53 15 46 
 67 87 44 11 49 97 
 35 34 91 75 44 78 
 39 15 99 49 28 93 
 81 30 53 57 56 98 
 72 44 10 21 57 97 
 64 78 36 41 20 29 
 82 44 91 84 16 28 
 44 82 47 0 91 64 
 84 99 21 32 61 60 
 63 93 58 66 32 18 
 16 25 78 49 61 11 
 77 95 4 77 38 71 
 24 3 61 88 69 57 
 59 47 43 96 79 64 
 100 3 21 59 18 83 
 10 47 69 12 5 68 
 75 71 3 75 43 41 
 27 41 81 6 49 89 
 94 44 48 9 44 29 
 37 65 91 52 78 64 
 94 70 3 78 80 85 
 23 77 29 81 6 50 
 16 3 96 85 12 23 
 54 99 77 90 66 29 
 17 62 57 60 95 58 
 35 59 48 82 45 80 
 88 5 30 21 10 86 
 54 2 82 21 89 53 
 34 92 43 64 64 88 
 44 69 88 53 6 75 
 11 70 47 64 98 97 
 36 12 95 91 24 82 
 68 59 24 59 85 77 
 97 70 39 8 27 50 
 50 55 53 83 73 39 
 98 33 92 96 10 47 
 97 38 13 94 92 92 
 58 34 100 92 77 99 
 21 46 17 93 16 35 
 64 64 91 72 92 51 
 84 22 49 5 80 91 
 0 68 98 67 81 62 
 10 54 1 86 72 58 
 5 34 86 7 87 85 
 29 77 86 46 59 80 
 85 49 43 84 12 35 
 26 88 55 42 1 13 
 97 28 78 44 77 30 
 29 85 1 14 97 57 
 88 97 51 5 90 4 
 80 34 61 49 89 55 
 27 79 13 55 16 4 
 98 63 8 21 68 42 
 71 69 34 66 29 33 
 49 17 41 50 27 13 
 90 5 80 2 1 79 
 24 57 28 22 8 54 
 94 86 52 62 59 1 
 71 86 66 58 4 13 
 17 6 10 92 57 67 
 25 38 36 18 19 39 
 71 32 7 49 45 98 
 70 76 28 88 8 2 
 31 66 29 57 6 22 
 84 18 64 85 34 25 
 88 97 74 11 13 34 
 86 85 22 24 15 47 
 59 58 26 12 11 87 
 44 81 11 87 52 28 
 39 3 50 4 50 8 
 40 80 58 97 32 47 
 9 71 45 67 38 98 
 46 59 90 33 19 47 
 85 15 75 26 53 7 
 34 64 68 0 35 6 
 74 63 96 55 70 45 
 27 85 56 48 67 53 
 71 63 47 23 69 36 
 38 8 76 100 72 11 
 72 78 59 84 80 81 
 97 33 59 56 96 90 
 80 25 12 65 56 73 
 20 23 43 18 11 68 
 53 25 46 6 10 90 
 51 61 83 68 97 6 
 36 65 32 94 25 63 
 16 46 71 6 30 92 
 60 14 8 100 39 79 
 83 96 59 31 28 72 
 22 64 95 50 72 51 
 27 81 35 86 17 31 
 16 2 57 72 81 77 
 66 66 86 42 34 58 
 57 43 12 27 19 36 
 79 44 50 53 35 3 
 25 46 95 54 44 95 
 67 93 71 28 54 12 
 14 22 32 14 8 69 
 23 49 49 37 8 7 
 100 2 26 33 90 46 
 100 32 98 35 74 100 
 23 25 63 40 49 34 
 47 81 9 32 69 100 
 87 99 73 15 100 97 
 34 87 61 62 95 20 
 6 47 28 96 86 60 
 37 34 83 79 66 92 
 57 2 2 84 98 35 
 0 78 47 57 4 51 
 94 24 74 84 8 64 
 21 69 56 80 84 72 
 7 78 2 51 34 15 
 10 16 46 80 67 100 
 27 85 44 38 97 16 
 93 21 78 99 22 24 
 70 53 90 91 32 81 
 52 55 66 61 68 74 
 90 87 13 92 21 45 
 85 66 39 44 60 93 
 41 6 93 79 85 32 
 5 65 15 42 63 69 
 45 78 95 32 82 85 
 49 69 95 99 81 89 
 95 93 54 57 82 8 
 53 10 27 88 77 53 
 55 88 63 30 22 44 
 87 62 20 94 48 70 
 44 81 37 67 20 12 
 5 89 80 27 9 59 
 6 97 100 53 70 21 
 10 41 42 59 88 76 
 95 42 67 33 20 10 
 82 55 14 57 98 22 
 27 31 60 44 81 67 
 12 97 59 73 46 8 
 40 48 99 98 9 61 
 53 76 23 70 78 24 
 19 95 35 62 51 78 
 70 34 40 36 6 59 
 62 32 41 78 77 66 
 9 65 71 79 1 99 
 67 6 78 0 61 9 
 87 57 24 88 98 93 
 25 62 33 90 32 91 
 41 8 49 7 3 21 
 71 25 61 4 96 20 
 25 51 4 40 32 84 
 77 4 18 64 85 53 
 98 65 5 2 96 8 
 100 72 26 35 29 35 
 71 11 1 61 49 33 
 61 92 31 35 18 43 
 86 72 87 44 16 68 
 74 33 67 5 67 4 
 74 55 34 86 2 97 
 83 86 8 85 27 14 
 44 65 97 49 12 41 
 90 57 9 94 90 52 
 15 6 29 47 88 17 
 58 87 53 27 69 96 
 25 20 47 79 81 43 
 23 14 38 43 49 6 
 9 7 8 52 44 96 
 51 39 5 4 57 34 
 68 97 82 51 77 44 
 2 81 77 4 40 34 
 51 36 84 93 32 32 
 52 49 56 4 48 11 
 82 56 28 59 24 53 
 2 1 100 64 79 74 
 27 73 81 99 93 69 
 51 57 50 49 97 50 
 79 52 49 6 31 84 
 21 87 51 34 5 80 
 55 21 81 74 47 61 
 0 69 22 28 16 21 
 21 11 61 67 82 5 
 60 4 14 18 80 63 
 27 12 34 71 39 2 
 73 38 90 4 90 21 
 100 88 48 2 62 31 
 79 40 92 16 79 27 
 43 78 42 21 83 30 
 58 64 55 93 27 78 
 34 44 89 46 71 4 
 54 48 57 2 13 88 
 96 16 11 73 12 28 
 80 62 82 9 93 84 
 70 93 18 16 12 11 
 23 21 47 28 60 73 
 41 21 25 34 3 67 
 74 37 76 20 38 24 
 10 28 30 60 19 79 
 9 21 39 2 28 34 
 91 75 29 70 64 79 
 59 84 42 12 5 82 
 1 89 88 30 62 56 
 74 4 49 20 48 1 
 39 29 65 19 87 27 
 77 88 42 1 31 55 
 4 77 97 30 84 2 
 53 86 13 78 52 5 
 28 13 46 22 12 9 
 19 38 98 60 52 71 
 66 12 8 88 64 51 
 67 59 54 61 51 24 
 50 92 81 92 58 60 
 3 51 43 32 62 63 
 57 9 69 0 93 78 
 33 56 51 69 74 9 
 67 32 8 54 38 90 
 5 57 91 1 75 31 
 87 36 15 62 60 78 
 75 34 92 74 21 38 
 87 14 33 33 49 48 
 17 35 31 27 75 94 
 52 82 7 53 57 5 
 87 33 16 76 91 44 
 30 86 14 66 49 86 
 68 3 58 41 83 44 
 53 93 97 47 55 30 
 9 95 64 11 47 3 
 38 57 52 54 33 76 
 91 34 11 23 85 43 
 5 89 86 68 14 18 
 70 20 43 67 9 39 
 56 68 75 87 77 20 
 23 34 38 92 2 43 
 72 13 28 44 99 54 
 86 51 70 61 38 80 
 96 68 17 51 42 24 
 50 66 99 18 59 53 
 46 14 48 73 43 11 
 18 64 14 83 23 10 
 27 28 23 58 75 87 
 64 22 86 71 92 54 
 27 15 82 26 48 94 
 35 28 71 63 32 29 
 72 98 58 91 26 50 
 96 57 11 87 34 79 
 22 59 84 41 72 61 
 10 96 4 87 22 93 
 0 83 71 70 56 78 
 77 63 56 65 16 54 
 61 82 34 89 99 93 
 8 96 44 14 37 98 
 40 20 19 73 18 16 
 14 35 78 14 40 41 
 71 100 10 82 24 11 
 34 66 65 31 1 59 
 91 12 86 88 16 36 
 71 60 68 16 36 27 
 57 57 3 24 83 86 
 2 25 3 42 33 46 
 49 64 87 69 19 12 
 81 63 80 74 61 52 
 100 57 76 75 89 37 
 98 31 16 78 69 95 
 4 83 15 27 43 17 
 17 90 75 15 26 17 
 44 15 93 98 28 62 
 73 41 3 10 52 32 
 46 81 17 19 90 56 
 70 72 84 38 93 92 
 26 9 87 36 3 75 
 45 44 12 8 63 14 
 63 42 42 20 87 96 
 46 59 52 97 13 13 
 66 20 82 19 5 27 
 83 7 31 31 70 88 
 84 29 45 72 38 51 
 75 89 74 83 72 89 
 96 13 12 42 58 53 
 79 97 80 37 21 37 
 43 60 54 55 51 57 
 28 78 83 0 87 25 
 86 64 10 27 9 6 
 75 87 90 92 33 56 
 50 74 18 44 70 91 
 80 37 25 50 5 90 
 54 55 21 47 44 95 
 22 15 41 92 25 35 
 70 43 97 68 79 29 
 46 56 85 36 36 61 
 34 69 4 47 58 91 
 45 13 46 78 47 35 
 93 11 34 28 71 10 
 5 86 64 25 54 44 
 5 51 82 32 21 98 
 49 37 27 33 89 39 
 92 53 57 23 81 95 
 28 13 31 55 83 12 
 56 12 64 14 13 98 
 18 73 100 22 47 58 
 70 66 33 47 82 83 
 27 17 41 54 48 22 
 45 67 56 1 75 69 
 65 49 53 54 60 52 
 28 22 16 5 53 39 
 27 91 47 90 82 59 
 66 14 77 60 61 24 
 59 69 7 35 89 86 
 93 11 26 49 61 43 
 25 17 100 61 78 57 
 23 44 36 54 64 17 
 87 14 6 18 94 30 
 25 70 50 16 45 59 
 28 65 100 63 1 70 
 94 24 16 33 71 87 
 0 20 12 16 74 33 
 91 43 74 9 26 51 
 29 35 87 10 30 62 
 82 22 30 80 20 52 
 54 64 66 37 100 6 
 44 53 90 61 11 54 
 41 11 50 66 97 100 
 96 44 94 26 48 76 
 20 47 92 49 18 87 
 72 49 99 100 40 24 
 23 82 28 71 9 80 
 65 73 29 95 83 69 
 43 81 21 53 40 14 
 3 52 13 41 32 73 
 27 63 60 58 81 50 
 80 28 62 27 23 87 
 32 77 22 29 47 81 
 34 80 57 29 78 85 
 31 32 86 63 70 66 
 51 1 51 40 28 65 
 99 24 85 14 36 51 
 70 67 80 9 25 78 
 80 36 38 1 41 77 
 34 63 100 19 45 40 
 11 59 43 76 94 86 
 55 25 51 43 79 73 
 4 56 79 61 32 89 
 55 71 2 7 81 10 
 58 60 60 16 14 43 
 55 38 61 70 32 38 
 85 86 34 44 73 25 
 66 30 7 92 85 93 
 86 45 24 88 21 56 
 70 25 20 0 47 21 
 35 58 70 30 83 27 
 51 35 50 14 32 32 
 19 85 55 77 70 38 
 30 83 22 22 88 88 
 86 69 18 97 98 36 
 2 30 21 60 47 95 
 2 4 45 8 70 28 
 45 74 50 30 68 77 
 87 6 52 55 65 84 
 68 40 93 65 76 25 
 62 27 73 34 36 37 
 100 67 89 83 4 25 
 46 84 41 15 62 89 
 47 89 16 40 88 90 
 30 46 7 70 64 91 
 71 59 65 38 36 66 
 9 19 58 85 34 41 
 51 46 9 43 53 71 
 46 52 80 24 33 49 
 13 55 19 98 95 70 
 6 37 82 45 20 24 
 50 19 93 2 49 84 
 47 22 23 89 70 94 
 63 39 20 37 90 83 
 65 95 93 92 28 75 
 36 71 12 50 60 26 
 14 58 11 27 100 81 
 54 92 38 71 54 19 
 53 45 39 46 11 22 
 91 40 39 36 70 40 
 23 67 15 62 31 14 
 22 58 72 27 74 98 
 21 51 56 86 12 47 
 0 75 21 60 96 78 
 22 17 72 11 30 15 
 28 30 78 7 43 56 
 7 23 39 16 2 54 
 87 4 70 6 83 75 
 2 89 88 31 61 89 
 75 6 50 90 79 11 
 98 9 6 48 24 98 
 88 56 11 62 36 92 
 45 86 83 9 68 80 
 77 42 86 58 98 61 
 84 56 69 99 63 68 
 43 98 59 69 89 9 
 51 85 17 55 9 91 
 20 9 9 78 28 82 
 81 30 88 90 43 28 
 62 10 98 95 49 28 
 18 49 16 35 50 53 
 29 46 9 75 43 100 
 80 17 81 36 60 18 
 21 11 87 68 96 43 
 51 81 35 7 92 14 
 15 60 96 26 13 36 
 46 58 7 68 85 69 
 93 65 30 70 85 51 
 75 3 69 65 19 54 
 9 38 48 27 99 12 
 59 87 49 93 48 68 
 13 35 42 29 68 6 
 5 100 6 49 13 80 
 82 9 71 18 63 22 
 3 87 69 66 58 85 
 84 93 11 69 78 64 
 16 21 75 0 86 92 
 46 15 24 99 34 98 
 40 9 27 83 90 29 
 26 71 80 92 14 24 
 93 11 62 49 43 35 
 32 11 16 23 47 9 
 28 35 21 48 66 65 
 81 49 39 11 95 15 
 8 2 53 8 15 76 
 76 54 91 48 31 18 
 50 33 23 90 60 85 
 27 97 96 14 49 97 
 81 21 58 26 15 26 
 73 41 25 12 39 39 
 57 87 4 26 64 82 
 38 56 20 13 18 36 
 96 65 6 47 46 17 
 78 99 84 27 85 69 
 73 100 76 43 94 17 
 28 64 90 14 21 73 
 65 61 16 86 41 42 
 84 36 84 24 74 31 
 38 45 31 73 28 79 
 93 78 44 22 49 37 
 32 28 85 10 97 96 
 77 67 52 1 73 10 
 22 90 53 9 73 84 
 26 28 6 11 2 66 
 42 2 67 87 100 90 
 55 61 74 98 42 32 
 96 19 33 19 97 49 
 91 4 59 99 96 32 
 5 56 8 25 61 74 
 77 10 74 35 21 86 
 0 56 24 62 76 59 
 59 23 90 2 92 8 
 71 81 27 61 64 79 
 72 22 81 4 48 1 
 65 87 72 72 35 29 
 11 71 5 96 26 42 
 67 59 92 40 3 80 
 46 27 36 30 17 61 
 77 46 4 23 80 26 
 61 94 62 43 46 94 
 4 92 90 25 76 61 
 55 29 24 54 71 87 
 94 9 8 99 23 55 
 29 93 5 35 55 61 
 47 52 59 92 15 16 
 93 96 23 60 1 23 
 36 58 18 16 76 71 
 62 74 93 68 59 14 
 28 91 64 53 46 90 
 85 91 26 24 30 94 
 28 9 7 94 12 96 
 63 29 95 9 35 18 
 39 89 97 47 24 70 
 52 1 68 97 63 99 
 43 90 72 43 22 71 
 52 83 31 31 44 3 
 50 48 21 27 86 58 
 52 98 83 62 15 37 
 79 81 98 44 10 97 
 64 22 99 58 5 82 
 76 6 14 50 17 82 
 18 18 34 48 64 62 
 67 9 63 27 33 58 
 60 92 56 0 16 20 
 34 70 12 23 46 96 
 88 34 4 61 78 53 
 93 68 63 58 40 24 
 68 43 6 49 95 69 
 1 48 73 99 32 82 
 30 44 92 36 31 83 
 6 45 23 91 28 45 
 8 33 27 35 91 62 
 32 12 26 76 85 42 
 5 66 77 71 20 28 
 10 2 21 56 83 66 
 21 88 35 45 8 3 
 77 24 82 38 22 70 
 99 53 55 57 100 42 
 65 98 13 51 90 69 
 7 44 49 58 65 66 
 100 6 74 70 5 10 
 84 51 97 97 26 44 
 79 83 60 96 99 3 
 42 23 30 70 28 18 
 72 12 57 43 9 14 
 69 90 62 19 79 68 
 82 14 60 79 79 32 
 26 27 67 7 87 100 
 98 29 2 22 40 45 
 11 59 42 22 27 5 
 77 21 33 74 93 45 
 26 96 92 64 39 73 
 22 21 88 49 35 54 
 59 41 74 38 25 33 
 11 95 40 16 86 67 
 21 33 82 67 56 9 
 91 70 96 46 24 16 
 0 59 57 36 85 76 
 51 43 17 16 95 72 
 90 27 53 33 25 74 
 75 42 1 49 25 45 
 12 36 23 96 39 77 
 42 14 3 12 48 61 
 24 41 41 64 51 79 
 87 29 2 47 96 66 
 53 83 28 80 52 99 
 95 33 57 81 30 45 
 94 54 99 42 52 10 
 73 25 49 67 89 41 
 7 54 51 76 31 94 
 6 45 24 48 66 41 
 32 41 43 70 11 55 
 1 64 35 75 73 60 
 35 18 47 92 59 23 
 56 20 52 52 32 87 
 64 85 91 29 6 21 
 90 62 94 86 49 43 
 77 84 13 28 17 78 
 2 79 35 47 63 30 
 35 54 63 62 63 64 
 91 79 6 85 48 24 
 10 8 49 47 69 47 
 74 50 35 75 16 23 
 9 50 98 43 14 32 
 64 21 34 24 20 12 
 62 63 53 14 34 82 
 59 61 34 52 81 96 
 70 25 12 66 73 25 
 7 53 69 90 5 32 
 65 6 43 30 78 15 
 62 20 59 0 23 99 
 69 18 85 7 56 9 
 96 1 15 78 83 80 
 77 64 82 63 32 72 
 98 96 73 98 16 67 
 28 100 16 47 95 1 
 89 4 59 60 1 5 
 14 87 94 68 52 42 
 84 71 47 3 45 74 
 16 38 26 71 56 59 
 99 21 47 4 85 81 
 42 13 78 54 32 58 
 4 61 58 15 94 50 
 83 47 2 63 24 91 
 49 8 95 66 100 13 
 3 22 33 44 99 96 
 86 15 54 23 23 35 
 12 13 5 45 74 29 
 93 87 61 87 95 33 
 56 97 12 11 90 14 
 17 17 9 10 98 97 
 70 53 44 19 55 50 
 86 64 26 65 71 65 
 30 52 71 2 76 44 
 17 8 87 1 1 45 
 25 19 63 69 11 86 
 60 18 94 15 5 46 
 76 76 30 96 18 76 
 80 30 38 21 70 10 
 22 8 26 56 90 50 
 91 28 75 64 32 36 
 81 78 87 71 56 32 
 60 8 16 75 74 83 
 22 24 76 34 57 23 
 0 55 88 6 56 56 
 100 31 77 48 70 3 
 99 12 45 37 72 21 
 55 53 100 18 4 19 
 20 96 27 28 92 44 
 6 28 60 24 22 93 
 25 62 42 33 24 24 
 7 33 40 29 19 40 
 29 13 7 61 97 59 
 52 3 19 22 65 22 
 25 78 92 10 10 62 
 69 75 31 9 77 51 
 80 24 45 53 32 90 
 85 83 13 35 94 2 
 8 82 85 10 93 35 
 70 48 73 18 87 15 
 97 62 82 70 23 79 
 47 65 82 6 65 47 
 48 48 79 31 50 58 
 5 26 3 71 64 23 
 5 36 44 65 56 29 
 14 85 11 91 65 57 
 10 96 55 77 70 71 
 94 14 33 78 85 96 
 23 27 87 4 89 12 
 91 60 93 58 73 17 
 98 29 55 5 83 79 
 3 73 23 43 40 15 
 40 92 85 18 8 82 
 2 43 93 60 41 47 
 78 27 99 49 85 63 
 80 91 4 54 54 87 
 9 27 17 99 59 70 
 36 99 55 0 42 95 
 38 77 25 78 93 69 
 63 83 36 78 94 44 
 18 75 13 19 91 33 
 3 81 79 65 82 85 
 71 51 96 19 18 63 
 41 65 26 83 45 9 
 21 10 8 84 75 45 
 21 12 76 79 50 34 
 27 31 24 66 60 89 
 17 94 44 8 35 45 
 43 20 82 7 77 74 
 47 38 32 67 9 21 
 18 78 96 97 95 78 
 4 20 82 33 90 47 
 95 55 38 92 19 71 
 1 86 31 38 83 74 
 15 54 62 98 72 60 
 73 11 40 29 42 73 
 98 72 60 40 82 96 
 49 81 18 55 61 92 
 95 11 61 74 38 72 
 22 92 64 64 96 99 
 23 90 6 42 13 79 
 49 33 28 12 19 89 
 48 65 83 95 54 57 
 86 42 74 56 16 50 
 5 18 89 53 66 80 
 93 80 84 53 79 23 
 45 94 65 6 12 26 
 80 43 28 23 89 61 
 29 47 84 41 14 38 
 61 90 26 51 72 34 
 59 12 85 69 88 42 
 0 75 89 24 29 36 
 12 10 9 7 48 62 
 82 2 15 17 35 37 
 13 48 51 95 90 4 
 38 79 76 17 52 40 
 60 3 82 61 9 43 
 78 78 35 79 77 39 
 98 9 31 53 39 13 
 61 56 60 3 59 34 
 18 18 70 29 54 59 
 61 76 33 92 60 25 
 18 73 44 70 85 2 
 76 1 100 71 67 35 
 96 53 73 47 19 82 
 18 46 17 48 25 71 
 2 88 19 70 1 60 
 49 42 53 8 54 99 
 52 20 25 88 27 78 
 68 31 83 73 64 20 
 46 80 17 22 87 93 
 73 16 54 94 11 43 
 38 49 80 6 38 69 
 40 73 25 98 89 96 
 16 92 20 85 55 8 
 18 67 13 57 43 45 
 2 85 88 81 31 98 
 70 64 50 99 28 47 
 31 4 56 52 19 94 
 47 64 36 74 48 97 
 95 69 54 96 65 19 
 33 11 77 23 72 8 
 18 90 82 92 51 35 
 11 98 23 23 76 18 
 6 95 75 0 42 98 
 3 83 66 34 98 20 
 94 46 61 14 96 19 
 80 24 40 72 87 93 
 24 92 44 42 93 76 
 84 13 68 6 17 28 
 66 53 26 60 24 17 
 75 89 5 39 53 40 
 100 45 75 71 13 95 
 56 23 31 77 89 76 
 67 24 46 42 100 83 
 54 54 54 56 1 43 
 26 5 44 45 20 20 
 31 45 21 49 28 47 
 51 13 13 63 82 18 
 52 62 64 20 95 76 
 83 41 78 28 30 57 
 22 23 94 43 27 88 
 26 45 90 3 35 49 
 24 100 12 6 65 75 
 38 64 26 43 40 27 
 88 34 75 54 80 31 
 14 31 77 54 11 86 
 91 19 3 81 25 95 
 50 40 35 71 37 66 
 27 44 29 50 25 5 
 71 8 32 97 40 3 
 29 75 64 12 42 52 
 14 35 74 2 49 13 
 65 10 57 59 33 22 
 44 50 39 77 86 69 
 7 49 80 5 34 33 
 29 50 30 40 90 46 
 51 85 56 38 89 42 
 0 89 4 17 30 12 
 32 19 19 72 98 90 
 75 53 19 95 33 90 
 27 58 8 26 13 57 
 25 29 6 74 55 61 
 41 70 37 6 82 51 
 77 33 37 93 95 19 
 64 21 22 98 83 73 
 21 69 87 71 9 17 
 95 26 92 87 10 76 
 87 14 61 63 27 13 
 54 86 80 76 64 74 
 7 69 49 77 28 19 
 32 33 79 49 41 58 
 96 49 64 74 96 15 
 66 74 43 37 9 80 
 23 15 27 45 3 80 
 72 92 44 41 22 74 
 93 97 73 46 75 48 
 66 65 69 75 99 63 
 6 31 66 10 24 18 
 19 55 68 40 16 53 
 57 24 24 51 59 21 
 77 6 27 45 58 12 
 17 78 90 13 81 39 
 93 50 71 32 12 33 
 5 90 21 2 81 78 
 4 64 74 89 18 85 
 61 9 60 49 37 63 
 51 87 29 22 29 95 
 46 36 78 7 63 57 
 89 56 35 14 15 9 
 2 96 43 7 56 77 
 24 98 89 0 53 71 
 42 17 31 33 56 8 
 22 54 3 10 34 94 
 91 43 37 70 62 21 
 37 60 32 50 9 99 
 42 47 23 99 4 68 
 8 62 73 93 63 5 
 26 73 80 73 98 75 
 91 51 35 29 86 71 
 22 21 27 9 54 28 
 99 52 71 60 2 86 
 60 12 26 16 70 57 
 80 82 96 15 13 65 
 81 20 10 28 43 46 
 25 34 96 11 60 81 
 96 12 88 53 63 93 
 55 50 90 21 70 42 
 78 27 74 35 14 89 
 66 34 37 81 25 78 
 46 88 5 38 21 85 
 31 35 76 86 84 35 
 68 72 21 45 69 22 
 47 94 100 34 45 85 
 45 37 20 90 64 48 
 38 4 26 20 16 20 
 54 89 18 17 19 79 
 22 1 70 85 57 48 
 95 7 75 30 85 38 
 25 11 27 50 48 8 
 71 56 21 19 55 36 
 59 4 59 38 2 3 
 27 91 99 50 87 32 
 28 27 92 88 17 56 
 100 25 29 3 4 53 
 0 92 51 28 76 90 
 21 14 73 17 54 81 
 79 74 29 21 56 26 
 43 30 64 39 47 94 
 76 62 100 45 83 27 
 37 31 33 15 14 27 
 56 50 3 26 14 92 
 2 46 32 70 54 79 
 47 25 14 25 30 29 
 64 45 31 16 39 74 
 1 82 88 51 56 41 
 23 100 6 63 72 33 
 93 47 3 47 36 6 
 89 35 15 36 23 83 
 66 9 28 60 25 50 
 18 28 79 32 12 51 
 58 80 46 46 60 10 
 67 84 29 88 84 75 
 51 1 62 67 33 9 
 79 53 86 94 58 2 
 51 49 85 48 100 11 
 57 23 19 32 87 72 
 58 56 79 84 37 28 
 31 63 76 33 72 86 
 61 98 63 31 88 75 
 66 31 64 96 6 48 
 23 31 87 2 1 67 
 69 72 67 31 51 28 
 71 70 12 98 52 80 
 27 58 9 77 80 8 
 51 21 12 1 93 74 
 10 32 30 83 8 34 
 16 9 31 78 36 83 
 17 71 92 0 33 55 
 71 14 4 19 67 15 
 61 46 94 55 76 58 
 68 48 83 25 65 65 
 25 45 56 68 35 60 
 68 17 41 82 53 52 
 43 29 86 58 53 32 
 54 33 61 25 71 56 
 3 83 87 72 94 96 
 1 96 14 69 68 61 
 68 63 37 71 44 44 
 85 14 46 22 49 85 
 50 38 65 42 87 10 
 80 93 14 97 31 89 
 30 10 34 36 34 21 
 43 74 81 18 40 16 
 85 9 61 43 73 85 
 62 20 98 90 29 35 
 8 24 89 59 41 35 
 37 43 65 50 38 25 
 51 75 51 65 7 81 
 53 46 2 89 51 10 
 81 23 43 25 41 64 
 62 69 50 8 51 61 
 82 94 13 29 31 84 
 74 30 8 48 27 16 
 99 33 43 11 39 25 
 45 59 17 21 86 55 
 42 71 19 55 59 41 
 66 80 32 55 67 38 
 85 76 34 71 34 75 
 8 18 30 19 78 90 
 71 4 95 96 77 93 
 12 66 30 42 51 33 
 0 1 26 16 98 39 
 9 32 74 96 50 59 
 88 6 100 62 43 34 
 10 88 93 42 34 98 
 83 76 47 83 84 91 
 61 40 46 52 26 38 
 52 13 88 31 18 10 
 10 48 17 80 14 35 
 52 43 59 68 86 47 
 2 99 9 25 78 64 
 36 20 36 20 37 3 
 56 27 96 62 65 19 
 3 81 66 98 91 49 
 20 93 63 11 41 48 
 29 1 26 28 80 73 
 93 19 76 54 95 44 
 5 36 68 81 61 21 
 66 83 42 6 45 27 
 42 60 52 9 92 63 
 34 25 49 48 29 73 
 12 73 34 72 100 46 
 54 61 85 51 21 80 
 25 44 60 88 13 79 
 16 45 94 64 96 44 
 59 57 12 23 68 31 
 72 62 38 67 4 60 
 83 65 74 14 73 63 
 2 4 83 20 7 5 
 31 40 79 46 10 24 
 40 71 49 100 15 25 
 71 31 96 44 62 85 
 7 29 81 61 72 1 
 48 69 10 34 12 17 
 28 55 1 0 35 18 
 72 77 35 22 90 99 
 97 78 70 18 42 18 
 40 82 57 46 9 27 
 44 91 23 87 4 1 
 35 55 42 70 40 58 
 18 56 79 72 39 72 
 86 46 25 13 80 60 
 18 3 48 91 96 13 
 58 96 50 50 99 54 
 64 88 6 20 98 75 
 16 67 45 64 50 97 
 92 3 54 100 14 98 
 37 25 5 35 86 9 
 32 4 76 2 85 29 
 63 17 74 19 67 72 
 99 5 53 70 33 23 
 56 78 3 83 79 51 
 17 85 66 24 34 61 
 51 95 35 18 56 73 
 30 25 28 36 5 41 
 86 26 99 74 91 21 
 85 23 31 14 36 58 
 73 41 35 2 25 47 
 17 3 25 7 39 68 
 84 46 72 25 70 4 
 83 98 81 16 45 3 
 5 79 9 24 26 71 
 71 17 30 75 58 30 
 19 68 66 24 43 72 
 10 61 39 87 44 70 
 82 55 43 26 27 78 
 90 15 70 63 9 98 
 32 31 76 71 26 35 
 0 35 3 75 65 16 
 16 52 60 58 18 54 
 72 81 77 70 100 37 
 52 73 39 84 94 12 
 15 50 36 75 67 77 
 76 2 67 17 41 77 
 40 86 41 90 62 26 
 91 1 96 5 23 87 
 63 90 61 21 84 24 
 82 65 72 86 38 38 
 17 82 88 35 5 22 
 2 10 47 2 18 60 
 18 13 61 36 97 47 
 99 18 19 46 45 71 
 35 39 90 26 21 37 
 66 95 43 63 56 97 
 88 17 22 71 82 82 
 55 71 11 41 28 46 
 100 30 28 5 89 59 
 8 77 43 98 32 14 
 64 90 36 75 42 72 
 100 36 91 30 51 54 
 23 50 61 33 89 37 
 59 66 16 82 27 87 
 46 27 30 16 20 56 
 55 5 31 23 1 47 
 85 89 98 1 86 88 
 10 66 76 40 63 51 
 56 87 54 29 78 3 
 84 11 16 4 2 36 
 14 91 22 77 56 71 
 61 53 27 78 3 83 
 7 20 19 33 90 14 
 16 18 35 0 68 41 
 99 48 65 69 11 95 
 9 51 47 98 31 56 
 80 38 39 17 18 74 
 62 50 5 83 65 33 
 16 52 88 82 24 46 
 54 8 94 100 100 87 
 96 50 59 31 93 64 
 74 91 82 76 42 76 
 69 91 74 74 17 76 
 80 21 91 86 65 15 
 59 93 69 43 16 22 
 60 96 34 53 18 79 
 22 42 97 1 31 72 
 94 15 52 52 5 31 
 16 9 53 40 3 79 
 38 63 35 98 99 12 
 88 76 35 47 91 94 
 76 42 51 21 94 71 
 33 44 79 50 66 94 
 11 37 53 52 36 22 
 41 28 41 85 8 31 
 21 10 12 12 53 100 
 76 29 64 5 65 42 
 43 40 69 25 25 27 
 91 96 51 25 6 62 
 84 78 78 37 69 25 
 57 32 19 67 64 14 
 82 75 78 75 30 82 
 57 61 12 72 46 96 
 73 15 37 80 30 70 
 7 80 64 93 53 83 
 99 36 48 94 19 56 
 21 4 98 72 3 68 
 0 90 29 20 59 78 
 35 10 89 22 2 81 
 10 46 97 39 25 33 
 73 17 91 14 63 3 
 60 45 98 93 14 7 
 95 49 25 2 97 14 
 85 58 5 92 27 21 
 63 25 82 57 80 69 
 1 30 4 18 46 59 
 22 97 25 6 20 17 
 62 9 51 68 69 51 
 17 93 70 10 35 6 
 71 80 11 26 92 44 
 36 7 18 43 50 4 
 90 39 95 2 72 41 
 54 59 58 20 39 74 
 80 76 92 22 32 3 
 34 97 5 63 39 4 
 56 26 27 37 62 100 
 6 34 86 1 61 56 
 4 74 75 83 68 74 
 7 52 46 98 17 28 
 96 86 87 73 49 62 
 65 79 49 11 50 43 
 80 93 79 13 49 76 
 50 44 52 92 86 56 
 16 29 15 74 64 65 
 56 41 65 65 39 42 
 47 11 61 88 35 78 
 80 20 38 62 98 37 
 80 38 23 92 79 68 
 33 80 12 78 62 46 
 72 8 14 19 39 77 
 75 41 90 0 74 81 
 51 74 93 87 24 6 
 72 7 87 92 84 99 
 50 2 23 25 39 8 
 51 17 82 73 40 27 
 12 14 66 27 92 90 
 67 90 83 100 26 18 
 55 60 83 42 49 27 
 35 54 17 48 46 20 
 97 32 21 9 92 68 
 42 33 28 66 40 4 
 46 59 17 75 11 50 
 30 79 38 53 83 81 
 16 36 1 51 54 59 
 38 42 5 44 41 89 
 99 14 21 13 85 93 
 16 41 74 12 49 75 
 29 42 48 90 83 92 
 79 46 24 80 8 14 
 15 10 95 26 14 97 
 8 58 83 48 42 55 
 92 79 26 81 60 82 
 13 81 4 63 61 88 
 1 51 12 19 43 86 
 49 16 86 75 87 95 
 71 74 31 79 69 46 
 69 56 50 93 3 42 
 85 31 9 37 42 21 
 46 27 72 37 34 69 
 26 59 67 25 90 60 
 40 25 20 30 39 14 
 72 63 25 77 45 94 
 82 61 98 22 73 67 
 9 35 65 99 29 74 
 0 17 98 6 13 9 
 86 70 13 31 3 15 
 32 85 69 45 93 31 
 70 84 28 6 41 87 
 31 62 83 4 11 62 
 63 32 6 6 1 95 
 84 29 75 67 97 60 
 62 6 27 63 41 94 
 64 53 63 53 24 75 
 8 25 94 83 82 39 
 61 33 53 44 34 83 
 85 9 31 47 17 23 
 89 39 68 45 20 23 
 22 17 70 44 7 72 
 52 25 100 32 45 96 
 37 25 25 65 95 89 
 63 53 78 30 73 23 
 49 76 27 49 29 97 
 43 29 83 79 81 22 
 44 9 20 42 89 77 
 52 87 90 100 86 69 
 43 92 31 81 17 97 
 65 60 50 81 50 39 
 39 28 17 12 42 52 
 7 18 44 74 40 27 
 29 96 21 17 45 58 
 59 54 28 30 54 28 
 80 49 37 58 69 17 
 92 57 88 84 100 51 
 4 78 20 50 52 83 
 16 24 22 58 74 64 
 37 44 2 14 90 54 
 17 15 32 22 16 48 
 20 81 17 0 71 51 
 77 30 83 35 16 92 
 81 77 88 83 5 74 
 67 53 52 81 76 61 
 97 37 80 9 11 54 
 63 41 35 9 98 90 
 88 69 99 14 67 86 
 60 89 43 100 71 12 
 78 69 10 93 67 88 
 18 41 41 38 54 62 
 8 76 56 46 90 60 
 2 32 76 57 45 4 
 40 61 2 24 95 24 
 56 97 94 11 28 9 
 77 71 87 28 41 66 
 37 14 42 50 82 38 
 14 20 14 31 44 14 
 43 32 37 46 93 17 
 40 87 24 25 40 47 
 53 83 80 80 58 88 
 87 64 5 41 72 17 
 95 82 96 64 96 18 
 93 90 85 59 97 75 
 19 4 94 85 4 40 
 13 66 64 39 79 20 
 53 27 97 47 10 15 
 10 26 18 67 15 98 
 68 83 98 17 32 30 
 20 83 100 59 55 80 
 27 4 90 75 19 5 
 54 22 2 93 81 40 
 75 82 72 18 15 96 
 75 3 54 61 74 90 
 16 65 59 51 98 71 
 0 85 87 8 59 55 
 93 89 69 71 34 65 
 69 31 93 14 69 99 
 40 96 78 19 9 50 
 86 85 76 22 16 33 
 27 64 43 27 95 72 
 10 100 60 68 16 56 
 79 28 31 52 61 50 
 39 26 20 80 46 59 
 97 70 44 25 36 97 
 46 30 76 13 32 41 
 77 17 33 58 71 70 
 17 45 93 39 33 64 
 47 66 13 77 19 49 
 94 58 92 6 34 90 
 35 82 11 75 13 3 
 77 78 79 3 14 27 
 38 23 87 95 42 53 
 21 58 65 89 36 42 
 43 94 86 89 35 80 
 7 19 16 94 36 41 
 86 56 18 17 89 84 
 18 25 48 61 71 48 
 18 29 69 83 44 21 
 70 99 23 47 25 72 
 66 92 95 91 9 21 
 68 74 74 93 57 36 
 18 29 40 23 95 47 
 42 81 85 40 21 34 
 73 90 64 22 54 11 
 4 24 42 63 21 75 
 17 19 53 10 81 46 
 96 99 52 69 78 74 
 6 51 85 0 98 84 
 26 47 78 13 83 93 
 5 23 70 71 97 70 
 67 79 7 4 46 29 
 37 30 70 87 12 81 
 85 22 45 71 35 68 
 74 17 48 100 3 71 
 96 17 46 67 6 24 
 90 32 36 42 52 28 
 61 25 8 65 92 23 
 90 30 87 2 97 77 
 83 70 53 30 20 72 
 80 28 18 97 53 6 
 87 13 66 88 74 52 
 58 86 69 37 34 64 
 55 40 63 5 84 12 
 13 15 67 11 46 82 
 49 97 97 14 77 42 
 30 10 66 10 78 45 
 100 57 52 52 17 78 
 32 9 4 14 58 13 
 6 100 52 46 71 5 
 39 2 35 69 60 46 
 88 3 13 41 51 73 
 94 42 30 90 73 38 
 53 38 87 69 97 9 
 3 86 1 27 59 88 
 62 79 93 95 96 47 
 22 43 1 97 44 32 
 100 92 18 54 66 88 
 87 62 48 68 1 32 
 55 13 35 80 19 34 
 79 94 50 97 60 11 
 35 93 13 77 87 98 
 0 15 27 70 41 41 
 13 96 89 66 36 2 
 53 2 84 65 5 48 
 51 74 68 87 75 76 
 59 45 74 99 26 65 
 56 65 11 9 3 5 
 55 40 32 80 67 99 
 26 16 80 45 45 49 
 11 67 65 31 41 37 
 1 13 29 44 17 69 
 27 31 91 62 85 61 
 100 78 27 38 91 42 
 28 9 10 42 38 48 
 75 79 83 97 83 25 
 37 60 44 87 27 100 
 44 77 24 8 61 47 
 11 27 99 83 23 62 
 95 48 69 58 67 41 
 83 29 1 71 1 75 
 81 54 50 4 35 15 
 76 35 47 28 65 97 
 20 33 22 17 100 54 
 66 83 88 90 71 78 
 50 79 36 2 91 9 
 6 63 41 29 73 61 
 100 4 97 3 26 98 
 49 61 22 87 63 35 
 87 71 96 96 13 33 
 38 84 88 74 16 55 
 37 88 4 49 1 43 
 49 72 53 19 37 24 
 95 94 74 55 59 78 
 58 95 10 87 9 30 
 8 84 15 0 28 78 
 21 41 4 63 6 82 
 63 57 93 35 38 34 
 3 90 14 26 48 95 
 22 66 64 61 63 12 
 3 32 92 68 64 84 
 36 4 31 66 55 87 
 96 31 30 38 34 84 
 84 94 14 19 55 71 
 73 61 67 63 47 99 
 72 61 28 33 15 56 
 19 69 42 10 17 8 
 73 98 23 24 12 100 
 13 4 53 68 87 23 
 75 78 63 76 98 23 
 42 54 56 74 68 96 
 83 56 79 4 49 62 
 20 24 22 32 9 60 
 59 75 29 74 38 22 
 29 97 16 25 40 29 
 66 99 17 62 26 71 
 59 32 41 4 69 25 
 18 58 93 7 41 42 
 73 100 50 70 30 16 
 47 34 61 13 36 44 
 51 37 82 71 25 7 
 58 69 6 42 86 96 
 26 69 26 14 59 79 
 97 59 97 77 48 21 
 14 21 100 86 70 43 
 65 6 25 98 100 91 
 13 40 33 91 29 76 
 88 70 18 9 89 24 
 86 83 59 26 27 28 
 0 2 8 1 83 18 
 13 26 29 22 93 82 
 85 56 54 83 34 90 
 56 7 51 65 1 93 
 82 51 80 100 95 11 
 45 91 16 84 63 19 
 3 59 98 80 77 63 
 11 18 2 58 86 61 
 82 30 85 2 97 68 
 31 75 67 96 57 82 
 11 100 46 62 61 11 
 66 24 8 8 57 45 
 65 83 71 95 40 15 
 4 100 33 64 34 90 
 69 22 82 57 14 61 
 58 21 17 81 98 17 
 11 23 21 27 55 85 
 44 36 58 76 68 38 
 45 93 26 7 29 95 
 20 37 48 57 16 82 
 96 15 62 48 12 50 
 97 64 51 43 83 98 
 47 74 55 20 90 89 
 12 81 6 43 83 34 
 91 74 28 65 82 27 
 60 53 81 23 3 88 
 29 39 70 60 21 24 
 34 64 28 56 16 4 
 2 38 35 47 6 69 
 6 35 87 49 45 96 
 18 33 48 72 90 43 
 21 58 6 18 54 51 
 22 6 70 35 55 47 
 70 78 2 0 49 32 
 99 37 86 97 64 5 
 37 41 57 14 60 63 
 57 77 90 13 41 19 
 65 22 22 51 72 1 
 89 88 11 27 29 80 
 51 87 75 44 76 13 
 59 52 91 64 44 26 
 43 9 70 39 60 40 
 68 86 30 36 50 94 
 46 12 20 12 46 76 
 88 49 73 54 66 4 
 86 15 22 93 45 9 
 65 55 99 62 16 60 
 15 64 15 87 10 52 
 37 63 7 37 67 5 
 33 69 45 96 55 10 
 62 92 88 79 72 10 
 66 95 67 94 25 71 
 49 34 36 9 54 17 
 75 78 36 46 19 67 
 4 94 40 78 33 59 
 59 64 85 43 28 53 
 17 41 14 34 67 64 
 62 2 80 14 64 85 
 48 97 45 88 29 74 
 33 86 38 6 32 17 
 99 53 21 100 78 96 
 93 18 62 87 78 44 
 44 18 83 32 72 95 
 12 73 4 3 51 87 
 27 37 56 68 100 42 
 72 47 2 72 13 16 
 93 78 41 21 8 49 
 0 99 46 78 85 19 
 82 94 17 20 19 77 
 77 96 91 69 79 28 
 76 17 16 39 72 47 
 85 47 31 4 60 92 
 38 22 5 85 90 26 
 30 53 67 42 74 14 
 10 36 26 39 80 60 
 6 24 70 34 30 9 
 38 97 42 39 27 3 
 88 59 62 83 80 18 
 7 9 34 52 36 20 
 63 53 72 59 2 49 
 8 69 47 34 63 5 
 4 54 56 47 30 2 
 91 61 50 79 29 14 
 24 63 91 36 69 73 
 98 45 39 20 64 57 
 93 57 9 59 30 38 
 100 84 59 86 60 7 
 80 95 4 90 10 99 
 9 100 70 53 50 5 
 34 65 35 59 16 84 
 44 5 25 97 53 91 
 15 84 48 34 15 39 
 4 60 73 32 39 52 
 42 86 27 51 86 3 
 44 90 21 64 31 14 
 14 95 53 97 75 11 
 72 69 36 98 19 81 
 95 93 58 70 26 48 
 62 18 81 98 81 7 
 31 92 89 13 41 41 
 1 32 99 0 41 5 
 32 78 28 33 100 90 
 19 87 57 19 95 54 
 63 10 69 78 80 99 
 52 99 6 8 93 1 
 35 26 83 33 8 87 
 81 10 90 46 47 62 
 42 87 78 46 9 60 
 38 45 79 6 61 9 
 67 84 8 56 73 46 
 57 18 50 13 8 66 
 23 14 2 25 51 88 
 37 16 18 37 11 31 
 10 73 38 19 87 3 
 3 56 70 34 57 23 
 37 90 23 76 12 31 
 82 51 51 78 9 96 
 2 28 58 54 75 50 
 79 72 36 6 13 18 
 88 61 95 37 25 57 
 75 64 91 59 69 57 
 7 58 31 75 2 54 
 68 65 12 3 96 85 
 96 17 90 91 91 92 
 61 77 74 96 68 57 
 19 48 64 18 98 41 
 55 44 83 69 64 73 
 96 21 77 80 78 85 
 79 33 40 22 90 98 
 2 16 35 1 23 16 
 20 79 90 24 8 62 
 43 83 43 40 77 31 
 10 87 3 81 69 83 
 13 4 83 99 46 41 
 0 35 25 97 30 46 
 47 31 97 77 14 39 
 100 78 50 83 96 46 
 11 58 94 75 20 13 
 37 81 66 78 64 31 
 14 56 64 93 42 4 
 20 21 63 71 80 25 
 83 34 26 82 78 12 
 56 64 100 84 57 74 
 20 60 35 24 6 80 
 78 9 6 46 95 56 
 60 69 98 5 48 44 
 30 91 40 69 51 95 
 57 98 2 32 45 95 
 65 13 25 63 57 41 
 31 6 96 6 12 75 
 48 15 46 24 26 38 
 70 71 45 27 29 43 
 53 96 6 3 75 32 
 35 82 72 69 12 86 
 82 16 45 14 72 86 
 42 13 27 84 28 99 
 45 22 3 76 47 63 
 16 76 41 31 1 31 
 73 22 50 41 61 13 
 33 44 30 85 70 43 
 13 100 59 59 30 25 
 99 53 40 33 41 15 
 61 36 89 23 29 48 
 96 67 96 65 4 92 
 26 21 30 25 34 82 
 70 56 46 92 15 77 
 71 93 96 63 18 37 
 78 5 35 0 75 23 
 41 23 2 97 63 22 
 12 92 71 79 94 86 
 18 57 98 32 53 43 
 77 61 6 66 99 5 
 59 71 18 10 94 36 
 43 19 93 43 91 88 
 81 59 81 20 33 86 
 12 5 41 24 73 8 
 32 35 8 60 69 30 
 14 80 21 9 88 90 
 40 32 23 28 29 80 
 23 69 79 63 91 25 
 61 56 40 21 73 10 
 44 86 36 59 51 85 
 1 39 92 60 96 1 
 97 46 44 33 79 26 
 57 98 33 82 31 49 
 47 96 46 64 47 31 
 95 57 22 98 6 28 
 44 76 85 85 37 45 
 19 91 91 7 17 10 
 13 56 14 84 46 79 
 5 34 88 31 23 49 
 86 28 56 82 37 64 
 43 90 31 49 71 60 
 68 84 75 18 97 18 
 29 12 22 98 92 49 
 71 41 11 2 88 47 
 11 73 39 28 27 82 
 38 44 13 37 64 65 
 10 57 100 80 97 84 
 32 88 34 5 89 6 
 13 86 85 32 25 75 
 0 84 82 52 18 9 
 100 49 57 2 79 37 
 69 64 56 18 13 14 
 65 8 33 8 9 39 
 3 94 49 35 24 18 
 29 43 26 20 93 47 
 56 60 42 83 78 5 
 70 97 88 95 58 72 
 2 93 48 76 64 35 
 87 59 93 47 4 99 
 24 56 62 86 38 10 
 32 96 88 78 73 40 
 13 2 16 45 68 29 
 72 88 18 2 68 1 
 37 65 81 82 66 58 
 91 74 30 51 15 24 
 54 55 85 24 70 53 
 34 73 8 90 25 83 
 42 73 34 93 53 75 
 97 74 17 64 97 19 
 63 20 30 21 55 65 
 97 34 68 35 14 37 
 75 94 91 42 69 66 
 40 79 34 26 2 24 
 35 37 47 59 99 17 
 95 69 25 1 20 86 
 50 83 85 65 24 65 
 16 48 100 92 54 30 
 31 9 71 99 77 100 
 28 85 79 42 57 60 
 39 65 88 46 37 38 
 39 99 85 83 65 23 
 66 82 26 97 19 78 
 97 23 84 0 45 67 
 25 4 89 57 76 97 
 9 2 61 74 20 37 
 84 28 53 82 85 78 
 9 23 46 68 33 15 
 83 35 58 62 89 68 
 59 39 23 18 19 48 
 15 90 31 68 13 63 
 52 73 89 49 87 8 
 94 21 50 66 2 74 
 33 94 8 97 61 1 
 31 85 80 79 47 22 
 84 38 84 57 11 66 
 91 76 87 84 62 81 
 24 73 41 21 74 95 
 14 44 32 28 100 32 
 50 50 97 26 63 26 
 51 2 53 25 39 95 
 34 94 20 24 15 26 
 30 87 65 89 50 23 
 9 1 57 67 86 83 
 90 33 56 71 79 49 
 98 56 17 10 43 24 
 73 63 64 50 4 57 
 21 7 47 66 85 3 
 38 59 42 49 49 73 
 11 22 16 10 1 56 
 70 5 79 17 10 25 
 41 21 61 28 5 32 
 42 16 92 71 76 93 
 25 32 47 25 93 9 
 52 39 25 50 69 5 
 69 70 36 63 29 64 
 82 28 30 41 82 45 
 0 72 94 83 63 14 
 28 76 82 69 69 12 
 69 60 32 38 18 84 
 8 39 10 30 49 28 
 55 51 97 45 88 10 
 40 81 97 80 19 67 
 81 31 4 10 27 99 
 19 97 84 4 75 67 
 21 44 71 25 58 90 
 8 39 69 76 57 23 
 57 25 94 34 59 66 
 82 94 22 15 40 21 
 71 94 47 23 65 2 
 46 77 81 6 86 73 
 71 68 16 67 77 44 
 93 3 45 75 73 77 
 84 18 10 33 12 29 
 27 59 41 33 28 14 
 82 54 78 2 13 27 
 74 23 92 59 5 81 
 64 44 39 25 46 90 
 97 28 7 90 12 48 
 42 59 9 38 31 97 
 88 94 36 28 78 71 
 34 57 100 40 12 36 
 93 81 52 16 47 47 
 14 73 53 2 27 35 
 82 35 11 60 89 35 
 96 82 14 47 44 51 
 17 76 29 50 94 45 
 42 27 73 17 33 2 
 45 74 31 71 2 57 
 22 5 94 33 46 23 
 52 67 72 0 80 8 
 83 24 92 23 22 20 
 89 9 57 40 44 14 
 30 3 17 16 72 27 
 64 17 86 98 82 88 
 32 28 51 42 36 53 
 78 48 88 25 98 52 
 23 86 80 13 2 71 
 46 68 87 45 85 9 
 34 78 51 28 46 47 
 68 16 14 72 83 52 
 24 84 31 97 85 1 
 37 85 69 53 5 4 
 73 63 13 43 39 76 
 70 69 7 33 82 81 
 12 85 99 26 84 50 
 57 76 82 80 28 71 
 11 80 69 13 98 33 
 70 43 8 99 75 48 
 19 49 93 4 24 46 
 98 60 31 25 55 20 
 31 61 23 54 7 64 
 31 18 60 62 48 21 
 62 50 25 15 40 99 
 17 31 64 55 93 2 
 99 9 36 55 69 86 
 87 69 97 20 90 96 
 43 31 24 70 50 47 
 75 21 26 30 3 95 
 6 96 52 84 6 9 
 76 56 34 44 39 18 
 73 23 93 67 93 97 
 53 93 93 37 17 100 
 47 2 18 25 94 80 
 0 33 69 17 62 45 
 55 58 99 8 69 49 
 13 60 85 71 11 95 
 41 6 75 98 69 25 
 3 58 88 51 55 86 
 11 93 13 33 5 17 
 14 58 39 61 20 32 
 8 59 60 74 8 2 
 69 84 92 56 21 28 
 28 80 76 52 80 9 
 54 61 99 58 95 74 
 7 16 40 48 61 97 
 32 60 40 76 43 69 
 47 70 99 19 67 29 
 5 97 18 64 20 51 
 36 91 41 56 1 56 
 28 49 85 99 98 73 
 26 61 49 39 52 28 
 38 70 95 25 5 8 
 95 86 7 35 79 69 
 13 46 24 73 59 93 
 63 53 42 45 65 79 
 84 46 55 57 91 97 
 59 16 21 81 59 68 
 42 10 21 82 1 17 
 39 56 63 12 57 23 
 91 8 78 27 11 43 
 66 95 6 48 42 44 
 12 1 28 19 40 13 
 74 99 62 68 98 91 
 84 74 17 25 31 53 
 14 70 2 35 82 41 
 20 90 31 97 9 4 
 83 8 33 0 74 32 
 42 26 12 52 54 22 
 96 84 63 4 80 65 
 53 13 32 83 14 35 
 28 99 89 47 81 29 
 89 42 59 73 5 21 
 99 23 36 20 65 32 
 88 23 82 69 23 62 
 100 9 16 90 33 96 
 39 81 73 75 62 30 
 92 57 26 29 77 58 
 17 89 8 27 55 75 
 7 7 3 9 88 50 
 41 15 29 32 16 43 
 37 53 44 9 57 23 
 36 62 53 97 64 33 
 79 78 20 43 33 78 
 61 22 12 88 92 28 
 61 27 90 16 39 18 
 32 36 35 46 74 65 
 90 2 85 21 100 15 
 34 6 39 22 12 59 
 40 9 75 88 65 74 
 69 60 6 58 47 33 
 55 81 52 74 29 99 
 1 23 99 91 10 5 
 88 43 32 100 42 75 
 34 97 97 2 50 66 
 67 92 48 89 60 18 
 60 68 55 42 100 35 
 83 23 94 62 91 39 
 70 52 69 67 84 38 
 85 57 19 19 97 63 
 100 89 63 83 69 74 
 0 96 68 88 84 33 
 59 17 21 92 58 23 
 5 28 2 6 6 55 
 58 97 34 90 94 1 
 14 27 73 87 13 62 
 75 46 26 44 66 90 
 58 43 40 4 71 63 
 16 21 15 46 87 30 
 73 13 55 94 75 90 
 7 8 92 49 93 80 
 35 75 36 40 2 26 
 79 9 9 42 85 81 
 7 26 63 37 69 85 
 33 76 32 69 88 40 
 42 96 8 22 8 23 
 78 74 85 2 33 80 
 60 77 4 26 42 97 
 87 81 13 73 55 13 
 91 51 43 72 18 89 
 12 48 14 85 56 17 
 26 57 65 24 78 99 
 57 15 16 96 44 45 
 54 44 9 58 82 61 
 24 42 81 11 2 71 
 1 87 71 22 94 54 
 36 68 97 18 81 72 
 21 94 66 68 100 4 
 90 65 59 36 61 4 
 24 63 3 6 61 47 
 45 60 76 87 12 50 
 14 8 84 81 99 79 
 65 34 56 14 77 87 
 77 22 49 57 14 24 
 17 32 96 0 17 90 
 19 98 74 7 74 54 
 11 23 40 19 38 19 
 92 53 38 63 53 57 
 67 17 13 16 55 40 
 32 62 41 31 12 75 
 84 98 1 42 94 87 
 95 38 22 22 92 82 
 79 60 99 90 20 73 
 44 68 36 99 99 81 
 46 13 4 71 17 12 
 44 14 86 69 23 79 
 6 49 52 47 19 75 
 72 92 12 13 17 40 
 87 49 37 16 87 15 
 1 12 56 70 37 4 
 68 57 53 20 99 65 
 51 72 73 39 48 20 
 99 81 95 30 40 68 
 81 31 89 29 28 66 
 47 60 86 48 45 93 
 35 22 4 29 61 39 
 41 91 65 1 48 36 
 29 67 72 69 72 28 
 33 6 23 64 77 21 
 30 32 48 75 51 11 
 52 26 83 52 65 79 
 96 45 79 81 92 31 
 24 59 22 41 82 17 
 41 23 83 68 47 4 
 15 5 63 51 28 76 
 40 7 5 3 54 60 
 77 57 14 12 57 76 
 28 92 62 42 68 17 
 0 64 81 28 7 35 
 40 83 70 5 53 80 
 52 61 52 12 87 55 
 100 58 7 49 99 40 
 18 65 33 52 32 16 
 49 11 61 72 12 89 
 18 27 32 8 79 8 
 21 93 18 95 42 72 
 11 46 7 97 4 39 
 22 96 54 49 46 55 
 9 13 72 67 1 35 
 23 98 82 93 48 92 
 66 72 55 69 96 52 
 75 11 53 3 65 91 
 93 5 73 51 26 19 
 84 72 37 66 3 43 
 39 47 30 19 38 40 
 67 60 89 72 48 57 
 6 2 50 91 59 24 
 38 40 97 94 36 7 
 14 92 80 39 18 75 
 93 43 3 80 65 95 
 47 71 57 46 40 46 
 55 26 43 51 15 12 
 25 81 72 74 84 71 
 5 68 55 35 30 82 
 31 29 44 8 11 49 
 40 83 41 60 93 65 
 61 28 70 99 27 17 
 83 1 50 83 3 17 
 6 61 96 4 48 90 
 83 63 96 19 39 92 
 2 97 76 23 45 26 
 88 90 64 0 2 4 
 24 16 78 46 96 27 
 57 36 5 65 24 4 
 41 6 93 72 13 22 
 74 99 34 86 1 93 
 50 70 34 88 44 24 
 99 33 15 90 81 24 
 25 49 1 93 79 94 
 99 27 94 82 22 68 
 32 57 63 75 9 100 
 74 22 6 25 34 4 
 37 42 85 40 92 60 
 74 94 50 41 31 10 
 41 2 87 78 93 81 
 14 29 21 21 75 32 
 70 77 54 80 70 56 
 52 69 28 39 45 6 
 26 20 92 80 77 39 
 56 30 76 60 61 65 
 37 43 16 48 20 65 
 7 76 45 6 72 40 
 64 1 68 31 18 27 
 58 38 58 66 50 14 
 93 24 54 77 93 53 
 51 18 56 54 90 80 
 60 3 90 53 66 29 
 58 7 1 46 94 70 
 98 39 3 6 41 1 
 25 26 9 66 37 4 
 37 41 84 35 36 65 
 60 82 41 97 78 46 
 51 14 34 57 91 95 
 100 71 79 9 82 22 
 55 12 84 19 81 2 
 0 72 73 12 92 62 
 12 47 15 24 45 3 
 66 62 90 40 79 98 
 41 45 25 87 96 27 
 33 25 77 88 7 97 
 56 12 58 100 3 17 
 88 42 14 99 50 42 
 98 8 97 33 78 49 
 43 100 82 20 93 98 
 11 17 74 46 59 69 
 26 85 1 52 28 52 
 52 29 1 43 2 80 
 27 69 46 11 58 40 
 22 9 16 73 49 53 
 10 31 99 100 88 56 
 85 78 16 29 47 32 
 28 68 28 33 37 3 
 22 11 15 78 98 72 
 51 62 85 51 73 59 
 14 94 80 26 99 68 
 6 70 49 3 2 70 
 55 20 5 30 51 95 
 85 26 64 45 65 70 
 100 40 58 34 85 10 
 94 56 55 75 4 25 
 61 35 64 53 59 56 
 26 28 9 11 80 45 
 64 5 62 83 43 53 
 6 68 31 82 91 55 
 75 33 45 73 87 37 
 19 29 74 26 90 77 
 69 54 78 79 37 2 
 69 20 58 52 33 98 
 28 4 72 0 65 11 
 1 14 58 76 68 85 
 87 74 11 52 55 30 
 84 70 80 40 36 52 
 82 29 34 19 25 48 
 75 43 92 71 6 27 
 34 43 60 48 57 57 
 24 49 51 97 92 32 
 39 35 11 75 42 77 
 86 44 9 86 95 69 
 70 21 65 49 88 93 
 53 58 20 18 64 7 
 6 6 43 8 43 70 
 3 64 47 33 48 68 
 30 84 83 95 100 46 
 22 88 14 4 75 25 
 13 81 65 82 9 65 
 64 73 80 30 16 43 
 19 41 7 63 59 10 
 21 68 100 97 64 16 
 49 88 30 24 19 21 
 81 95 17 61 87 86 
 91 20 66 7 14 71 
 93 99 36 75 33 25 
 64 51 76 87 48 43 
 80 46 68 71 55 57 
 91 85 48 45 6 95 
 46 23 51 14 42 45 
 78 26 82 8 33 53 
 61 42 67 16 98 40 
 31 80 9 37 68 48 
 56 90 79 63 50 94 
 69 61 69 89 99 54 
 59 74 7 24 73 65 
 0 97 4 35 26 95 
 9 44 51 73 62 67 
 10 73 55 88 38 82 
 37 40 29 8 36 60 
 47 1 98 73 76 49 
 27 70 76 60 28 25 
 52 66 94 16 55 71 
 91 78 6 44 26 96 
 8 78 67 10 13 91 
 1 45 30 6 81 47 
 21 36 88 36 41 61 
 47 57 12 91 21 71 
 92 6 52 72 91 45 
 43 72 15 100 27 14 
 90 19 51 43 86 49 
 73 22 22 14 60 7 
 42 99 99 62 68 10 
 73 85 47 9 45 4 
 46 25 98 26 39 44 
 34 69 33 99 4 55 
 34 26 45 12 99 19 
 44 48 60 73 26 47 
 16 37 39 98 57 76 
 68 88 3 12 59 84 
 31 41 34 6 74 11 
 93 5 12 36 76 74 
 48 15 27 91 79 87 
 33 9 78 60 51 62 
 15 52 40 70 77 52 
 93 27 62 9 50 30 
 87 95 7 13 28 10 
 83 86 64 74 12 9 
 8 22 17 7 35 16 
 12 11 97 0 65 16 
 93 11 14 70 65 23 
 66 87 68 38 36 42 
 15 53 89 46 59 6 
 19 41 29 39 91 87 
 61 38 51 96 62 56 
 18 70 80 93 73 33 
 4 32 23 47 79 65 
 18 29 73 77 24 8 
 39 8 75 38 48 79 
 64 15 68 21 34 94 
 100 32 1 89 98 71 
 2 2 72 17 1 87 
 69 49 28 6 28 73 
 77 96 20 34 75 73 
 79 51 44 91 80 53 
 28 31 2 35 56 89 
 98 38 71 96 74 22 
 78 35 98 49 23 30 
 13 44 67 60 94 66 
 76 61 57 20 15 53 
 61 26 10 9 88 29 
 20 72 83 4 39 52 
 8 89 51 50 89 8 
 54 65 86 27 61 10 
 90 1 27 87 86 36 
 20 50 24 8 36 28 
 87 94 24 21 35 24 
 77 73 14 43 46 40 
 76 88 14 12 83 11 
 86 70 75 22 51 41 
 76 69 96 18 56 20 
 69 57 69 96 21 74 
 40 78 92 1 4 65 
 0 49 82 75 45 38 
 52 13 45 49 33 86 
 83 79 88 97 55 83 
 57 68 77 2 37 65 
 7 17 98 15 73 34 
 76 41 74 67 48 76 
 64 85 65 41 90 83 
 13 65 41 80 88 74 
 38 4 46 98 35 70 
 65 19 31 60 100 91 
 25 20 14 41 31 91 
 61 54 74 33 70 94 
 29 78 27 97 21 92 
 4 44 30 50 79 11 
 49 11 100 61 31 61 
 27 34 35 65 44 84 
 23 34 64 71 1 8 
 97 37 12 45 22 78 
 65 57 18 1 89 47 
 69 61 26 17 82 96 
 48 10 26 25 72 64 
 76 11 70 72 52 14 
 43 43 21 5 90 95 
 68 70 54 86 92 41 
 49 90 87 61 78 33 
 88 61 47 30 98 2 
 30 45 29 68 24 10 
 79 17 33 93 27 29 
 52 58 2 82 7 14 
 4 54 85 87 76 66 
 65 19 17 78 46 57 
 18 37 60 40 49 84 
 92 54 83 46 62 14 
 35 16 49 0 17 39 
 50 32 72 76 51 90 
 31 81 4 43 6 7 
 66 39 64 20 97 27 
 47 57 99 59 47 34 
 97 59 17 20 22 74 
 65 92 82 10 86 28 
 92 49 61 4 59 66 
 77 84 17 45 91 74 
 35 2 56 85 2 44 
 44 51 8 12 33 7 
 48 39 69 36 87 91 
 54 29 60 82 73 11 
 87 34 2 90 44 31 
 39 82 58 70 40 84 
 35 31 38 17 10 69 
 88 76 32 68 81 83 
 98 76 63 16 99 31 
 95 43 28 89 84 55 
 92 19 60 31 47 30 
 58 36 82 36 6 61 
 84 46 65 62 21 7 
 77 89 93 75 42 5 
 35 50 95 90 76 10 
 92 81 89 51 13 49 
 34 16 16 34 92 68 
 88 53 17 8 2 52 
 7 8 77 75 37 63 
 56 86 26 18 67 24 
 95 66 11 63 76 12 
 59 64 1 65 16 80 
 11 98 13 84 32 44 
 13 63 58 11 70 96 
 12 58 26 93 82 17 
 0 63 74 9 70 20 
 62 67 39 67 40 79 
 3 47 59 60 17 83 
 41 42 72 38 56 87 
 82 86 67 100 55 2 
 52 19 37 91 98 69 
 5 77 46 10 41 33 
 83 60 1 68 86 98 
 52 85 46 84 84 21 
 60 89 73 26 27 76 
 92 68 27 55 97 20 
 40 4 36 46 49 18 
 84 28 65 9 3 73 
 47 86 46 70 79 87 
 79 44 74 35 87 99 
 61 76 29 59 39 28 
 75 5 58 49 20 43 
 73 59 97 98 37 98 
 28 71 73 99 63 1 
 36 100 6 66 11 42 
 28 93 24 40 69 73 
 48 40 82 43 83 96 
 61 83 38 3 84 64 
 22 57 69 6 55 61 
 92 33 44 76 36 69 
 49 77 56 8 61 33 
 47 42 33 84 39 89 
 93 5 50 58 38 56 
 17 46 49 27 62 41 
 22 81 45 61 93 22 
 39 99 58 32 14 28 
 38 14 60 4 23 23 
 5 27 47 76 95 11 
 75 39 63 0 33 90 
 75 67 97 87 42 78 
 59 82 90 39 1 36 
 92 64 9 46 76 28 
 29 92 16 14 74 24 
 3 22 41 37 90 60 
 13 92 72 22 46 96 
 27 84 38 12 23 42 
 97 51 77 42 52 70 
 92 62 82 12 21 16 
 89 82 46 42 46 96 
 9 98 56 58 78 91 
 44 27 89 10 24 4 
 69 21 7 9 26 19 
 23 85 29 87 67 19 
 45 71 17 91 30 96 
 12 30 93 98 8 42 
 56 67 32 37 34 6 
 36 78 56 43 19 89 
 6 26 45 58 42 29 
 81 88 28 15 59 11 
 20 48 35 87 93 89 
 60 86 87 6 38 15 
 38 91 91 23 91 49 
 27 83 21 61 89 91 
 71 4 18 87 11 15 
 77 27 96 84 40 75 
 98 5 95 26 3 53 
 52 79 41 54 25 92 
 63 35 16 85 74 63 
 82 22 72 52 94 53 
 65 53 18 30 85 80 
 5 40 53 57 15 68 
 9 14 45 50 74 33 
 0 48 85 17 14 91 
 41 33 61 68 88 8 
 23 64 77 68 83 32 
 78 26 75 20 94 7 
 73 69 78 95 24 8 
 99 49 15 4 90 59 
 98 32 8 6 17 44 
 71 53 41 39 66 36 
 19 30 15 7 45 32 
 6 7 30 78 17 54 
 14 41 92 89 20 43 
 71 65 58 44 91 64 
 17 62 65 98 32 13 
 50 100 39 37 29 6 
 22 91 34 26 42 68 
 1 36 100 75 90 43 
 30 12 80 64 55 98 
 98 12 17 56 18 93 
 20 89 69 49 62 93 
 17 62 95 13 63 81 
 91 91 99 95 89 64 
 73 77 11 37 5 34 
 91 10 54 12 39 49 
 87 89 79 68 45 92 
 46 44 60 47 87 6 
 62 76 46 35 66 71 
 29 45 9 39 19 73 
 26 32 13 72 77 8 
 2 90 32 9 33 22 
 99 12 51 51 47 99 
 75 43 8 82 84 3 
 71 65 28 19 80 36 
 24 85 44 70 38 32 
 9 90 48 0 58 42 
 55 16 21 51 21 58 
 84 90 39 37 77 70 
 16 67 35 4 29 45 
 4 6 83 90 1 66 
 37 95 49 24 41 58 
 53 76 40 6 88 43 
 100 34 82 21 10 74 
 61 92 87 72 42 53 
 43 9 83 2 86 87 
 63 2 27 46 10 72 
 35 73 47 81 78 73 
 89 55 46 72 1 27 
 11 3 6 55 4 33 
 86 79 86 32 53 31 
 15 2 17 75 25 15 
 11 80 71 77 19 51 
 31 11 79 3 74 62 
 50 35 92 10 48 26 
 2 66 7 26 24 7 
 39 78 75 79 24 37 
 17 46 14 100 68 65 
 75 96 47 65 79 87 
 63 5 3 94 13 97 
 85 31 71 30 68 58 
 72 52 36 76 4 91 
 53 47 19 21 31 53 
 64 80 14 54 88 39 
 40 94 97 67 6 98 
 27 45 26 3 80 72 
 85 6 20 77 33 85 
 8 17 11 53 2 38 
 52 5 45 87 51 65 
 52 72 70 75 85 58 
 0 73 10 68 35 23 
 24 10 78 34 10 100 
 59 34 30 25 63 14 
 6 14 92 53 75 88 
 23 51 93 55 52 100 
 39 100 95 70 73 75 
 34 49 95 1 84 49 
 35 53 57 39 74 31 
 8 43 65 17 37 10 
 86 39 68 76 19 7 
 61 38 19 36 25 44 
 57 50 13 4 30 49 
 32 78 44 53 99 17 
 29 44 67 19 21 92 
 27 47 72 25 31 37 
 74 78 20 88 80 74 
 83 24 100 5 11 1 
 87 43 69 17 98 50 
 90 60 38 66 2 65 
 75 24 66 64 47 91 
 64 2 6 52 98 20 
 27 12 91 41 36 84 
 71 64 99 97 99 44 
 55 6 66 35 4 86 
 16 91 49 55 92 54 
 23 62 83 3 40 12 
 53 40 21 73 92 33 
 31 72 86 100 14 90 
 6 90 64 71 65 32 
 100 1 47 8 13 61 
 8 78 39 16 95 13 
 6 19 61 65 3 74 
 73 23 13 76 20 67 
 17 42 73 0 72 71 
 72 83 24 85 8 53 
 45 28 57 87 82 5 
 91 98 85 36 13 92 
 85 69 63 49 80 50 
 34 74 1 79 62 41 
 56 38 74 60 99 59 
 16 36 63 70 12 25 
 70 52 60 46 24 48 
 9 11 95 97 14 27 
 92 24 24 32 44 45 
 22 97 21 4 3 25 
 63 56 56 50 73 72 
 83 98 30 10 8 48 
 49 70 91 87 24 72 
 69 86 96 85 83 100 
 83 46 15 4 55 56 
 15 26 10 62 18 55 
 12 67 62 24 84 20 
 84 94 14 39 1 43 
 46 47 31 94 14 74 
 71 96 18 87 27 61 
 7 84 18 48 22 73 
 4 48 16 36 39 18 
 54 14 36 45 99 65 
 45 91 80 32 28 45 
 29 76 39 100 22 98 
 2 61 18 86 41 100 
 85 83 1 88 43 35 
 56 92 95 89 31 93 
 37 6 9 9 10 72 
 41 32 6 92 52 24 
 66 11 62 66 45 51 
 62 97 14 55 10 72 
 0 33 48 72 31 98 
 59 38 9 20 61 68 
 88 58 80 28 1 28 
 4 58 67 14 30 72 
 60 43 42 16 45 29 
 79 57 62 99 56 40 
 22 37 61 73 60 65 
 97 53 48 95 22 4 
 36 97 48 36 43 45 
 17 40 37 44 74 7 
 51 27 91 31 79 54 
 100 27 50 99 58 52 
 46 63 97 67 44 67 
 31 31 93 56 24 73 
 26 98 65 68 62 86 
 1 77 53 19 99 84 
 26 42 63 71 16 76 
 19 42 78 52 72 3 
 45 46 48 70 70 4 
 32 20 34 98 92 31 
 13 80 86 94 27 69 
 20 76 65 86 50 83 
 56 66 39 9 4 65 
 44 43 48 66 27 13 
 100 84 86 48 26 12 
 80 74 13 79 13 45 
 98 75 46 25 10 46 
 90 87 58 100 95 69 
 27 68 65 68 11 88 
 4 1 81 66 39 23 
 30 27 6 83 55 53 
 12 4 62 52 67 87 
 49 90 67 87 91 16 
 68 71 33 0 93 89 
 12 83 75 95 82 88 
 80 19 57 33 48 42 
 88 22 45 24 8 54 
 34 41 52 89 10 68 
 70 53 86 34 63 47 
 28 36 87 49 10 48 
 100 67 67 51 99 28 
 31 64 10 37 73 15 
 27 58 26 70 26 20 
 64 51 28 52 25 66 
 18 78 99 64 17 29 
 36 4 5 85 55 16 
 26 25 100 74 20 85 
 13 8 56 73 85 91 
 73 11 67 33 91 100 
 41 5 79 20 77 24 
 36 82 27 92 15 73 
 67 51 34 87 8 34 
 70 1 85 70 31 43 
 56 64 45 88 41 15 
 59 77 55 72 70 22 
 30 7 77 51 21 44 
 98 32 60 86 57 49 
 57 46 40 68 83 31 
 61 26 52 16 7 50 
 61 75 83 91 32 71 
 10 25 62 96 5 26 
 84 99 95 74 11 64 
 45 11 60 35 66 99 
 3 46 49 64 75 14 
 58 38 87 41 90 55 
 10 68 33 31 39 42 
 41 21 35 72 48 93 
 0 28 72 42 82 2 
 85 35 59 40 30 39 
 17 73 4 72 78 69 
 66 72 14 4 17 32 
 28 86 67 88 86 76 
 29 33 43 93 16 43 
 26 50 22 89 70 84 
 7 99 79 62 48 28 
 49 31 15 55 79 9 
 100 43 93 23 1 99 
 11 82 8 25 8 36 
 56 6 6 52 33 43 
 11 64 87 58 48 76 
 97 81 15 47 64 90 
 48 43 59 6 34 45 
 46 26 46 94 27 56 
 75 73 76 18 17 74 
 56 39 87 63 89 53 
 19 26 11 32 16 69 
 20 33 72 92 24 56 
 34 54 37 6 10 33 
 53 33 14 19 4 31 
 82 29 63 94 93 72 
 2 86 57 78 24 40 
 9 18 94 76 99 38 
 61 34 56 71 73 51 
 70 56 48 13 26 50 
 92 18 29 14 72 17 
 9 84 91 27 92 26 
 78 5 94 68 28 17 
 98 35 97 63 55 6 
 40 30 73 38 86 81 
 67 78 33 51 23 83 
 72 89 28 0 18 8 
 61 32 65 9 96 26 
 74 86 21 97 85 80 
 61 27 20 57 88 99 
 59 94 26 24 49 74 
 46 10 31 13 62 87 
 15 80 71 100 12 65 
 36 51 57 72 6 3 
 54 33 55 58 78 64 
 52 59 3 82 83 67 
 25 16 80 45 96 32 
 33 1 14 2 15 21 
 53 100 69 95 63 35 
 1 37 41 46 14 46 
 99 1 60 27 67 73 
 84 61 97 28 59 42 
 54 9 66 60 19 40 
 89 39 79 8 36 66 
 8 18 83 98 20 16 
 44 19 10 26 76 55 
 89 27 78 54 74 14 
 18 46 92 81 10 80 
 3 59 56 37 8 25 
 41 87 13 68 3 47 
 23 93 68 50 62 85 
 95 26 97 27 60 13 
 21 35 54 3 17 80 
 91 59 27 55 75 67 
 10 48 3 36 16 29 
 38 83 64 59 49 33 
 55 86 69 28 34 53 
 100 93 79 84 55 36 
 83 4 40 59 61 21 
 24 24 31 12 72 18 
 0 75 97 74 99 96 
 82 70 19 84 14 35 
 98 42 23 15 77 70 
 40 70 31 39 6 4 
 51 72 19 20 6 40 
 67 92 65 40 21 58 
 2 42 47 85 7 96 
 42 48 98 78 50 58 
 67 29 86 26 74 49 
 99 18 61 37 34 59 
 35 13 34 95 64 24 
 6 32 82 3 6 100 
 66 68 78 82 30 70 
 34 78 59 10 25 30 
 96 35 88 97 78 83 
 33 42 61 33 63 21 
 92 55 67 63 29 51 
 93 87 74 74 36 53 
 81 28 90 33 52 1 
 32 67 55 21 47 16 
 60 26 1 19 38 14 
 87 58 92 48 1 65 
 21 63 6 44 88 3 
 24 35 82 65 80 33 
 43 42 33 71 59 31 
 3 95 69 29 79 83 
 80 60 1 31 21 60 
 67 86 100 100 5 4 
 84 80 22 33 31 71 
 35 15 51 98 25 99 
 90 57 58 72 98 70 
 88 42 79 43 79 82 
 68 58 10 85 98 83 
 42 8 75 0 93 51 
 89 81 29 61 41 15 
 98 42 100 16 70 31 
 53 2 14 56 92 61 
 53 36 96 93 39 77 
 69 57 34 83 54 13 
 77 28 91 92 29 91 
 23 66 67 99 21 22 
 9 64 100 17 89 98 
 94 92 93 22 69 14 
 45 77 39 74 25 60 
 10 69 68 93 38 43 
 57 19 94 22 46 12 
 73 48 38 56 24 44 
 8 18 25 99 31 3 
 82 94 56 40 90 10 
 69 99 55 90 65 68 
 72 46 57 90 87 9 
 68 48 18 3 39 67 
 34 78 36 50 56 52 
 41 59 79 69 59 89 
 98 4 100 32 61 57 
 52 91 68 16 93 16 
 96 58 83 93 28 76 
 77 23 46 5 57 56 
 52 24 59 56 87 86 
 47 87 14 18 96 93 
 63 83 97 60 60 3 
 55 31 63 51 5 8 
 14 18 24 83 97 82 
 3 89 94 67 7 13 
 41 80 38 15 88 6 
 3 90 88 84 78 8 
 59 75 82 61 97 93 
 0 94 38 98 25 67 
 19 54 8 37 61 28 
 96 53 69 79 59 76 
 97 62 73 18 32 50 
 52 35 95 53 3 20 
 6 30 70 40 93 90 
 9 69 76 3 92 8 
 39 14 43 96 60 18 
 67 53 28 20 22 42 
 78 85 97 81 3 69 
 100 74 98 66 64 56 
 9 19 42 60 92 32 
 66 71 37 46 56 51 
 89 100 17 69 51 52 
 60 88 54 10 84 37 
 22 46 23 98 5 53 
 11 20 74 84 67 94 
 70 20 4 99 66 51 
 76 27 11 71 36 53 
 100 87 81 25 12 2 
 28 58 100 25 83 59 
 61 13 75 52 42 46 
 79 68 16 41 86 11 
 71 25 42 90 94 66 
 81 59 3 66 34 23 
 71 71 25 72 35 3 
 5 64 25 42 60 89 
 68 71 40 66 19 87 
 85 87 56 10 18 35 
 45 88 58 47 1 17 
 49 22 45 40 82 53 
 97 7 47 39 8 90 
 34 53 38 95 2 32 
 74 51 94 0 99 64 
 39 66 23 46 13 10 
 30 83 8 24 2 49 
 51 55 85 58 33 2 
 6 79 82 5 5 54 
 74 15 24 41 54 92 
 8 49 24 21 52 51 
 24 92 6 90 37 96 
 18 46 99 42 74 11 
 73 12 75 98 65 67 
 4 37 23 49 87 16 
 71 13 21 11 47 11 
 82 58 9 53 9 81 
 13 44 20 98 75 62 
 10 79 68 43 46 87 
 49 53 78 44 43 37 
 95 34 79 51 21 5 
 6 29 3 60 10 3 
 19 83 88 90 87 53 
 50 6 63 36 67 93 
 64 61 90 35 90 85 
 57 69 65 69 1 78 
 71 71 85 74 11 83 
 2 34 9 62 86 60 
 4 77 30 99 19 60 
 18 31 9 22 14 94 
 52 48 23 74 82 49 
 62 43 16 96 32 55 
 3 75 90 81 64 94 
 29 58 88 32 88 81 
 14 13 99 74 25 36 
 37 89 55 66 59 1 
 23 39 10 45 9 82 
 85 65 99 89 38 99 
 0 38 99 91 9 65 
 40 17 24 37 9 70 
 9 22 65 64 54 79 
 41 9 22 9 69 33 
 29 100 89 86 33 80 
 32 77 36 98 98 48 
 42 30 37 79 22 22 
 22 10 76 68 39 96 
 64 33 94 2 87 86 
 26 35 23 63 44 45 
 15 32 80 34 87 65 
 15 87 14 97 88 10 
 17 23 33 36 69 85 
 72 91 6 32 19 31 
 7 63 3 91 76 19 
 69 98 19 81 60 39 
 100 1 1 2 3 38 
 90 29 91 63 1 62 
 39 93 39 5 50 44 
 53 48 18 4 18 28 
 93 27 6 3 20 81 
 59 64 69 6 32 33 
 73 44 25 28 80 27 
 58 85 92 71 45 21 
 22 89 18 77 17 21 
 25 96 43 91 87 91 
 57 27 6 100 56 17 
 80 87 59 44 26 10 
 93 36 43 62 10 28 
 51 29 27 16 40 99 
 87 52 40 46 83 39 
 60 36 64 37 100 28 
 20 88 35 9 96 81 
 98 64 38 0 83 83 
 16 61 18 24 11 3 
 74 57 13 55 88 21 
 34 21 19 58 59 22 
 60 17 28 66 23 81 
 31 63 65 80 89 88 
 77 51 95 72 52 5 
 36 29 81 14 54 12 
 63 57 98 31 17 78 
 51 26 84 40 7 6 
 13 87 50 46 2 92 
 70 95 16 8 43 46 
 5 27 88 68 62 12 
 59 67 17 91 68 94 
 82 47 34 68 100 17 
 9 23 45 84 98 20 
 10 85 14 6 46 30 
 50 96 45 56 92 13 
 57 83 77 89 89 76 
 9 61 61 32 85 90 
 49 40 64 5 63 78 
 1 80 25 94 34 30 
 5 67 12 53 3 71 
 65 73 98 27 90 20 
 94 47 65 17 70 89 
 95 27 30 1 59 96 
 63 82 80 35 27 71 
 79 46 67 96 98 76 
 30 90 42 43 26 89 
 40 51 55 89 73 55 
 18 34 96 82 29 59 
 57 64 17 92 77 77 
 59 57 61 80 59 96 
 82 29 25 39 99 83 
 0 61 42 81 34 7 
 22 17 31 39 2 94 
 51 87 100 16 70 12 
 30 97 91 14 25 97 
 93 83 49 29 60 41 
 89 14 42 6 15 60 
 5 44 68 6 44 49 
 29 18 18 91 70 80 
 55 74 19 71 98 65 
 6 59 42 45 56 46 
 70 34 57 95 68 93 
 22 76 98 51 87 27 
 36 85 30 64 76 73 
 83 69 58 26 20 51 
 46 83 56 29 13 42 
 43 73 7 19 6 29 
 57 70 32 97 88 57 
 64 28 38 4 92 22 
 34 1 22 21 99 17 
 7 34 72 87 75 21 
 1 27 80 100 28 70 
 66 92 65 5 28 93 
 42 10 73 34 61 97 
 25 28 54 4 22 94 
 29 76 26 9 29 96 
 68 13 90 76 69 54 
 63 12 28 67 99 31 
 80 13 53 46 4 19 
 20 68 81 42 86 42 
 87 40 65 86 27 29 
 8 6 68 20 83 64 
 68 70 34 87 68 19 
 40 26 70 61 67 66 
 91 83 61 0 80 51 
 81 97 21 71 36 14 
 7 68 34 72 66 3 
 93 75 14 62 15 63 
 10 65 89 22 43 70 
 67 36 30 32 50 55 
 62 60 92 19 55 41 
 93 25 9 31 68 59 
 87 70 37 48 36 94 
 18 19 46 42 96 53 
 85 71 37 67 32 7 
 79 30 88 62 7 43 
 45 33 95 92 34 20 
 2 94 38 43 84 8 
 65 61 1 74 57 35 
 92 29 75 55 20 74 
 33 26 87 62 69 29 
 73 96 94 56 47 100 
 41 30 82 36 55 84 
 11 92 33 71 34 84 
 43 27 32 33 52 11 
 18 3 29 60 15 67 
 80 97 33 5 29 36 
 84 96 76 10 99 85 
 25 44 54 67 92 54 
 64 14 86 58 61 42 
 1 17 41 78 31 6 
 26 30 77 59 67 47 
 20 93 93 59 97 36 
 11 59 13 32 33 1 
 33 34 36 19 77 97 
 41 9 83 16 30 82 
 88 57 30 74 19 41 
 19 23 9 16 42 80 
 0 19 86 74 50 100 
 26 65 82 52 71 18 
 27 84 69 81 82 47 
 30 61 18 34 93 50 
 34 13 61 61 47 46 
 54 83 7 92 3 63 
 48 10 98 91 72 64 
 83 15 14 95 65 8 
 79 36 75 45 88 76 
 33 36 49 82 60 42 
 85 96 55 57 89 47 
 36 3 69 53 57 43 
 32 86 55 66 99 91 
 76 6 36 36 31 80 
 45 95 63 15 34 99 
 1 42 8 61 57 36 
 61 29 86 38 28 50 
 57 15 59 12 25 31 
 20 87 77 51 88 22 
 35 32 29 23 35 94 
 37 44 74 78 33 14 
 42 4 62 47 46 86 
 95 37 56 14 61 2 
 42 81 78 8 59 24 
 87 28 45 69 47 96 
 21 76 30 48 94 69 
 52 24 16 38 63 52 
 42 62 21 43 47 39 
 80 53 93 73 62 62 
 52 93 25 19 60 41 
 2 27 42 46 32 67 
 25 5 58 33 39 86 
 84 15 54 46 65 61 
 81 51 19 0 26 69 
 49 63 56 72 1 22 
 52 29 71 24 58 80 
 26 29 36 14 89 80 
 26 97 83 22 1 78 
 28 76 99 38 88 71 
 28 58 25 87 55 8 
 82 43 73 12 3 24 
 51 80 36 18 51 40 
 21 55 60 3 73 45 
 43 49 42 67 3 11 
 82 1 33 39 1 17 
 94 49 73 64 94 25 
 15 3 10 72 46 65 
 19 46 21 93 3 24 
 23 36 35 83 82 56 
 54 83 27 96 84 51 
 41 19 93 52 50 25 
 9 60 71 4 100 85 
 80 44 41 36 99 72 
 83 47 51 52 2 80 
 49 8 63 74 82 55 
 49 64 83 100 69 49 
 55 21 52 42 92 35 
 61 46 10 99 31 68 
 2 50 84 69 4 46 
 64 10 61 90 80 34 
 11 91 74 42 63 91 
 56 23 19 78 13 5 
 75 41 32 50 77 25 
 47 29 37 47 72 76 
 78 35 63 91 80 48 
 17 21 14 98 8 13 
 40 18 34 81 86 26 
 0 30 24 6 62 38 
 19 61 5 6 66 5 
 53 80 36 24 97 14 
 88 10 50 97 66 37 
 2 80 12 8 60 73 
 54 71 50 21 94 1 
 28 35 66 62 10 55 
 54 8 47 62 39 22 
 5 71 62 98 9 27 
 22 33 61 73 86 27 
 52 96 14 25 68 24 
 16 71 72 32 10 19 
 7 35 87 51 59 30 
 64 20 12 42 97 19 
 20 35 100 51 20 90 
 44 13 52 66 52 20 
 87 84 91 53 31 92 
 79 95 7 30 69 74 
 70 98 40 90 29 2 
 40 78 21 72 64 36 
 8 85 17 100 69 55 
 9 30 64 25 69 67 
 99 97 29 56 10 13 
 10 45 76 42 76 52 
 16 61 99 50 24 91 
 18 20 53 93 50 32 
 45 84 18 64 14 87 
 71 88 60 18 67 48 
 33 21 46 31 16 70 
 88 48 1 39 65 57 
 38 28 26 4 14 98 
 28 42 73 97 35 42 
 37 10 17 24 7 97 
 74 69 30 0 